timestamp,department_id,arrivals,completions,queue_length,avg_wait_minutes,available_doctors,available_beds
2025-01-01T00:00:00,1,0,1,7,14.0,7,28
2025-01-01T01:00:00,1,4,8,3,11.8,3,29
2025-01-01T02:00:00,1,1,0,4,11.7,4,29
2025-01-01T03:00:00,1,0,0,4,8.0,5,29
2025-01-01T04:00:00,1,8,5,7,29.8,3,28
2025-01-01T05:00:00,1,3,1,9,16.8,7,27
2025-01-01T06:00:00,1,6,5,10,31.9,4,26
2025-01-01T07:00:00,1,4,1,13,39.6,4,25
2025-01-01T08:00:00,1,3,4,12,20.5,7,26
2025-01-01T09:00:00,1,16,14,14,20.7,8,25
2025-01-01T10:00:00,1,10,7,17,31.1,7,24
2025-01-01T11:00:00,1,19,11,25,73.4,4,20
2025-01-01T12:00:00,1,13,8,30,44.2,8,18
2025-01-01T13:00:00,1,13,13,30,50.4,7,18
2025-01-01T14:00:00,1,14,11,33,67.6,6,17
2025-01-01T15:00:00,1,11,8,36,144.2,3,16
2025-01-01T16:00:00,1,12,11,37,146.1,3,16
2025-01-01T17:00:00,1,3,9,31,92.9,4,18
2025-01-01T18:00:00,1,8,6,33,64.2,6,17
2025-01-01T19:00:00,1,4,2,35,58.8,7,16
2025-01-01T20:00:00,1,0,0,35,59.0,7,16
2025-01-01T21:00:00,1,2,0,37,220.8,2,16
2025-01-01T22:00:00,1,4,5,36,106.3,4,16
2025-01-01T23:00:00,1,0,3,33,51.1,8,17
2025-01-02T00:00:00,1,5,3,35,69.2,6,16
2025-01-02T01:00:00,1,3,5,33,198.7,2,17
2025-01-02T02:00:00,1,3,2,34,203.4,2,17
2025-01-02T03:00:00,1,7,7,34,203.1,2,17
2025-01-02T04:00:00,1,0,0,34,69.1,6,17
2025-01-02T05:00:00,1,0,0,34,136.4,3,17
2025-01-02T06:00:00,1,0,3,31,48.0,8,18
2025-01-02T07:00:00,1,3,2,32,47.3,8,18
2025-01-02T08:00:00,1,5,4,33,64.8,6,17
2025-01-02T09:00:00,1,16,14,35,141.9,3,16
2025-01-02T10:00:00,1,14,10,39,65.3,7,15
2025-01-02T11:00:00,1,15,11,43,102.6,5,13
2025-01-02T12:00:00,1,17,13,47,93.0,6,12
2025-01-02T13:00:00,1,18,13,52,87.7,7,10
2025-01-02T14:00:00,1,16,16,52,155.7,4,10
2025-01-02T15:00:00,1,14,9,57,229.2,3,8
2025-01-02T16:00:00,1,15,15,57,226.8,3,8
2025-01-02T17:00:00,1,4,1,60,179.0,4,6
2025-01-02T18:00:00,1,5,7,58,230.1,3,7
2025-01-02T19:00:00,1,1,0,59,353.0,2,7
2025-01-02T20:00:00,1,2,3,58,114.5,6,7
2025-01-02T21:00:00,1,0,0,58,348.7,2,7
2025-01-02T22:00:00,1,2,3,57,96.9,7,8
2025-01-02T23:00:00,1,4,0,61,90.9,8,6
2025-01-03T00:00:00,1,0,0,61,244.4,3,6
2025-01-03T01:00:00,1,1,0,62,94.8,8,6
2025-01-03T02:00:00,1,9,7,64,129.1,6,5
2025-01-03T03:00:00,1,4,6,62,184.1,4,6
2025-01-03T04:00:00,1,4,0,66,158.8,5,4
2025-01-03T05:00:00,1,8,6,68,203.5,4,3
2025-01-03T06:00:00,1,4,6,66,196.4,4,4
2025-01-03T07:00:00,1,5,3,68,118.1,7,3
2025-01-03T08:00:00,1,6,4,70,120.8,7,2
2025-01-03T09:00:00,1,5,0,75,224.5,4,0
2025-01-03T10:00:00,1,14,9,80,138.4,7,0
2025-01-03T11:00:00,1,16,11,85,511.9,2,0
2025-01-03T12:00:00,1,17,12,90,180.3,6,0
2025-01-03T13:00:00,1,17,14,93,185.8,6,0
2025-01-03T14:00:00,1,14,13,94,282.5,4,0
2025-01-03T15:00:00,1,14,7,101,202.0,6,0
2025-01-03T16:00:00,1,13,5,109,434.4,3,0
2025-01-03T17:00:00,1,4,1,112,169.5,8,0
2025-01-03T18:00:00,1,0,0,112,671.3,2,0
2025-01-03T19:00:00,1,4,2,114,683.3,2,0
2025-01-03T20:00:00,1,4,4,114,227.4,6,0
2025-01-03T21:00:00,1,6,4,116,694.1,2,0
2025-01-03T22:00:00,1,5,0,121,288.7,5,0
2025-01-03T23:00:00,1,0,0,121,181.7,8,0
2025-01-04T00:00:00,1,0,0,121,242.4,6,0
2025-01-04T01:00:00,1,8,7,122,294.5,5,0
2025-01-04T02:00:00,1,6,1,127,218.4,7,0
2025-01-04T03:00:00,1,2,0,129,191.8,8,0
2025-01-04T04:00:00,1,5,2,132,225.2,7,0
2025-01-04T05:00:00,1,4,5,131,260.8,6,0
2025-01-04T06:00:00,1,5,0,136,326.7,5,0
2025-01-04T07:00:00,1,10,5,141,241.3,7,0
2025-01-04T08:00:00,1,8,7,142,567.4,3,0
2025-01-04T09:00:00,1,10,7,145,247.4,7,0
2025-01-04T10:00:00,1,16,12,149,256.9,7,0
2025-01-04T11:00:00,1,15,11,153,260.6,7,0
2025-01-04T12:00:00,1,13,9,157,315.5,6,0
2025-01-04T13:00:00,1,17,14,160,640.3,3,0
2025-01-04T14:00:00,1,14,9,165,395.8,5,0
2025-01-04T15:00:00,1,10,10,165,989.9,2,0
2025-01-04T16:00:00,1,15,12,168,504.2,4,0
2025-01-04T17:00:00,1,10,7,171,513.5,4,0
2025-01-04T18:00:00,1,6,4,173,295.7,7,0
2025-01-04T19:00:00,1,6,5,174,297.2,7,0
2025-01-04T20:00:00,1,6,2,178,267.1,8,0
2025-01-04T21:00:00,1,8,5,181,724.7,3,0
2025-01-04T22:00:00,1,3,2,182,438.3,5,0
2025-01-04T23:00:00,1,0,2,180,433.3,5,0
2025-01-05T00:00:00,1,6,2,184,553.3,4,0
2025-01-05T01:00:00,1,3,0,187,749.4,3,0
2025-01-05T02:00:00,1,3,7,183,367.6,6,0
2025-01-05T03:00:00,1,4,3,184,440.7,5,0
2025-01-05T04:00:00,1,2,1,185,739.9,3,0
2025-01-05T05:00:00,1,4,1,188,751.4,3,0
2025-01-05T06:00:00,1,2,4,186,318.0,7,0
2025-01-05T07:00:00,1,1,1,186,447.7,5,0
2025-01-05T08:00:00,1,2,3,185,1109.7,2,0
2025-01-05T09:00:00,1,15,14,186,1115.8,2,0
2025-01-05T10:00:00,1,12,7,191,328.1,7,0
2025-01-05T11:00:00,1,15,11,195,390.4,6,0
2025-01-05T12:00:00,1,16,12,199,1192.5,2,0
2025-01-05T13:00:00,1,16,12,203,406.4,6,0
2025-01-05T14:00:00,1,13,10,206,1237.0,2,0
2025-01-05T15:00:00,1,12,10,208,1247.8,2,0
2025-01-05T16:00:00,1,13,10,211,423.5,6,0
2025-01-05T17:00:00,1,9,9,211,842.2,3,0
2025-01-05T18:00:00,1,0,0,211,631.7,4,0
2025-01-05T19:00:00,1,3,0,214,428.6,6,0
2025-01-05T20:00:00,1,1,4,211,634.1,4,0
2025-01-05T21:00:00,1,0,2,209,1253.6,2,0
2025-01-05T22:00:00,1,5,6,208,831.8,3,0
2025-01-05T23:00:00,1,9,6,211,1264.7,2,0
2025-01-06T00:00:00,1,7,5,213,317.8,8,0
2025-01-06T01:00:00,1,8,8,213,366.9,7,0
2025-01-06T02:00:00,1,5,6,212,636.9,4,0
2025-01-06T03:00:00,1,0,0,212,319.3,8,0
2025-01-06T04:00:00,1,9,10,211,360.9,7,0
2025-01-06T05:00:00,1,3,0,214,642.9,4,0
2025-01-06T06:00:00,1,3,1,216,371.0,7,0
2025-01-06T07:00:00,1,6,5,217,327.1,8,0
2025-01-06T08:00:00,1,2,3,216,865.7,3,0
2025-01-06T09:00:00,1,21,15,222,379.9,7,0
2025-01-06T10:00:00,1,12,7,227,452.1,6,0
2025-01-06T11:00:00,1,8,2,233,1397.1,2,0
2025-01-06T12:00:00,1,12,12,233,930.0,3,0
2025-01-06T13:00:00,1,14,10,237,567.4,5,0
2025-01-06T14:00:00,1,14,9,242,363.7,8,0
2025-01-06T15:00:00,1,13,10,245,981.5,3,0
2025-01-06T16:00:00,1,20,18,247,739.6,4,0
2025-01-06T17:00:00,1,5,0,252,503.9,6,0
2025-01-06T18:00:00,1,2,2,252,605.3,5,0
2025-01-06T19:00:00,1,3,3,252,1009.4,3,0
2025-01-06T20:00:00,1,3,3,252,1513.5,2,0
2025-01-06T21:00:00,1,4,1,255,510.5,6,0
2025-01-06T22:00:00,1,2,3,254,1015.7,3,0
2025-01-06T23:00:00,1,2,2,254,380.3,8,0
2025-01-07T00:00:00,1,2,2,254,507.3,6,0
2025-01-07T01:00:00,1,9,9,254,611.2,5,0
2025-01-07T02:00:00,1,0,0,254,1016.9,3,0
2025-01-07T03:00:00,1,0,0,254,382.5,8,0
2025-01-07T04:00:00,1,3,1,256,511.8,6,0
2025-01-07T05:00:00,1,0,0,256,1023.0,3,0
2025-01-07T06:00:00,1,7,7,256,384.3,8,0
2025-01-07T07:00:00,1,7,6,257,384.7,8,0
2025-01-07T08:00:00,1,7,4,260,1561.5,2,0
2025-01-07T09:00:00,1,15,12,263,1051.8,3,0
2025-01-07T10:00:00,1,14,11,266,1065.2,3,0
2025-01-07T11:00:00,1,14,15,265,1058.9,3,0
2025-01-07T12:00:00,1,16,10,271,1626.5,2,0
2025-01-07T13:00:00,1,17,15,273,817.7,4,0
2025-01-07T14:00:00,1,16,13,276,413.4,8,0
2025-01-07T15:00:00,1,12,10,278,1669.1,2,0
2025-01-07T16:00:00,1,10,6,282,485.2,7,0
2025-01-07T17:00:00,1,1,0,283,1132.9,3,0
2025-01-07T18:00:00,1,9,8,284,1137.4,3,0
2025-01-07T19:00:00,1,4,5,283,679.1,5,0
2025-01-07T20:00:00,1,2,1,284,1703.7,2,0
2025-01-07T21:00:00,1,0,0,284,680.9,5,0
2025-01-07T22:00:00,1,6,4,286,571.6,6,0
2025-01-07T23:00:00,1,8,7,287,493.9,7,0
2025-01-08T00:00:00,1,0,0,287,574.9,6,0
2025-01-08T01:00:00,1,6,8,285,1140.9,3,0
2025-01-08T02:00:00,1,9,9,285,1710.1,2,0
2025-01-08T03:00:00,1,7,7,285,569.2,6,0
2025-01-08T04:00:00,1,4,1,288,492.0,7,0
2025-01-08T05:00:00,1,0,3,285,856.2,4,0
2025-01-08T06:00:00,1,2,2,285,1138.9,3,0
2025-01-08T07:00:00,1,6,4,287,573.4,6,0
2025-01-08T08:00:00,1,1,0,288,1726.4,2,0
2025-01-08T09:00:00,1,14,14,288,1728.1,2,0
2025-01-08T10:00:00,1,12,9,291,1163.0,3,0
2025-01-08T11:00:00,1,10,9,292,701.5,5,0
2025-01-08T12:00:00,1,14,13,293,1757.0,2,0
2025-01-08T13:00:00,1,12,11,294,439.4,8,0
2025-01-08T14:00:00,1,14,6,302,725.8,5,0
2025-01-08T15:00:00,1,12,7,307,919.7,4,0
2025-01-08T16:00:00,1,13,9,311,746.0,5,0
2025-01-08T17:00:00,1,3,4,310,463.4,8,0
2025-01-08T18:00:00,1,4,0,314,629.4,6,0
2025-01-08T19:00:00,1,3,2,315,472.9,8,0
2025-01-08T20:00:00,1,4,0,319,477.2,8,0
2025-01-08T21:00:00,1,0,0,319,1914.8,2,0
2025-01-08T22:00:00,1,5,0,324,555.7,7,0
2025-01-08T23:00:00,1,5,2,327,655.8,6,0
2025-01-09T00:00:00,1,7,7,327,489.5,8,0
2025-01-09T01:00:00,1,2,2,327,784.3,5,0
2025-01-09T02:00:00,1,8,6,329,1975.5,2,0
2025-01-09T03:00:00,1,7,1,335,1339.0,3,0
2025-01-09T04:00:00,1,2,4,333,499.6,8,0
2025-01-09T05:00:00,1,0,0,333,1333.1,3,0
2025-01-09T06:00:00,1,1,1,333,499.6,8,0
2025-01-09T07:00:00,1,0,0,333,572.1,7,0
2025-01-09T08:00:00,1,0,0,333,500.9,8,0
2025-01-09T09:00:00,1,20,15,338,508.8,8,0
2025-01-09T10:00:00,1,17,12,343,1027.3,4,0
2025-01-09T11:00:00,1,14,13,344,1375.7,3,0
2025-01-09T12:00:00,1,20,14,350,1399.6,3,0
2025-01-09T13:00:00,1,15,12,353,606.4,7,0
2025-01-09T14:00:00,1,12,8,357,2143.5,2,0
2025-01-09T15:00:00,1,11,6,362,1084.8,4,0
2025-01-09T16:00:00,1,20,14,368,734.7,6,0
2025-01-09T17:00:00,1,4,3,369,1106.4,4,0
2025-01-09T18:00:00,1,4,0,373,561.4,8,0
2025-01-09T19:00:00,1,4,1,376,753.1,6,0
2025-01-09T20:00:00,1,2,0,378,2266.2,2,0
2025-01-09T21:00:00,1,4,1,381,571.5,8,0
2025-01-09T22:00:00,1,5,0,386,773.1,6,0
2025-01-09T23:00:00,1,2,3,385,576.9,8,0
2025-01-10T00:00:00,1,6,5,386,660.8,7,0
2025-01-10T01:00:00,1,3,6,383,919.9,5,0
2025-01-10T02:00:00,1,5,6,382,571.7,8,0
2025-01-10T03:00:00,1,4,2,384,575.4,8,0
2025-01-10T04:00:00,1,2,0,386,1543.2,3,0
2025-01-10T05:00:00,1,4,4,386,1542.8,3,0
2025-01-10T06:00:00,1,5,6,385,659.7,7,0
2025-01-10T07:00:00,1,2,0,387,773.3,6,0
2025-01-10T08:00:00,1,4,3,388,930.3,5,0
2025-01-10T09:00:00,1,12,11,389,779.8,6,0
2025-01-10T10:00:00,1,20,16,393,591.5,8,0
2025-01-10T11:00:00,1,19,16,396,951.6,5,0
2025-01-10T12:00:00,1,14,11,399,1596.2,3,0
2025-01-10T13:00:00,1,15,11,403,690.2,7,0
2025-01-10T14:00:00,1,13,10,406,1622.1,3,0
2025-01-10T15:00:00,1,15,14,407,611.6,8,0
2025-01-10T16:00:00,1,8,6,409,614.5,8,0
2025-01-10T17:00:00,1,1,0,410,1228.9,4,0
2025-01-10T18:00:00,1,2,1,411,821.7,6,0
2025-01-10T19:00:00,1,4,2,413,707.2,7,0
2025-01-10T20:00:00,1,4,5,412,823.7,6,0
2025-01-10T21:00:00,1,2,1,413,2476.4,2,0
2025-01-10T22:00:00,1,3,3,413,707.0,7,0
2025-01-10T23:00:00,1,7,7,413,827.9,6,0
2025-01-11T00:00:00,1,9,6,416,1246.2,4,0
2025-01-11T01:00:00,1,9,7,418,717.4,7,0
2025-01-11T02:00:00,1,4,3,419,1676.7,3,0
2025-01-11T03:00:00,1,4,7,416,830.7,6,0
2025-01-11T04:00:00,1,0,2,414,1244.0,4,0
2025-01-11T05:00:00,1,1,2,413,989.3,5,0
2025-01-11T06:00:00,1,3,3,413,991.8,5,0
2025-01-11T07:00:00,1,0,0,413,824.1,6,0
2025-01-11T08:00:00,1,4,3,414,1240.6,4,0
2025-01-11T09:00:00,1,16,12,418,1001.7,5,0
2025-01-11T10:00:00,1,13,11,420,1680.4,3,0
2025-01-11T11:00:00,1,14,8,426,2557.1,2,0
2025-01-11T12:00:00,1,18,12,432,1727.2,3,0
2025-01-11T13:00:00,1,20,16,436,2616.0,2,0
2025-01-11T14:00:00,1,15,14,437,1747.1,3,0
2025-01-11T15:00:00,1,9,6,440,1758.4,3,0
2025-01-11T16:00:00,1,14,8,446,1070.4,5,0
2025-01-11T17:00:00,1,1,0,447,768.2,7,0
2025-01-11T18:00:00,1,6,3,450,1800.6,3,0
2025-01-11T19:00:00,1,0,0,450,770.8,7,0
2025-01-11T20:00:00,1,3,5,448,670.8,8,0
2025-01-11T21:00:00,1,3,4,447,669.9,8,0
2025-01-11T22:00:00,1,7,6,448,1344.0,4,0
2025-01-11T23:00:00,1,0,0,448,1792.4,3,0
2025-01-12T00:00:00,1,8,4,452,774.9,7,0
2025-01-12T01:00:00,1,3,7,448,2689.4,2,0
2025-01-12T02:00:00,1,7,4,451,1351.4,4,0
2025-01-12T03:00:00,1,0,0,451,774.1,7,0
2025-01-12T04:00:00,1,4,4,451,2707.9,2,0
2025-01-12T05:00:00,1,4,2,453,1811.7,3,0
2025-01-12T06:00:00,1,4,0,457,2742.8,2,0
2025-01-12T07:00:00,1,3,7,453,1811.7,3,0
2025-01-12T08:00:00,1,3,1,455,779.1,7,0
2025-01-12T09:00:00,1,14,12,457,781.9,7,0
2025-01-12T10:00:00,1,16,11,462,694.5,8,0
2025-01-12T11:00:00,1,12,9,465,929.0,6,0
2025-01-12T12:00:00,1,12,7,470,1881.8,3,0
2025-01-12T13:00:00,1,12,8,474,1138.9,5,0
2025-01-12T14:00:00,1,20,16,478,2868.8,2,0
2025-01-12T15:00:00,1,16,14,480,2878.6,2,0
2025-01-12T16:00:00,1,10,6,484,1161.5,5,0
2025-01-12T17:00:00,1,3,1,486,972.4,6,0
2025-01-12T18:00:00,1,9,4,491,1178.8,5,0
2025-01-12T19:00:00,1,3,4,490,734.5,8,0
2025-01-12T20:00:00,1,2,3,489,1468.5,4,0
2025-01-12T21:00:00,1,6,5,490,733.6,8,0
2025-01-12T22:00:00,1,1,2,489,1173.8,5,0
2025-01-12T23:00:00,1,0,0,489,2933.3,2,0
2025-01-13T00:00:00,1,2,1,490,733.2,8,0
2025-01-13T01:00:00,1,0,0,490,1471.7,4,0
2025-01-13T02:00:00,1,4,5,489,839.9,7,0
2025-01-13T03:00:00,1,1,0,490,1174.0,5,0
2025-01-13T04:00:00,1,9,9,490,1469.6,4,0
2025-01-13T05:00:00,1,8,3,495,1188.0,5,0
2025-01-13T06:00:00,1,4,4,495,2970.5,2,0
2025-01-13T07:00:00,1,5,4,496,849.0,7,0
2025-01-13T08:00:00,1,4,3,497,1489.4,4,0
2025-01-13T09:00:00,1,14,10,501,1202.7,5,0
2025-01-13T10:00:00,1,13,10,504,3025.7,2,0
2025-01-13T11:00:00,1,13,9,508,1014.2,6,0
2025-01-13T12:00:00,1,20,18,510,1021.1,6,0
2025-01-13T13:00:00,1,10,9,511,2042.7,3,0
2025-01-13T14:00:00,1,11,6,516,1239.2,5,0
2025-01-13T15:00:00,1,17,12,521,781.2,8,0
2025-01-13T16:00:00,1,23,20,524,1049.5,6,0
2025-01-13T17:00:00,1,5,6,523,785.5,8,0
2025-01-13T18:00:00,1,2,0,525,1573.3,4,0
2025-01-13T19:00:00,1,4,4,525,1261.2,5,0
2025-01-13T20:00:00,1,3,5,523,3139.7,2,0
2025-01-13T21:00:00,1,4,6,521,1043.6,6,0
2025-01-13T22:00:00,1,6,6,521,1043.1,6,0
2025-01-13T23:00:00,1,10,9,522,1251.3,5,0
2025-01-14T00:00:00,1,3,4,521,2085.8,3,0
2025-01-14T01:00:00,1,9,9,521,1249.6,5,0
2025-01-14T02:00:00,1,1,3,519,888.9,7,0
2025-01-14T03:00:00,1,6,4,521,891.8,7,0
2025-01-14T04:00:00,1,4,4,521,2085.1,3,0
2025-01-14T05:00:00,1,3,2,522,1565.4,4,0
2025-01-14T06:00:00,1,10,6,526,1263.2,5,0
2025-01-14T07:00:00,1,5,3,528,1585.8,4,0
2025-01-14T08:00:00,1,3,4,527,3161.5,2,0
2025-01-14T09:00:00,1,18,11,534,1601.9,4,0
2025-01-14T10:00:00,1,9,7,536,917.5,7,0
2025-01-14T11:00:00,1,12,6,542,1624.5,4,0
2025-01-14T12:00:00,1,16,10,548,820.4,8,0
2025-01-14T13:00:00,1,15,13,550,824.1,8,0
2025-01-14T14:00:00,1,21,15,556,834.8,8,0
2025-01-14T15:00:00,1,22,19,559,1675.7,4,0
2025-01-14T16:00:00,1,14,11,562,1684.6,4,0
2025-01-14T17:00:00,1,6,2,566,1131.7,6,0
2025-01-14T18:00:00,1,0,0,566,2262.8,3,0
2025-01-14T19:00:00,1,2,1,567,1361.4,5,0
2025-01-14T20:00:00,1,8,4,571,1369.6,5,0
2025-01-14T21:00:00,1,9,6,574,1377.2,5,0
2025-01-14T22:00:00,1,2,4,572,1142.6,6,0
2025-01-14T23:00:00,1,4,5,571,1712.1,4,0
2025-01-15T00:00:00,1,1,2,570,2279.3,3,0
2025-01-15T01:00:00,1,0,2,568,851.1,8,0
2025-01-15T02:00:00,1,6,4,570,2280.1,3,0
2025-01-15T03:00:00,1,2,0,572,981.3,7,0
2025-01-15T04:00:00,1,4,3,573,1146.4,6,0
2025-01-15T05:00:00,1,2,0,575,1149.0,6,0
2025-01-15T06:00:00,1,2,0,577,1730.4,4,0
2025-01-15T07:00:00,1,3,0,580,995.6,7,0
2025-01-15T08:00:00,1,4,0,584,1403.6,5,0
2025-01-15T09:00:00,1,16,14,586,3514.8,2,0
2025-01-15T10:00:00,1,15,15,586,1173.2,6,0
2025-01-15T11:00:00,1,13,10,589,885.3,8,0
2025-01-15T12:00:00,1,17,13,593,2372.0,3,0
2025-01-15T13:00:00,1,15,11,597,1021.4,7,0
2025-01-15T14:00:00,1,12,5,604,906.4,8,0
2025-01-15T15:00:00,1,18,13,609,3655.6,2,0
2025-01-15T16:00:00,1,18,18,609,2436.9,3,0
2025-01-15T17:00:00,1,6,5,610,3660.1,2,0
2025-01-15T18:00:00,1,7,6,611,3665.0,2,0
2025-01-15T19:00:00,1,2,1,612,2449.5,3,0
2025-01-15T20:00:00,1,4,1,615,1476.5,5,0
2025-01-15T21:00:00,1,4,1,618,1237.1,6,0
2025-01-15T22:00:00,1,5,1,622,1068.3,7,0
2025-01-15T23:00:00,1,0,0,622,1492.7,5,0
2025-01-16T00:00:00,1,4,2,624,1496.0,5,0
2025-01-16T01:00:00,1,6,5,625,935.8,8,0
2025-01-16T02:00:00,1,1,5,621,1065.0,7,0
2025-01-16T03:00:00,1,2,2,621,1489.7,5,0
2025-01-16T04:00:00,1,1,1,621,2484.8,3,0
2025-01-16T05:00:00,1,2,1,622,2487.3,3,0
2025-01-16T06:00:00,1,1,0,623,2491.2,3,0
2025-01-16T07:00:00,1,2,0,625,939.0,8,0
2025-01-16T08:00:00,1,0,0,625,1501.8,5,0
2025-01-16T09:00:00,1,10,6,629,1257.5,6,0
2025-01-16T10:00:00,1,20,12,637,1528.0,5,0
2025-01-16T11:00:00,1,14,9,642,1100.2,7,0
2025-01-16T12:00:00,1,17,15,644,1933.2,4,0
2025-01-16T13:00:00,1,19,16,647,1941.6,4,0
2025-01-16T14:00:00,1,14,10,651,1114.1,7,0
2025-01-16T15:00:00,1,10,6,655,1963.7,4,0
2025-01-16T16:00:00,1,19,12,662,2649.7,3,0
2025-01-16T17:00:00,1,2,0,664,2657.7,3,0
2025-01-16T18:00:00,1,3,3,664,996.6,8,0
2025-01-16T19:00:00,1,3,0,667,1601.2,5,0
2025-01-16T20:00:00,1,2,0,669,1603.8,5,0
2025-01-16T21:00:00,1,6,3,672,4031.9,2,0
2025-01-16T22:00:00,1,8,9,671,1608.9,5,0
2025-01-16T23:00:00,1,0,0,671,1608.8,5,0
2025-01-17T00:00:00,1,1,2,670,4020.6,2,0
2025-01-17T01:00:00,1,0,0,670,1006.7,8,0
2025-01-17T02:00:00,1,1,1,670,1338.1,6,0
2025-01-17T03:00:00,1,0,0,670,1609.6,5,0
2025-01-17T04:00:00,1,6,3,673,2018.2,4,0
2025-01-17T05:00:00,1,4,4,673,1346.3,6,0
2025-01-17T06:00:00,1,5,2,676,4054.8,2,0
2025-01-17T07:00:00,1,1,2,675,1157.4,7,0
2025-01-17T08:00:00,1,3,1,677,2709.2,3,0
2025-01-17T09:00:00,1,16,12,681,1364.0,6,0
2025-01-17T10:00:00,1,16,10,687,1179.4,7,0
2025-01-17T11:00:00,1,14,12,689,2757.9,3,0
2025-01-17T12:00:00,1,15,13,691,4146.3,2,0
2025-01-17T13:00:00,1,14,11,694,2080.2,4,0
2025-01-17T14:00:00,1,13,13,694,1389.2,6,0
2025-01-17T15:00:00,1,15,12,697,1043.8,8,0
2025-01-17T16:00:00,1,13,8,702,1054.7,8,0
2025-01-17T17:00:00,1,4,0,706,2116.1,4,0
2025-01-17T18:00:00,1,3,2,707,2827.0,3,0
2025-01-17T19:00:00,1,7,6,708,2125.0,4,0
2025-01-17T20:00:00,1,2,2,708,1060.4,8,0
2025-01-17T21:00:00,1,11,9,710,2131.7,4,0
2025-01-17T22:00:00,1,6,6,710,4261.4,2,0
2025-01-17T23:00:00,1,4,4,710,2838.1,3,0
2025-01-18T00:00:00,1,2,2,710,1064.3,8,0
2025-01-18T01:00:00,1,9,5,714,1222.6,7,0
2025-01-18T02:00:00,1,6,4,716,1225.5,7,0
2025-01-18T03:00:00,1,1,0,717,1721.1,5,0
2025-01-18T04:00:00,1,0,1,716,2148.7,4,0
2025-01-18T05:00:00,1,0,0,716,1431.3,6,0
2025-01-18T06:00:00,1,0,0,716,2149.9,4,0
2025-01-18T07:00:00,1,2,2,716,2146.8,4,0
2025-01-18T08:00:00,1,3,7,712,4270.7,2,0
2025-01-18T09:00:00,1,9,4,717,2152.2,4,0
2025-01-18T10:00:00,1,21,16,722,1082.1,8,0
2025-01-18T11:00:00,1,16,11,727,1455.6,6,0
2025-01-18T12:00:00,1,19,14,732,1096.2,8,0
2025-01-18T13:00:00,1,19,15,736,1767.3,5,0
2025-01-18T14:00:00,1,16,11,741,1778.0,5,0
2025-01-18T15:00:00,1,12,6,747,2987.9,3,0
2025-01-18T16:00:00,1,13,9,751,2253.3,4,0
2025-01-18T17:00:00,1,3,4,750,1124.7,8,0
2025-01-18T18:00:00,1,4,5,749,4492.1,2,0
2025-01-18T19:00:00,1,2,0,751,2254.8,4,0
2025-01-18T20:00:00,1,5,4,752,2257.6,4,0
2025-01-18T21:00:00,1,0,1,751,2254.5,4,0
2025-01-18T22:00:00,1,2,3,750,1801.0,5,0
2025-01-18T23:00:00,1,10,6,754,3016.0,3,0
2025-01-19T00:00:00,1,5,0,759,1300.5,7,0
2025-01-19T01:00:00,1,6,7,758,1135.0,8,0
2025-01-19T02:00:00,1,4,2,760,3040.8,3,0
2025-01-19T03:00:00,1,4,1,763,1145.8,8,0
2025-01-19T04:00:00,1,7,7,763,2290.3,4,0
2025-01-19T05:00:00,1,0,0,763,1526.4,6,0
2025-01-19T06:00:00,1,1,2,762,2285.1,4,0
2025-01-19T07:00:00,1,4,4,762,3046.9,3,0
2025-01-19T08:00:00,1,0,1,761,4567.8,2,0
2025-01-19T09:00:00,1,11,7,765,1309.8,7,0
2025-01-19T10:00:00,1,13,12,766,1532.6,6,0
2025-01-19T11:00:00,1,15,14,767,1316.5,7,0
2025-01-19T12:00:00,1,21,13,775,3101.2,3,0
2025-01-19T13:00:00,1,18,13,780,1335.2,7,0
2025-01-19T14:00:00,1,10,10,780,4680.3,2,0
2025-01-19T15:00:00,1,17,16,781,2342.9,4,0
2025-01-19T16:00:00,1,15,11,785,4708.1,2,0
2025-01-19T17:00:00,1,3,0,788,1891.5,5,0
2025-01-19T18:00:00,1,2,2,788,4729.2,2,0
2025-01-19T19:00:00,1,5,1,792,3169.9,3,0
2025-01-19T20:00:00,1,5,5,792,1898.9,5,0
2025-01-19T21:00:00,1,7,5,794,1361.2,7,0
2025-01-19T22:00:00,1,0,0,794,1359.8,7,0
2025-01-19T23:00:00,1,4,3,795,4771.3,2,0
2025-01-20T00:00:00,1,9,7,797,1593.2,6,0
2025-01-20T01:00:00,1,4,2,799,3196.2,3,0
2025-01-20T02:00:00,1,2,1,800,1920.6,5,0
2025-01-20T03:00:00,1,0,0,800,1201.4,8,0
2025-01-20T04:00:00,1,2,0,802,1375.7,7,0
2025-01-20T05:00:00,1,2,3,801,1372.1,7,0
2025-01-20T06:00:00,1,0,0,801,4805.8,2,0
2025-01-20T07:00:00,1,2,0,803,4819.5,2,0
2025-01-20T08:00:00,1,3,2,804,4823.9,2,0
2025-01-20T09:00:00,1,15,15,804,2410.6,4,0
2025-01-20T10:00:00,1,13,8,809,1213.4,8,0
2025-01-20T11:00:00,1,19,16,812,3249.7,3,0
2025-01-20T12:00:00,1,15,7,820,1969.1,5,0
2025-01-20T13:00:00,1,17,11,826,1238.6,8,0
2025-01-20T14:00:00,1,12,8,830,1659.2,6,0
2025-01-20T15:00:00,1,17,10,837,2008.4,5,0
2025-01-20T16:00:00,1,17,13,841,1442.4,7,0
2025-01-20T17:00:00,1,5,5,841,2523.8,4,0
2025-01-20T18:00:00,1,1,0,842,3366.9,3,0
2025-01-20T19:00:00,1,4,3,843,2530.6,4,0
2025-01-20T20:00:00,1,5,4,844,5062.4,2,0
2025-01-20T21:00:00,1,0,0,844,1266.6,8,0
2025-01-20T22:00:00,1,4,0,848,1454.2,7,0
2025-01-20T23:00:00,1,0,0,848,2544.2,4,0
2025-01-21T00:00:00,1,4,2,850,3398.0,3,0
2025-01-21T01:00:00,1,6,2,854,1463.8,7,0
2025-01-21T02:00:00,1,3,3,854,3416.1,3,0
2025-01-21T03:00:00,1,1,0,855,1465.2,7,0
2025-01-21T04:00:00,1,3,2,856,3422.0,3,0
2025-01-21T05:00:00,1,3,3,856,1469.1,7,0
2025-01-21T06:00:00,1,3,2,857,5141.7,2,0
2025-01-21T07:00:00,1,5,3,859,1473.4,7,0
2025-01-21T08:00:00,1,1,0,860,1289.4,8,0
2025-01-21T09:00:00,1,14,10,864,2074.8,5,0
2025-01-21T10:00:00,1,16,12,868,3473.2,3,0
2025-01-21T11:00:00,1,14,12,870,3481.2,3,0
2025-01-21T12:00:00,1,11,7,874,1311.6,8,0
2025-01-21T13:00:00,1,16,15,875,1313.5,8,0
2025-01-21T14:00:00,1,17,11,881,2113.1,5,0
2025-01-21T15:00:00,1,15,8,888,5326.5,2,0
2025-01-21T16:00:00,1,15,13,890,2670.0,4,0
2025-01-21T17:00:00,1,6,4,892,1529.8,7,0
2025-01-21T18:00:00,1,2,5,889,2667.6,4,0
2025-01-21T19:00:00,1,3,5,887,1521.5,7,0
2025-01-21T20:00:00,1,0,0,887,1521.9,7,0
2025-01-21T21:00:00,1,8,8,887,2130.2,5,0
2025-01-21T22:00:00,1,2,7,882,1324.6,8,0
2025-01-21T23:00:00,1,7,6,883,2650.5,4,0
2025-01-22T00:00:00,1,0,0,883,2119.7,5,0
2025-01-22T01:00:00,1,3,3,883,3533.4,3,0
2025-01-22T02:00:00,1,8,0,891,2674.5,4,0
2025-01-22T03:00:00,1,6,2,895,1341.0,8,0
2025-01-22T04:00:00,1,1,0,896,3584.6,3,0
2025-01-22T05:00:00,1,6,4,898,1538.9,7,0
2025-01-22T06:00:00,1,0,0,898,5388.1,2,0
2025-01-22T07:00:00,1,0,0,898,1347.8,8,0
2025-01-22T08:00:00,1,0,0,898,1345.8,8,0
2025-01-22T09:00:00,1,11,14,895,2683.6,4,0
2025-01-22T10:00:00,1,12,8,899,1347.7,8,0
2025-01-22T11:00:00,1,8,6,901,5406.4,2,0
2025-01-22T12:00:00,1,12,11,902,5413.4,2,0
2025-01-22T13:00:00,1,9,4,907,1554.3,7,0
2025-01-22T14:00:00,1,14,10,911,1821.0,6,0
2025-01-22T15:00:00,1,8,5,914,5485.5,2,0
2025-01-22T16:00:00,1,16,10,920,2208.3,5,0
2025-01-22T17:00:00,1,5,4,921,3684.2,3,0
2025-01-22T18:00:00,1,2,5,918,1574.2,7,0
2025-01-22T19:00:00,1,4,2,920,1578.5,7,0
2025-01-22T20:00:00,1,0,2,918,2204.2,5,0
2025-01-22T21:00:00,1,2,2,918,1834.8,6,0
2025-01-22T22:00:00,1,0,0,918,2755.7,4,0
2025-01-22T23:00:00,1,8,9,917,1835.7,6,0
2025-01-23T00:00:00,1,4,3,918,1835.3,6,0
2025-01-23T01:00:00,1,1,0,919,2758.4,4,0
2025-01-23T02:00:00,1,8,3,924,3697.8,3,0
2025-01-23T03:00:00,1,0,0,924,5545.1,2,0
2025-01-23T04:00:00,1,5,5,924,3697.9,3,0
2025-01-23T05:00:00,1,2,1,925,1586.5,7,0
2025-01-23T06:00:00,1,0,1,924,1385.2,8,0
2025-01-23T07:00:00,1,3,2,925,3700.6,3,0
2025-01-23T08:00:00,1,4,5,924,1847.2,6,0
2025-01-23T09:00:00,1,16,10,930,1592.5,7,0
2025-01-23T10:00:00,1,16,14,932,1399.9,8,0
2025-01-23T11:00:00,1,12,7,937,2811.4,4,0
2025-01-23T12:00:00,1,16,10,943,3771.7,3,0
2025-01-23T13:00:00,1,11,8,946,1893.5,6,0
2025-01-23T14:00:00,1,15,12,949,2277.7,5,0
2025-01-23T15:00:00,1,21,21,949,3797.2,3,0
2025-01-23T16:00:00,1,11,6,954,3817.7,3,0
2025-01-23T17:00:00,1,4,1,957,3829.6,3,0
2025-01-23T18:00:00,1,0,0,957,5743.1,2,0
2025-01-23T19:00:00,1,4,2,959,2876.1,4,0
2025-01-23T20:00:00,1,5,4,960,2878.5,4,0
2025-01-23T21:00:00,1,4,1,963,2888.0,4,0
2025-01-23T22:00:00,1,6,2,967,1450.2,8,0
2025-01-23T23:00:00,1,3,3,967,2900.7,4,0
2025-01-24T00:00:00,1,0,0,967,1932.2,6,0
2025-01-24T01:00:00,1,5,5,967,3869.8,3,0
2025-01-24T02:00:00,1,11,8,970,2329.4,5,0
2025-01-24T03:00:00,1,0,4,966,1931.9,6,0
2025-01-24T04:00:00,1,3,3,966,3865.0,3,0
2025-01-24T05:00:00,1,1,0,967,3867.2,3,0
2025-01-24T06:00:00,1,6,3,970,2329.4,5,0
2025-01-24T07:00:00,1,2,1,971,2332.1,5,0
2025-01-24T08:00:00,1,5,3,973,3890.7,3,0
2025-01-24T09:00:00,1,12,11,974,1668.8,7,0
2025-01-24T10:00:00,1,18,16,976,3905.6,3,0
2025-01-24T11:00:00,1,9,7,978,2932.0,4,0
2025-01-24T12:00:00,1,13,9,982,5891.3,2,0
2025-01-24T13:00:00,1,13,8,987,1691.8,7,0
2025-01-24T14:00:00,1,18,16,989,1978.9,6,0
2025-01-24T15:00:00,1,14,11,992,3969.4,3,0
2025-01-24T16:00:00,1,11,10,993,1986.5,6,0
2025-01-24T17:00:00,1,1,0,994,2383.7,5,0
2025-01-24T18:00:00,1,5,7,992,2976.0,4,0
2025-01-24T19:00:00,1,4,2,994,1987.5,6,0
2025-01-24T20:00:00,1,2,0,996,2987.8,4,0
2025-01-24T21:00:00,1,1,4,993,2381.7,5,0
2025-01-24T22:00:00,1,3,1,995,3979.6,3,0
2025-01-24T23:00:00,1,2,0,997,5982.9,2,0
2025-01-25T00:00:00,1,0,0,997,2394.2,5,0
2025-01-25T01:00:00,1,1,5,993,1489.5,8,0
2025-01-25T02:00:00,1,0,0,993,2381.8,5,0
2025-01-25T03:00:00,1,5,4,994,2983.2,4,0
2025-01-25T04:00:00,1,9,7,996,1495.3,8,0
2025-01-25T05:00:00,1,2,0,998,1495.7,8,0
2025-01-25T06:00:00,1,4,3,999,2995.1,4,0
2025-01-25T07:00:00,1,0,0,999,5992.5,2,0
2025-01-25T08:00:00,1,5,7,997,1495.6,8,0
2025-01-25T09:00:00,1,19,17,999,5994.5,2,0
2025-01-25T10:00:00,1,14,11,1002,3006.5,4,0
2025-01-25T11:00:00,1,17,15,1004,3012.9,4,0
2025-01-25T12:00:00,1,21,15,1010,2018.1,6,0
2025-01-25T13:00:00,1,20,20,1010,4038.9,3,0
2025-01-25T14:00:00,1,13,9,1014,2434.3,5,0
2025-01-25T15:00:00,1,17,15,1016,1739.9,7,0
2025-01-25T16:00:00,1,14,9,1021,1751.2,7,0
2025-01-25T17:00:00,1,5,2,1024,1536.4,8,0
2025-01-25T18:00:00,1,2,3,1023,4093.4,3,0
2025-01-25T19:00:00,1,3,0,1026,6154.4,2,0
2025-01-25T20:00:00,1,5,4,1027,2054.1,6,0
2025-01-25T21:00:00,1,6,8,1025,4101.2,3,0
2025-01-25T22:00:00,1,4,3,1026,4102.3,3,0
2025-01-25T23:00:00,1,3,2,1027,3079.0,4,0
2025-01-26T00:00:00,1,0,0,1027,1540.7,8,0
2025-01-26T01:00:00,1,1,0,1028,1763.4,7,0
2025-01-26T02:00:00,1,3,0,1031,1545.3,8,0
2025-01-26T03:00:00,1,9,7,1033,6198.4,2,0
2025-01-26T04:00:00,1,6,5,1034,2481.4,5,0
2025-01-26T05:00:00,1,0,1,1033,2065.0,6,0
2025-01-26T06:00:00,1,5,6,1032,3098.0,4,0
2025-01-26T07:00:00,1,4,2,1034,2069.1,6,0
2025-01-26T08:00:00,1,0,0,1034,4135.4,3,0
2025-01-26T09:00:00,1,20,16,1038,2489.5,5,0
2025-01-26T10:00:00,1,13,8,1043,1565.1,8,0
2025-01-26T11:00:00,1,20,17,1046,3139.9,4,0
2025-01-26T12:00:00,1,17,13,1050,1799.5,7,0
2025-01-26T13:00:00,1,14,10,1054,1808.8,7,0
2025-01-26T14:00:00,1,18,12,1060,2120.9,6,0
2025-01-26T15:00:00,1,4,2,1062,2123.9,6,0
2025-01-26T16:00:00,1,12,8,1066,4263.0,3,0
2025-01-26T17:00:00,1,1,1,1066,6397.6,2,0
2025-01-26T18:00:00,1,0,0,1066,1599.4,8,0
2025-01-26T19:00:00,1,5,2,1069,1605.3,8,0
2025-01-26T20:00:00,1,9,8,1070,1603.9,8,0
2025-01-26T21:00:00,1,4,6,1068,2136.2,6,0
2025-01-26T22:00:00,1,1,0,1069,3205.3,4,0
2025-01-26T23:00:00,1,0,1,1068,1830.5,7,0
2025-01-27T00:00:00,1,3,1,1070,6420.9,2,0
2025-01-27T01:00:00,1,0,0,1070,6418.2,2,0
2025-01-27T02:00:00,1,7,4,1073,6437.1,2,0
2025-01-27T03:00:00,1,2,1,1074,3222.9,4,0
2025-01-27T04:00:00,1,4,4,1074,1612.3,8,0
2025-01-27T05:00:00,1,2,4,1072,6431.8,2,0
2025-01-27T06:00:00,1,1,1,1072,3215.2,4,0
2025-01-27T07:00:00,1,2,0,1074,1842.3,7,0
2025-01-27T08:00:00,1,1,0,1075,1841.5,7,0
2025-01-27T09:00:00,1,15,10,1080,6479.6,2,0
2025-01-27T10:00:00,1,13,14,1079,6474.2,2,0
2025-01-27T11:00:00,1,13,11,1081,6487.9,2,0
2025-01-27T12:00:00,1,14,10,1085,1860.3,7,0
2025-01-27T13:00:00,1,10,8,1087,4349.7,3,0
2025-01-27T14:00:00,1,16,10,1093,2622.1,5,0
2025-01-27T15:00:00,1,12,10,1095,6569.9,2,0
2025-01-27T16:00:00,1,14,14,1095,2628.1,5,0
2025-01-27T17:00:00,1,2,1,1096,3289.9,4,0
2025-01-27T18:00:00,1,4,0,1100,2198.3,6,0
2025-01-27T19:00:00,1,9,7,1102,1889.1,7,0
2025-01-27T20:00:00,1,5,4,1103,6616.8,2,0
2025-01-27T21:00:00,1,0,0,1103,3307.6,4,0
2025-01-27T22:00:00,1,5,6,1102,2645.3,5,0
2025-01-27T23:00:00,1,2,0,1104,1894.3,7,0
2025-01-28T00:00:00,1,4,0,1108,2215.1,6,0
2025-01-28T01:00:00,1,4,1,1111,1905.1,7,0
2025-01-28T02:00:00,1,8,5,1114,4455.3,3,0
2025-01-28T03:00:00,1,5,3,1116,3348.2,4,0
2025-01-28T04:00:00,1,2,0,1118,3353.1,4,0
2025-01-28T05:00:00,1,5,4,1119,6713.4,2,0
2025-01-28T06:00:00,1,3,0,1122,1683.0,8,0
2025-01-28T07:00:00,1,0,0,1122,1924.9,7,0
2025-01-28T08:00:00,1,0,0,1122,4487.9,3,0
2025-01-28T09:00:00,1,17,13,1126,2703.6,5,0
2025-01-28T10:00:00,1,17,15,1128,1690.2,8,0
2025-01-28T11:00:00,1,20,16,1132,4527.6,3,0
2025-01-28T12:00:00,1,12,10,1134,1700.6,8,0
2025-01-28T13:00:00,1,15,11,1138,4553.1,3,0
2025-01-28T14:00:00,1,15,13,1140,2282.0,6,0
2025-01-28T15:00:00,1,13,9,1144,2744.7,5,0
2025-01-28T16:00:00,1,14,10,1148,2754.1,5,0
2025-01-28T17:00:00,1,6,1,1153,1728.7,8,0
2025-01-28T18:00:00,1,4,0,1157,2313.4,6,0
2025-01-28T19:00:00,1,6,5,1158,2316.3,6,0
2025-01-28T20:00:00,1,7,7,1158,1738.7,8,0
2025-01-28T21:00:00,1,1,0,1159,1985.1,7,0
2025-01-28T22:00:00,1,3,3,1159,1737.4,8,0
2025-01-28T23:00:00,1,6,2,1163,1994.6,7,0
2025-01-29T00:00:00,1,2,0,1165,2795.7,5,0
2025-01-29T01:00:00,1,4,2,1167,2333.4,6,0
2025-01-29T02:00:00,1,11,7,1171,4684.3,3,0
2025-01-29T03:00:00,1,0,0,1171,3513.5,4,0
2025-01-29T04:00:00,1,2,0,1173,2344.8,6,0
2025-01-29T05:00:00,1,2,0,1175,7048.1,2,0
2025-01-29T06:00:00,1,5,6,1174,2819.1,5,0
2025-01-29T07:00:00,1,2,4,1172,3517.7,4,0
2025-01-29T08:00:00,1,5,6,1171,4685.1,3,0
2025-01-29T09:00:00,1,14,9,1176,1763.1,8,0
2025-01-29T10:00:00,1,15,12,1179,2020.4,7,0
2025-01-29T11:00:00,1,19,14,1184,2840.4,5,0
2025-01-29T12:00:00,1,18,13,1189,1782.3,8,0
2025-01-29T13:00:00,1,13,11,1191,4764.0,3,0
2025-01-29T14:00:00,1,17,12,1196,7175.6,2,0
2025-01-29T15:00:00,1,18,9,1205,2065.1,7,0
2025-01-29T16:00:00,1,14,7,1212,3636.5,4,0
2025-01-29T17:00:00,1,9,7,1214,2912.7,5,0
2025-01-29T18:00:00,1,0,0,1214,7283.3,2,0
2025-01-29T19:00:00,1,0,0,1214,2080.6,7,0
2025-01-29T20:00:00,1,3,3,1214,1822.1,8,0
2025-01-29T21:00:00,1,5,3,1216,2430.2,6,0
2025-01-29T22:00:00,1,2,0,1218,1825.2,8,0
2025-01-29T23:00:00,1,1,0,1219,3658.5,4,0
2025-01-30T00:00:00,1,0,0,1219,2927.3,5,0
2025-01-30T01:00:00,1,7,6,1220,4878.2,3,0
2025-01-30T02:00:00,1,6,3,1223,2936.7,5,0
2025-01-30T03:00:00,1,3,0,1226,2942.4,5,0
2025-01-30T04:00:00,1,6,4,1228,2947.7,5,0
2025-01-30T05:00:00,1,0,0,1228,1843.7,8,0
2025-01-30T06:00:00,1,3,3,1228,2105.5,7,0
2025-01-30T07:00:00,1,4,7,1225,2938.9,5,0
2025-01-30T08:00:00,1,1,0,1226,4905.1,3,0
2025-01-30T09:00:00,1,15,9,1232,3696.2,4,0
2025-01-30T10:00:00,1,15,9,1238,2969.5,5,0
2025-01-30T11:00:00,1,14,11,1241,7446.4,2,0
2025-01-30T12:00:00,1,13,4,1250,7501.8,2,0
2025-01-30T13:00:00,1,16,11,1255,3764.3,4,0
2025-01-30T14:00:00,1,12,7,1260,5040.6,3,0
2025-01-30T15:00:00,1,9,8,1261,7566.3,2,0
2025-01-30T16:00:00,1,17,13,1265,2531.6,6,0
2025-01-30T17:00:00,1,8,6,1267,1899.8,8,0
2025-01-30T18:00:00,1,1,0,1268,2537.8,6,0
2025-01-30T19:00:00,1,8,4,1272,3054.5,5,0
2025-01-30T20:00:00,1,2,0,1274,3056.0,5,0
2025-01-30T21:00:00,1,4,2,1276,2189.1,7,0
2025-01-30T22:00:00,1,5,5,1276,2550.1,6,0
2025-01-30T23:00:00,1,5,7,1274,2185.5,7,0
2025-01-31T00:00:00,1,5,2,1277,3832.7,4,0
2025-01-31T01:00:00,1,4,5,1276,5104.4,3,0
2025-01-31T02:00:00,1,1,2,1275,7651.1,2,0
2025-01-31T03:00:00,1,0,0,1275,5099.7,3,0
2025-01-31T04:00:00,1,3,1,1277,5109.9,3,0
2025-01-31T05:00:00,1,3,2,1278,1916.0,8,0
2025-01-31T06:00:00,1,2,0,1280,5121.3,3,0
2025-01-31T07:00:00,1,0,0,1280,5120.9,3,0
2025-01-31T08:00:00,1,8,5,1283,5132.5,3,0
2025-01-31T09:00:00,1,21,17,1287,7722.4,2,0
2025-01-31T10:00:00,1,14,13,1288,7727.5,2,0
2025-01-31T11:00:00,1,14,11,1291,2582.8,6,0
2025-01-31T12:00:00,1,16,14,1293,2215.4,7,0
2025-01-31T13:00:00,1,18,13,1298,2224.9,7,0
2025-01-31T14:00:00,1,17,10,1305,1956.1,8,0
2025-01-31T15:00:00,1,18,18,1305,5221.2,3,0
2025-01-31T16:00:00,1,13,7,1311,2245.9,7,0
2025-01-31T17:00:00,1,5,3,1313,1968.1,8,0
2025-01-31T18:00:00,1,0,0,1313,3152.2,5,0
2025-01-31T19:00:00,1,4,5,1312,2624.3,6,0
2025-01-31T20:00:00,1,5,0,1317,3952.9,4,0
2025-01-31T21:00:00,1,1,0,1318,3953.7,4,0
2025-01-31T22:00:00,1,5,6,1317,2258.6,7,0
2025-01-31T23:00:00,1,5,6,1316,5265.3,3,0
2025-02-01T00:00:00,1,7,7,1316,7895.8,2,0
2025-02-01T01:00:00,1,0,0,1316,3948.5,4,0
2025-02-01T02:00:00,1,4,3,1317,2256.2,7,0
2025-02-01T03:00:00,1,2,2,1317,1975.7,8,0
2025-02-01T04:00:00,1,5,6,1316,5265.7,3,0
2025-02-01T05:00:00,1,0,0,1316,1974.6,8,0
2025-02-01T06:00:00,1,5,5,1316,3160.0,5,0
2025-02-01T07:00:00,1,0,0,1316,7894.4,2,0
2025-02-01T08:00:00,1,8,6,1318,2636.6,6,0
2025-02-01T09:00:00,1,15,13,1320,7918.6,2,0
2025-02-01T10:00:00,1,19,16,1323,2645.0,6,0
2025-02-01T11:00:00,1,13,10,1326,5305.7,3,0
2025-02-01T12:00:00,1,21,19,1328,5313.2,3,0
2025-02-01T13:00:00,1,19,15,1332,3997.9,4,0
2025-02-01T14:00:00,1,10,9,1333,5330.9,3,0
2025-02-01T15:00:00,1,7,8,1332,5329.9,3,0
2025-02-01T16:00:00,1,16,11,1337,2005.2,8,0
2025-02-01T17:00:00,1,6,3,1340,2295.7,7,0
2025-02-01T18:00:00,1,0,0,1340,2681.3,6,0
2025-02-01T19:00:00,1,3,2,1341,2298.3,7,0
2025-02-01T20:00:00,1,3,1,1343,8059.0,2,0
2025-02-01T21:00:00,1,8,6,1345,4034.3,4,0
2025-02-01T22:00:00,1,0,0,1345,2689.6,6,0
2025-02-01T23:00:00,1,5,2,1348,2020.9,8,0
2025-02-02T00:00:00,1,4,3,1349,5394.0,3,0
2025-02-02T01:00:00,1,6,6,1349,2022.3,8,0
2025-02-02T02:00:00,1,1,0,1350,4048.7,4,0
2025-02-02T03:00:00,1,0,0,1350,5399.1,3,0
2025-02-02T04:00:00,1,3,4,1349,4047.7,4,0
2025-02-02T05:00:00,1,3,1,1351,5405.2,3,0
2025-02-02T06:00:00,1,8,3,1356,3253.8,5,0
2025-02-02T07:00:00,1,0,0,1356,3254.7,5,0
2025-02-02T08:00:00,1,6,8,1354,4062.3,4,0
2025-02-02T09:00:00,1,19,16,1357,8140.5,2,0
2025-02-02T10:00:00,1,15,10,1362,8170.8,2,0
2025-02-02T11:00:00,1,13,10,1365,3277.7,5,0
2025-02-02T12:00:00,1,17,14,1368,2054.0,8,0
2025-02-02T13:00:00,1,13,9,1372,4116.6,4,0
2025-02-02T14:00:00,1,20,11,1381,4141.3,4,0
2025-02-02T15:00:00,1,16,14,1383,2074.0,8,0
2025-02-02T16:00:00,1,16,12,1387,8323.5,2,0
2025-02-02T17:00:00,1,6,3,1390,4169.9,4,0
2025-02-02T18:00:00,1,3,2,1391,2384.3,7,0
2025-02-02T19:00:00,1,7,7,1391,2385.8,7,0
2025-02-02T20:00:00,1,1,0,1392,3340.1,5,0
2025-02-02T21:00:00,1,1,0,1393,2387.9,7,0
2025-02-02T22:00:00,1,7,9,1391,8345.1,2,0
2025-02-02T23:00:00,1,5,5,1391,2384.6,7,0
2025-02-03T00:00:00,1,1,3,1389,2082.9,8,0
2025-02-03T01:00:00,1,1,0,1390,2381.2,7,0
2025-02-03T02:00:00,1,3,0,1393,3344.2,5,0
2025-02-03T03:00:00,1,4,1,1396,2095.6,8,0
2025-02-03T04:00:00,1,9,4,1401,8406.6,2,0
2025-02-03T05:00:00,1,3,3,1401,5602.6,3,0
2025-02-03T06:00:00,1,2,2,1401,2801.3,6,0
2025-02-03T07:00:00,1,4,6,1399,4198.1,4,0
2025-02-03T08:00:00,1,3,1,1401,3361.0,5,0
2025-02-03T09:00:00,1,12,10,1403,5611.6,3,0
2025-02-03T10:00:00,1,12,7,1408,5632.4,3,0
2025-02-03T11:00:00,1,18,15,1411,2820.3,6,0
2025-02-03T12:00:00,1,16,14,1413,2423.0,7,0
2025-02-03T13:00:00,1,15,9,1419,2431.2,7,0
2025-02-03T14:00:00,1,11,10,1420,8521.3,2,0
2025-02-03T15:00:00,1,19,18,1421,3411.2,5,0
2025-02-03T16:00:00,1,13,11,1423,2847.7,6,0
2025-02-03T17:00:00,1,1,3,1421,2843.9,6,0
2025-02-03T18:00:00,1,0,0,1421,8524.1,2,0
2025-02-03T19:00:00,1,2,3,1420,2839.0,6,0
2025-02-03T20:00:00,1,0,0,1420,3407.5,5,0
2025-02-03T21:00:00,1,5,0,1425,2138.3,8,0
2025-02-03T22:00:00,1,3,1,1427,2853.8,6,0
2025-02-03T23:00:00,1,0,0,1427,2447.9,7,0
2025-02-04T00:00:00,1,0,3,1424,2849.9,6,0
2025-02-04T01:00:00,1,3,3,1424,2442.3,7,0
2025-02-04T02:00:00,1,3,2,1425,3418.6,5,0
2025-02-04T03:00:00,1,3,2,1426,5703.7,3,0
2025-02-04T04:00:00,1,2,3,1425,4275.7,4,0
2025-02-04T05:00:00,1,6,2,1429,4288.4,4,0
2025-02-04T06:00:00,1,5,2,1432,4295.7,4,0
2025-02-04T07:00:00,1,0,0,1432,8592.8,2,0
2025-02-04T08:00:00,1,3,3,1432,8590.7,2,0
2025-02-04T09:00:00,1,15,11,1436,5743.8,3,0
2025-02-04T10:00:00,1,19,16,1439,2159.7,8,0
2025-02-04T11:00:00,1,17,15,1441,2882.5,6,0
2025-02-04T12:00:00,1,16,10,1447,5789.3,3,0
2025-02-04T13:00:00,1,12,10,1449,4346.2,4,0
2025-02-04T14:00:00,1,20,16,1453,4357.0,4,0
2025-02-04T15:00:00,1,19,15,1457,5828.1,3,0
2025-02-04T16:00:00,1,12,9,1460,2501.0,7,0
2025-02-04T17:00:00,1,2,0,1462,5849.3,3,0
2025-02-04T18:00:00,1,6,5,1463,3509.8,5,0
2025-02-04T19:00:00,1,10,8,1465,2198.8,8,0
2025-02-04T20:00:00,1,8,5,1468,4405.1,4,0
2025-02-04T21:00:00,1,4,3,1469,4406.4,4,0
2025-02-04T22:00:00,1,1,0,1470,5881.1,3,0
2025-02-04T23:00:00,1,0,0,1470,4411.8,4,0
2025-02-05T00:00:00,1,0,2,1468,2203.2,8,0
2025-02-05T01:00:00,1,2,0,1470,3527.6,5,0
2025-02-05T02:00:00,1,8,4,1474,2949.3,6,0
2025-02-05T03:00:00,1,3,2,1475,2948.6,6,0
2025-02-05T04:00:00,1,5,2,1478,5910.7,3,0
2025-02-05T05:00:00,1,4,5,1477,2214.4,8,0
2025-02-05T06:00:00,1,1,0,1478,2535.5,7,0
2025-02-05T07:00:00,1,5,2,1481,2961.5,6,0
2025-02-05T08:00:00,1,0,0,1481,5924.7,3,0
2025-02-05T09:00:00,1,15,10,1486,2973.3,6,0
2025-02-05T10:00:00,1,17,17,1486,3567.0,5,0
2025-02-05T11:00:00,1,9,4,1491,4471.1,4,0
2025-02-05T12:00:00,1,11,10,1492,8952.4,2,0
2025-02-05T13:00:00,1,16,15,1493,2559.4,7,0
2025-02-05T14:00:00,1,11,7,1497,8983.5,2,0
2025-02-05T15:00:00,1,15,9,1503,2253.4,8,0
2025-02-05T16:00:00,1,16,10,1509,4528.7,4,0
2025-02-05T17:00:00,1,5,4,1510,9060.9,2,0
2025-02-05T18:00:00,1,0,0,1510,3623.5,5,0
2025-02-05T19:00:00,1,6,2,1514,3633.2,5,0
2025-02-05T20:00:00,1,6,5,1515,2272.9,8,0
2025-02-05T21:00:00,1,4,1,1518,4553.7,4,0
2025-02-05T22:00:00,1,2,4,1516,9096.0,2,0
2025-02-05T23:00:00,1,1,0,1517,2276.8,8,0
2025-02-06T00:00:00,1,12,8,1521,2608.8,7,0
2025-02-06T01:00:00,1,0,1,1520,4561.0,4,0
2025-02-06T02:00:00,1,0,0,1520,3038.7,6,0
2025-02-06T03:00:00,1,0,0,1520,4560.7,4,0
2025-02-06T04:00:00,1,5,4,1521,3652.3,5,0
2025-02-06T05:00:00,1,6,4,1523,4567.8,4,0
2025-02-06T06:00:00,1,0,3,1520,3038.5,6,0
2025-02-06T07:00:00,1,3,3,1520,2278.5,8,0
2025-02-06T08:00:00,1,3,4,1519,6076.6,3,0
2025-02-06T09:00:00,1,17,11,1525,2614.5,7,0
2025-02-06T10:00:00,1,11,9,1527,3053.3,6,0
2025-02-06T11:00:00,1,13,12,1528,6111.7,3,0
2025-02-06T12:00:00,1,12,6,1534,6136.9,3,0
2025-02-06T13:00:00,1,11,10,1535,9211.4,2,0
2025-02-06T14:00:00,1,16,9,1542,6168.3,3,0
2025-02-06T15:00:00,1,16,15,1543,2644.6,7,0
2025-02-06T16:00:00,1,21,15,1549,3718.4,5,0
2025-02-06T17:00:00,1,8,5,1552,3723.3,5,0
2025-02-06T18:00:00,1,3,2,1553,3725.9,5,0
2025-02-06T19:00:00,1,8,10,1551,4651.1,4,0
2025-02-06T20:00:00,1,4,7,1548,2322.1,8,0
2025-02-06T21:00:00,1,6,6,1548,2323.5,8,0
2025-02-06T22:00:00,1,10,9,1549,9293.9,2,0
2025-02-06T23:00:00,1,6,1,1554,6214.0,3,0
2025-02-07T00:00:00,1,1,0,1555,9329.0,2,0
2025-02-07T01:00:00,1,3,5,1553,2661.9,7,0
2025-02-07T02:00:00,1,9,8,1554,3728.5,5,0
2025-02-07T03:00:00,1,1,0,1555,3730.8,5,0
2025-02-07T04:00:00,1,1,0,1556,9335.5,2,0
2025-02-07T05:00:00,1,5,3,1558,3738.6,5,0
2025-02-07T06:00:00,1,7,6,1559,6237.1,3,0
2025-02-07T07:00:00,1,0,0,1559,4678.1,4,0
2025-02-07T08:00:00,1,4,2,1561,6244.7,3,0
2025-02-07T09:00:00,1,18,12,1567,3759.4,5,0
2025-02-07T10:00:00,1,13,8,1572,4715.5,4,0
2025-02-07T11:00:00,1,18,17,1573,6292.2,3,0
2025-02-07T12:00:00,1,15,15,1573,4718.9,4,0
2025-02-07T13:00:00,1,16,11,1578,4734.5,4,0
2025-02-07T14:00:00,1,14,9,1583,2715.5,7,0
2025-02-07T15:00:00,1,8,6,1585,6341.5,3,0
2025-02-07T16:00:00,1,13,9,1589,3176.1,6,0
2025-02-07T17:00:00,1,0,0,1589,3178.9,6,0
2025-02-07T18:00:00,1,6,11,1584,9504.4,2,0
2025-02-07T19:00:00,1,3,0,1587,3807.6,5,0
2025-02-07T20:00:00,1,8,2,1593,9558.8,2,0
2025-02-07T21:00:00,1,5,1,1597,6387.8,3,0
2025-02-07T22:00:00,1,0,1,1596,9576.7,2,0
2025-02-07T23:00:00,1,3,0,1599,9594.3,2,0
2025-02-08T00:00:00,1,9,6,1602,2404.2,8,0
2025-02-08T01:00:00,1,5,3,1604,2750.9,7,0
2025-02-08T02:00:00,1,3,1,1606,3852.6,5,0
2025-02-08T03:00:00,1,6,5,1607,2409.2,8,0
2025-02-08T04:00:00,1,6,3,1610,4830.8,4,0
2025-02-08T05:00:00,1,0,0,1610,6440.5,3,0
2025-02-08T06:00:00,1,4,1,1613,9679.3,2,0
2025-02-08T07:00:00,1,5,9,1609,6437.3,3,0
2025-02-08T08:00:00,1,1,0,1610,3865.4,5,0
2025-02-08T09:00:00,1,9,8,1611,4832.7,4,0
2025-02-08T10:00:00,1,15,15,1611,2759.9,7,0
2025-02-08T11:00:00,1,9,4,1616,4848.9,4,0
2025-02-08T12:00:00,1,12,10,1618,6472.8,3,0
2025-02-08T13:00:00,1,18,13,1623,2782.6,7,0
2025-02-08T14:00:00,1,10,10,1623,9738.9,2,0
2025-02-08T15:00:00,1,13,10,1626,2439.2,8,0
2025-02-08T16:00:00,1,17,10,1633,6531.2,3,0
2025-02-08T17:00:00,1,8,8,1633,2449.6,8,0
2025-02-08T18:00:00,1,11,11,1633,2450.0,8,0
2025-02-08T19:00:00,1,5,8,1630,4890.0,4,0
2025-02-08T20:00:00,1,7,8,1629,4888.1,4,0
2025-02-08T21:00:00,1,10,7,1632,6528.4,3,0
2025-02-08T22:00:00,1,8,7,1633,9796.9,2,0
2025-02-08T23:00:00,1,0,0,1633,4897.2,4,0
2025-02-09T00:00:00,1,10,9,1634,6534.3,3,0
2025-02-09T01:00:00,1,0,1,1633,2449.4,8,0
2025-02-09T02:00:00,1,5,5,1633,4897.6,4,0
2025-02-09T03:00:00,1,2,0,1635,9808.6,2,0
2025-02-09T04:00:00,1,3,4,1634,3269.6,6,0
2025-02-09T05:00:00,1,2,5,1631,3260.3,6,0
2025-02-09T06:00:00,1,6,3,1634,4903.2,4,0
2025-02-09T07:00:00,1,5,3,1636,2805.9,7,0
2025-02-09T08:00:00,1,0,0,1636,4907.2,4,0
2025-02-09T09:00:00,1,17,12,1641,6565.7,3,0
2025-02-09T10:00:00,1,10,10,1641,4923.2,4,0
2025-02-09T11:00:00,1,13,10,1644,3286.6,6,0
2025-02-09T12:00:00,1,18,7,1655,2484.3,8,0
2025-02-09T13:00:00,1,18,18,1655,4963.9,4,0
2025-02-09T14:00:00,1,16,13,1658,4972.8,4,0
2025-02-09T15:00:00,1,12,9,1661,3322.4,6,0
2025-02-09T16:00:00,1,15,9,1667,4000.7,5,0
2025-02-09T17:00:00,1,2,5,1664,3328.3,6,0
2025-02-09T18:00:00,1,5,3,1666,3997.5,5,0
2025-02-09T19:00:00,1,2,6,1662,9971.8,2,0
2025-02-09T20:00:00,1,3,4,1661,4984.6,4,0
2025-02-09T21:00:00,1,1,3,1659,6636.9,3,0
2025-02-09T22:00:00,1,5,6,1658,4973.7,4,0
2025-02-09T23:00:00,1,5,2,1661,3985.4,5,0
2025-02-10T00:00:00,1,7,4,1664,4992.5,4,0
2025-02-10T01:00:00,1,2,1,1665,2852.6,7,0
2025-02-10T02:00:00,1,3,6,1662,4985.9,4,0
2025-02-10T03:00:00,1,2,0,1664,2851.6,7,0
2025-02-10T04:00:00,1,5,6,1663,2849.6,7,0
2025-02-10T05:00:00,1,0,4,1659,2487.4,8,0
2025-02-10T06:00:00,1,0,0,1659,9954.2,2,0
2025-02-10T07:00:00,1,5,3,1661,2491.4,8,0
2025-02-10T08:00:00,1,0,0,1661,3321.8,6,0
2025-02-10T09:00:00,1,14,12,1663,2495.2,8,0
2025-02-10T10:00:00,1,15,14,1664,3327.9,6,0
2025-02-10T11:00:00,1,17,14,1667,6668.8,3,0
2025-02-10T12:00:00,1,15,11,1671,5011.4,4,0
2025-02-10T13:00:00,1,15,15,1671,10027.6,2,0
2025-02-10T14:00:00,1,13,11,1673,10036.7,2,0
2025-02-10T15:00:00,1,16,13,1676,3351.5,6,0
2025-02-10T16:00:00,1,19,17,1678,5033.0,4,0
2025-02-10T17:00:00,1,3,2,1679,10074.0,2,0
2025-02-10T18:00:00,1,9,6,1682,6728.1,3,0
2025-02-10T19:00:00,1,0,0,1682,10091.1,2,0
2025-02-10T20:00:00,1,0,0,1682,6729.2,3,0
2025-02-10T21:00:00,1,4,2,1684,5050.6,4,0
2025-02-10T22:00:00,1,6,4,1686,10114.9,2,0
2025-02-10T23:00:00,1,0,0,1686,4045.8,5,0
2025-02-11T00:00:00,1,7,3,1690,10139.3,2,0
2025-02-11T01:00:00,1,4,1,1693,2540.2,8,0
2025-02-11T02:00:00,1,1,0,1694,6774.4,3,0
2025-02-11T03:00:00,1,0,2,1692,2899.4,7,0
2025-02-11T04:00:00,1,1,0,1693,5079.7,4,0
2025-02-11T05:00:00,1,7,6,1694,2905.0,7,0
2025-02-11T06:00:00,1,5,5,1694,4067.6,5,0
2025-02-11T07:00:00,1,8,10,1692,4061.8,5,0
2025-02-11T08:00:00,1,2,2,1692,5074.8,4,0
2025-02-11T09:00:00,1,12,10,1694,3388.1,6,0
2025-02-11T10:00:00,1,12,7,1699,2912.4,7,0
2025-02-11T11:00:00,1,15,12,1702,5105.7,4,0
2025-02-11T12:00:00,1,10,12,1700,3398.0,6,0
2025-02-11T13:00:00,1,15,16,1699,2550.1,8,0
2025-02-11T14:00:00,1,17,11,1705,5116.3,4,0
2025-02-11T15:00:00,1,12,8,1709,4100.9,5,0
2025-02-11T16:00:00,1,19,15,1713,2569.2,8,0
2025-02-11T17:00:00,1,0,0,1713,3427.9,6,0
2025-02-11T18:00:00,1,3,1,1715,10291.7,2,0
2025-02-11T19:00:00,1,6,1,1720,4127.2,5,0
2025-02-11T20:00:00,1,0,0,1720,3439.2,6,0
2025-02-11T21:00:00,1,0,0,1720,5161.7,4,0
2025-02-11T22:00:00,1,4,0,1724,2584.0,8,0
2025-02-11T23:00:00,1,2,1,1725,5174.7,4,0
2025-02-12T00:00:00,1,0,0,1725,10351.6,2,0
2025-02-12T01:00:00,1,3,3,1725,4141.3,5,0
2025-02-12T02:00:00,1,8,6,1727,6906.4,3,0
2025-02-12T03:00:00,1,4,5,1726,5176.4,4,0
2025-02-12T04:00:00,1,3,3,1726,10354.3,2,0
2025-02-12T05:00:00,1,3,1,1728,6910.1,3,0
2025-02-12T06:00:00,1,6,7,1727,4143.7,5,0
2025-02-12T07:00:00,1,8,5,1730,3460.8,6,0
2025-02-12T08:00:00,1,10,5,1735,3470.6,6,0
2025-02-12T09:00:00,1,17,11,1741,4177.5,5,0
2025-02-12T10:00:00,1,13,9,1745,3488.8,6,0
2025-02-12T11:00:00,1,18,14,1749,6996.6,3,0
2025-02-12T12:00:00,1,9,6,1752,5255.4,4,0
2025-02-12T13:00:00,1,18,15,1755,4212.9,5,0
2025-02-12T14:00:00,1,10,6,1759,4220.4,5,0
2025-02-12T15:00:00,1,15,14,1760,2640.5,8,0
2025-02-12T16:00:00,1,16,14,1762,2643.3,8,0
2025-02-12T17:00:00,1,0,0,1762,10573.4,2,0
2025-02-12T18:00:00,1,6,6,1762,7046.0,3,0
2025-02-12T19:00:00,1,0,1,1761,5283.3,4,0
2025-02-12T20:00:00,1,2,0,1763,2644.6,8,0
2025-02-12T21:00:00,1,4,0,1767,3027.6,7,0
2025-02-12T22:00:00,1,9,5,1771,5313.1,4,0
2025-02-12T23:00:00,1,1,1,1771,2657.1,8,0
2025-02-13T00:00:00,1,11,8,1774,10642.8,2,0
2025-02-13T01:00:00,1,6,5,1775,5324.3,4,0
2025-02-13T02:00:00,1,4,5,1774,4257.2,5,0
2025-02-13T03:00:00,1,4,2,1776,4263.8,5,0
2025-02-13T04:00:00,1,3,3,1776,4263.6,5,0
2025-02-13T05:00:00,1,0,0,1776,10656.2,2,0
2025-02-13T06:00:00,1,3,0,1779,4270.5,5,0
2025-02-13T07:00:00,1,6,5,1780,2671.9,8,0
2025-02-13T08:00:00,1,1,0,1781,7124.9,3,0
2025-02-13T09:00:00,1,12,11,1782,7127.4,3,0
2025-02-13T10:00:00,1,14,9,1787,3065.0,7,0
2025-02-13T11:00:00,1,15,12,1790,4296.4,5,0
2025-02-13T12:00:00,1,11,11,1790,4296.2,5,0
2025-02-13T13:00:00,1,12,9,1793,2691.1,8,0
2025-02-13T14:00:00,1,12,6,1799,5396.8,4,0
2025-02-13T15:00:00,1,15,12,1802,3603.9,6,0
2025-02-13T16:00:00,1,14,10,1806,3610.4,6,0
2025-02-13T17:00:00,1,4,6,1804,2706.3,8,0
2025-02-13T18:00:00,1,4,0,1808,3100.9,7,0
2025-02-13T19:00:00,1,5,2,1811,10867.7,2,0
2025-02-13T20:00:00,1,1,0,1812,3108.0,7,0
2025-02-13T21:00:00,1,4,4,1812,3623.0,6,0
2025-02-13T22:00:00,1,5,1,1816,4360.0,5,0
2025-02-13T23:00:00,1,9,6,1819,4366.0,5,0
2025-02-14T00:00:00,1,6,2,1823,10939.6,2,0
2025-02-14T01:00:00,1,4,5,1822,4371.6,5,0
2025-02-14T02:00:00,1,3,3,1822,5465.5,4,0
2025-02-14T03:00:00,1,0,0,1822,3124.0,7,0
2025-02-14T04:00:00,1,6,3,1825,3129.6,7,0
2025-02-14T05:00:00,1,3,1,1827,10962.2,2,0
2025-02-14T06:00:00,1,5,1,1831,2745.8,8,0
2025-02-14T07:00:00,1,7,3,1835,3672.0,6,0
2025-02-14T08:00:00,1,0,0,1835,5503.1,4,0
2025-02-14T09:00:00,1,23,17,1841,7363.4,3,0
2025-02-14T10:00:00,1,18,15,1844,4425.0,5,0
2025-02-14T11:00:00,1,13,11,1846,3166.4,7,0
2025-02-14T12:00:00,1,12,11,1847,3693.9,6,0
2025-02-14T13:00:00,1,13,7,1853,7410.6,3,0
2025-02-14T14:00:00,1,9,10,1852,3702.9,6,0
2025-02-14T15:00:00,1,15,10,1857,3713.7,6,0
2025-02-14T16:00:00,1,15,11,1861,2790.7,8,0
2025-02-14T17:00:00,1,6,4,1863,2795.7,8,0
2025-02-14T18:00:00,1,5,4,1864,11185.5,2,0
2025-02-14T19:00:00,1,5,4,1865,4477.7,5,0
2025-02-14T20:00:00,1,4,3,1866,3730.1,6,0
2025-02-14T21:00:00,1,5,4,1867,3198.9,7,0
2025-02-14T22:00:00,1,1,2,1866,11196.9,2,0
2025-02-14T23:00:00,1,6,5,1867,11201.5,2,0
2025-02-15T00:00:00,1,5,1,1871,3743.3,6,0
2025-02-15T01:00:00,1,5,4,1872,4490.9,5,0
2025-02-15T02:00:00,1,0,0,1872,4493.3,5,0
2025-02-15T03:00:00,1,4,3,1873,4494.0,5,0
2025-02-15T04:00:00,1,7,4,1876,11255.1,2,0
2025-02-15T05:00:00,1,0,0,1876,2814.2,8,0
2025-02-15T06:00:00,1,9,6,1879,4511.4,5,0
2025-02-15T07:00:00,1,2,1,1880,5639.9,4,0
2025-02-15T08:00:00,1,1,0,1881,5643.5,4,0
2025-02-15T09:00:00,1,16,14,1883,3766.6,6,0
2025-02-15T10:00:00,1,15,12,1886,4527.0,5,0
2025-02-15T11:00:00,1,12,8,1890,7560.4,3,0
2025-02-15T12:00:00,1,17,17,1890,3238.1,7,0
2025-02-15T13:00:00,1,13,10,1893,3784.8,6,0
2025-02-15T14:00:00,1,12,9,1896,5689.9,4,0
2025-02-15T15:00:00,1,12,11,1897,4554.1,5,0
2025-02-15T16:00:00,1,20,13,1904,7616.5,3,0
2025-02-15T17:00:00,1,1,0,1905,4572.3,5,0
2025-02-15T18:00:00,1,0,0,1905,5716.8,4,0
2025-02-15T19:00:00,1,0,0,1905,7619.5,3,0
2025-02-15T20:00:00,1,9,5,1909,3818.7,6,0
2025-02-15T21:00:00,1,0,0,1909,2865.3,8,0
2025-02-15T22:00:00,1,0,0,1909,4583.0,5,0
2025-02-15T23:00:00,1,2,2,1909,3818.9,6,0
2025-02-16T00:00:00,1,5,1,1913,2870.7,8,0
2025-02-16T01:00:00,1,2,0,1915,7658.1,3,0
2025-02-16T02:00:00,1,3,4,1914,4593.8,5,0
2025-02-16T03:00:00,1,0,0,1914,11485.2,2,0
2025-02-16T04:00:00,1,7,5,1916,2874.7,8,0
2025-02-16T05:00:00,1,2,2,1916,4596.9,5,0
2025-02-16T06:00:00,1,0,0,1916,5747.3,4,0
2025-02-16T07:00:00,1,0,0,1916,11495.1,2,0
2025-02-16T08:00:00,1,7,5,1918,2875.6,8,0
2025-02-16T09:00:00,1,19,19,1918,2878.4,8,0
2025-02-16T10:00:00,1,19,16,1921,5762.5,4,0
2025-02-16T11:00:00,1,11,12,1920,3838.2,6,0
2025-02-16T12:00:00,1,17,16,1921,2880.5,8,0
2025-02-16T13:00:00,1,16,10,1927,5779.2,4,0
2025-02-16T14:00:00,1,9,7,1929,5786.7,4,0
2025-02-16T15:00:00,1,19,12,1936,4645.9,5,0
2025-02-16T16:00:00,1,18,16,1938,3322.9,7,0
2025-02-16T17:00:00,1,2,0,1940,5819.4,4,0
2025-02-16T18:00:00,1,0,1,1939,11632.2,2,0
2025-02-16T19:00:00,1,9,9,1939,4653.8,5,0
2025-02-16T20:00:00,1,2,2,1939,2909.4,8,0
2025-02-16T21:00:00,1,3,5,1937,7748.1,3,0
2025-02-16T22:00:00,1,0,0,1937,7749.4,3,0
2025-02-16T23:00:00,1,0,0,1937,2906.6,8,0
2025-02-17T00:00:00,1,5,0,1942,2912.2,8,0
2025-02-17T01:00:00,1,1,0,1943,3887.7,6,0
2025-02-17T02:00:00,1,0,2,1941,7765.5,3,0
2025-02-17T03:00:00,1,3,1,1943,5827.1,4,0
2025-02-17T04:00:00,1,0,4,1939,2907.9,8,0
2025-02-17T05:00:00,1,2,0,1941,3880.2,6,0
2025-02-17T06:00:00,1,0,1,1940,5818.6,4,0
2025-02-17T07:00:00,1,6,1,1945,4666.1,5,0
2025-02-17T08:00:00,1,0,0,1945,3889.1,6,0
2025-02-17T09:00:00,1,17,11,1951,5853.3,4,0
2025-02-17T10:00:00,1,13,11,1953,2928.3,8,0
2025-02-17T11:00:00,1,16,12,1957,11742.6,2,0
2025-02-17T12:00:00,1,12,8,1961,4705.1,5,0
2025-02-17T13:00:00,1,16,12,1965,2948.5,8,0
2025-02-17T14:00:00,1,15,11,1969,3375.7,7,0
2025-02-17T15:00:00,1,13,12,1970,3375.3,7,0
2025-02-17T16:00:00,1,11,6,1975,2960.9,8,0
2025-02-17T17:00:00,1,4,0,1979,5935.0,4,0
2025-02-17T18:00:00,1,0,0,1979,11875.3,2,0
2025-02-17T19:00:00,1,4,1,1982,4755.2,5,0
2025-02-17T20:00:00,1,5,5,1982,2972.7,8,0
2025-02-17T21:00:00,1,2,1,1983,3397.5,7,0
2025-02-17T22:00:00,1,0,2,1981,2971.9,8,0
2025-02-17T23:00:00,1,1,3,1979,2969.3,8,0
2025-02-18T00:00:00,1,4,6,1977,4746.1,5,0
2025-02-18T01:00:00,1,6,7,1976,3388.2,7,0
2025-02-18T02:00:00,1,5,6,1975,3386.5,7,0
2025-02-18T03:00:00,1,5,3,1977,5932.5,4,0
2025-02-18T04:00:00,1,4,2,1979,11875.1,2,0
2025-02-18T05:00:00,1,0,1,1978,5935.7,4,0
2025-02-18T06:00:00,1,1,0,1979,7915.1,3,0
2025-02-18T07:00:00,1,2,0,1981,3960.5,6,0
2025-02-18T08:00:00,1,0,0,1981,3963.0,6,0
2025-02-18T09:00:00,1,13,13,1981,2969.7,8,0
2025-02-18T10:00:00,1,6,0,1987,7947.5,3,0
2025-02-18T11:00:00,1,12,12,1987,4769.0,5,0
2025-02-18T12:00:00,1,12,8,1991,11946.4,2,0
2025-02-18T13:00:00,1,17,11,1997,11981.4,2,0
2025-02-18T14:00:00,1,12,10,1999,3997.5,6,0
2025-02-18T15:00:00,1,15,12,2002,12012.1,2,0
2025-02-18T16:00:00,1,13,10,2005,3436.1,7,0
2025-02-18T17:00:00,1,6,5,2006,4816.1,5,0
2025-02-18T18:00:00,1,5,3,2008,4819.7,5,0
2025-02-18T19:00:00,1,2,1,2009,4019.4,6,0
2025-02-18T20:00:00,1,5,2,2012,12073.2,2,0
2025-02-18T21:00:00,1,0,1,2011,3015.6,8,0
2025-02-18T22:00:00,1,3,2,2012,4829.5,5,0
2025-02-18T23:00:00,1,0,0,2012,3018.0,8,0
2025-02-19T00:00:00,1,2,3,2011,6034.3,4,0
2025-02-19T01:00:00,1,2,4,2009,3444.8,7,0
2025-02-19T02:00:00,1,3,1,2011,12067.6,2,0
2025-02-19T03:00:00,1,6,5,2012,4025.1,6,0
2025-02-19T04:00:00,1,2,0,2014,8056.0,3,0
2025-02-19T05:00:00,1,3,1,2016,6046.4,4,0
2025-02-19T06:00:00,1,1,1,2016,8064.9,3,0
2025-02-19T07:00:00,1,7,5,2018,4037.6,6,0
2025-02-19T08:00:00,1,4,1,2021,4851.7,5,0
2025-02-19T09:00:00,1,12,7,2026,3038.2,8,0
2025-02-19T10:00:00,1,18,13,2031,4061.4,6,0
2025-02-19T11:00:00,1,15,11,2035,3486.7,7,0
2025-02-19T12:00:00,1,14,9,2040,3498.2,7,0
2025-02-19T13:00:00,1,16,10,2046,4912.4,5,0
2025-02-19T14:00:00,1,13,7,2052,8208.4,3,0
2025-02-19T15:00:00,1,15,12,2055,12328.5,2,0
2025-02-19T16:00:00,1,13,9,2059,4116.1,6,0
2025-02-19T17:00:00,1,5,3,2061,12367.1,2,0
2025-02-19T18:00:00,1,6,2,2065,12391.4,2,0
2025-02-19T19:00:00,1,8,7,2066,3098.6,8,0
2025-02-19T20:00:00,1,6,5,2067,4960.8,5,0
2025-02-19T21:00:00,1,8,8,2067,8269.0,3,0
2025-02-19T22:00:00,1,6,6,2067,12403.8,2,0
2025-02-19T23:00:00,1,2,0,2069,12413.4,2,0
2025-02-20T00:00:00,1,4,4,2069,8274.7,3,0
2025-02-20T01:00:00,1,4,5,2068,3101.1,8,0
2025-02-20T02:00:00,1,7,2,2073,3109.3,8,0
2025-02-20T03:00:00,1,5,3,2075,3113.7,8,0
2025-02-20T04:00:00,1,4,4,2075,4148.2,6,0
2025-02-20T05:00:00,1,0,3,2072,8286.0,3,0
2025-02-20T06:00:00,1,4,3,2073,8292.0,3,0
2025-02-20T07:00:00,1,7,5,2075,8298.9,3,0
2025-02-20T08:00:00,1,4,3,2076,4983.7,5,0
2025-02-20T09:00:00,1,17,11,2082,6245.5,4,0
2025-02-20T10:00:00,1,12,8,2086,4172.4,6,0
2025-02-20T11:00:00,1,14,13,2087,8349.9,3,0
2025-02-20T12:00:00,1,16,16,2087,12523.7,2,0
2025-02-20T13:00:00,1,10,7,2090,3136.5,8,0
2025-02-20T14:00:00,1,16,14,2092,6274.4,4,0
2025-02-20T15:00:00,1,10,12,2090,6271.4,4,0
2025-02-20T16:00:00,1,13,10,2093,4184.6,6,0
2025-02-20T17:00:00,1,2,0,2095,3143.5,8,0
2025-02-20T18:00:00,1,2,0,2097,3595.8,7,0
2025-02-20T19:00:00,1,6,2,2101,4201.0,6,0
2025-02-20T20:00:00,1,14,12,2103,3606.1,7,0
2025-02-20T21:00:00,1,6,4,2105,8421.9,3,0
2025-02-20T22:00:00,1,2,2,2105,4209.3,6,0
2025-02-20T23:00:00,1,0,0,2105,3606.8,7,0
2025-02-21T00:00:00,1,7,7,2105,12628.4,2,0
2025-02-21T01:00:00,1,4,4,2105,6313.4,4,0
2025-02-21T02:00:00,1,2,0,2107,6319.8,4,0
2025-02-21T03:00:00,1,0,0,2107,8428.0,3,0
2025-02-21T04:00:00,1,4,4,2107,4212.9,6,0
2025-02-21T05:00:00,1,3,0,2110,3616.8,7,0
2025-02-21T06:00:00,1,4,3,2111,3618.7,7,0
2025-02-21T07:00:00,1,7,7,2111,3164.8,8,0
2025-02-21T08:00:00,1,3,3,2111,3168.5,8,0
2025-02-21T09:00:00,1,20,17,2114,4226.4,6,0
2025-02-21T10:00:00,1,18,13,2119,3630.6,7,0
2025-02-21T11:00:00,1,9,10,2118,6352.6,4,0
2025-02-21T12:00:00,1,18,14,2122,8489.6,3,0
2025-02-21T13:00:00,1,13,12,2123,12738.5,2,0
2025-02-21T14:00:00,1,14,13,2124,6373.4,4,0
2025-02-21T15:00:00,1,20,15,2129,12773.0,2,0
2025-02-21T16:00:00,1,15,9,2135,6406.0,4,0
2025-02-21T17:00:00,1,4,2,2137,3661.6,7,0
2025-02-21T18:00:00,1,8,7,2138,4275.0,6,0
2025-02-21T19:00:00,1,3,3,2138,12830.0,2,0
2025-02-21T20:00:00,1,3,0,2141,3210.7,8,0
2025-02-21T21:00:00,1,0,0,2141,5139.4,5,0
2025-02-21T22:00:00,1,5,4,2142,5139.2,5,0
2025-02-21T23:00:00,1,1,0,2143,5145.0,5,0
2025-02-22T00:00:00,1,4,2,2145,3677.0,7,0
2025-02-22T01:00:00,1,1,0,2146,4292.7,6,0
2025-02-22T02:00:00,1,2,0,2148,12888.2,2,0
2025-02-22T03:00:00,1,2,0,2150,3684.8,7,0
2025-02-22T04:00:00,1,2,1,2151,12904.8,2,0
2025-02-22T05:00:00,1,2,5,2148,4297.1,6,0
2025-02-22T06:00:00,1,4,3,2149,12894.1,2,0
2025-02-22T07:00:00,1,6,5,2150,12899.4,2,0
2025-02-22T08:00:00,1,3,3,2150,3224.2,8,0
2025-02-22T09:00:00,1,17,12,2155,3233.6,8,0
2025-02-22T10:00:00,1,15,11,2159,12954.1,2,0
2025-02-22T11:00:00,1,16,10,2165,3247.3,8,0
2025-02-22T12:00:00,1,12,10,2167,5199.6,5,0
2025-02-22T13:00:00,1,15,11,2171,4343.5,6,0
2025-02-22T14:00:00,1,13,4,2180,8720.6,3,0
2025-02-22T15:00:00,1,10,9,2181,3272.3,8,0
2025-02-22T16:00:00,1,19,14,2186,6558.5,4,0
2025-02-22T17:00:00,1,6,5,2187,3749.4,7,0
2025-02-22T18:00:00,1,11,8,2190,3754.8,7,0
2025-02-22T19:00:00,1,2,1,2191,3288.2,8,0
2025-02-22T20:00:00,1,1,0,2192,4382.0,6,0
2025-02-22T21:00:00,1,2,2,2192,5261.3,5,0
2025-02-22T22:00:00,1,1,0,2193,5261.9,5,0
2025-02-22T23:00:00,1,0,0,2193,3290.6,8,0
2025-02-23T00:00:00,1,4,1,2196,5271.3,5,0
2025-02-23T01:00:00,1,7,4,2199,4397.9,6,0
2025-02-23T02:00:00,1,2,2,2199,8797.5,3,0
2025-02-23T03:00:00,1,1,0,2200,3298.4,8,0
2025-02-23T04:00:00,1,3,3,2200,4399.2,6,0
2025-02-23T05:00:00,1,10,8,2202,6604.6,4,0
2025-02-23T06:00:00,1,1,1,2202,5285.1,5,0
2025-02-23T07:00:00,1,0,0,2202,3301.3,8,0
2025-02-23T08:00:00,1,6,2,2206,3309.1,8,0
2025-02-23T09:00:00,1,17,12,2211,5304.6,5,0
2025-02-23T10:00:00,1,16,8,2219,3803.3,7,0
2025-02-23T11:00:00,1,14,7,2226,8904.2,3,0
2025-02-23T12:00:00,1,19,16,2229,8916.8,3,0
2025-02-23T13:00:00,1,18,15,2232,4463.2,6,0
2025-02-23T14:00:00,1,12,6,2238,5370.6,5,0
2025-02-23T15:00:00,1,14,11,2241,13447.9,2,0
2025-02-23T16:00:00,1,19,15,2245,4488.4,6,0
2025-02-23T17:00:00,1,6,3,2248,3371.5,8,0
2025-02-23T18:00:00,1,4,4,2248,4496.5,6,0
2025-02-23T19:00:00,1,10,8,2250,13500.6,2,0
2025-02-23T20:00:00,1,2,3,2249,3857.3,7,0
2025-02-23T21:00:00,1,5,4,2250,6748.5,4,0
2025-02-23T22:00:00,1,5,4,2251,3376.2,8,0
2025-02-23T23:00:00,1,0,2,2249,3372.0,8,0
2025-02-24T00:00:00,1,2,0,2251,5400.8,5,0
2025-02-24T01:00:00,1,7,8,2250,4498.2,6,0
2025-02-24T02:00:00,1,7,7,2250,3375.3,8,0
2025-02-24T03:00:00,1,0,0,2250,9001.2,3,0
2025-02-24T04:00:00,1,1,0,2251,6751.8,4,0
2025-02-24T05:00:00,1,1,1,2251,3860.1,7,0
2025-02-24T06:00:00,1,3,2,2252,3861.9,7,0
2025-02-24T07:00:00,1,5,1,2256,13535.5,2,0
2025-02-24T08:00:00,1,6,6,2256,3867.2,7,0
2025-02-24T09:00:00,1,16,12,2260,13558.2,2,0
2025-02-24T10:00:00,1,8,7,2261,6783.6,4,0
2025-02-24T11:00:00,1,13,10,2264,3881.8,7,0
2025-02-24T12:00:00,1,15,9,2270,4539.0,6,0
2025-02-24T13:00:00,1,11,12,2269,4537.8,6,0
2025-02-24T14:00:00,1,14,12,2271,9083.3,3,0
2025-02-24T15:00:00,1,10,8,2273,13636.6,2,0
2025-02-24T16:00:00,1,16,15,2274,13645.9,2,0
2025-02-24T17:00:00,1,6,4,2276,6827.1,4,0
2025-02-24T18:00:00,1,6,1,2281,9123.4,3,0
2025-02-24T19:00:00,1,1,1,2281,3910.2,7,0
2025-02-24T20:00:00,1,5,5,2281,4560.7,6,0
2025-02-24T21:00:00,1,7,8,2280,9118.0,3,0
2025-02-24T22:00:00,1,0,1,2279,5470.9,5,0
2025-02-24T23:00:00,1,8,5,2282,13691.6,2,0
2025-02-25T00:00:00,1,4,1,2285,4571.4,6,0
2025-02-25T01:00:00,1,0,0,2285,6855.2,4,0
2025-02-25T02:00:00,1,1,0,2286,5486.5,5,0
2025-02-25T03:00:00,1,3,1,2288,3922.4,7,0
2025-02-25T04:00:00,1,5,1,2292,3929.1,7,0
2025-02-25T05:00:00,1,5,4,2293,4584.2,6,0
2025-02-25T06:00:00,1,7,6,2294,3931.6,7,0
2025-02-25T07:00:00,1,2,1,2295,6884.9,4,0
2025-02-25T08:00:00,1,3,2,2296,9185.5,3,0
2025-02-25T09:00:00,1,17,13,2300,3941.0,7,0
2025-02-25T10:00:00,1,16,10,2306,9223.8,3,0
2025-02-25T11:00:00,1,18,15,2309,13854.9,2,0
2025-02-25T12:00:00,1,19,14,2314,6941.4,4,0
2025-02-25T13:00:00,1,12,11,2315,3968.9,7,0
2025-02-25T14:00:00,1,12,12,2315,4630.9,6,0
2025-02-25T15:00:00,1,16,12,2319,5566.0,5,0
2025-02-25T16:00:00,1,14,14,2319,5566.3,5,0
2025-02-25T17:00:00,1,6,7,2318,5564.0,5,0
2025-02-25T18:00:00,1,4,0,2322,3979.4,7,0
2025-02-25T19:00:00,1,0,0,2322,9288.0,3,0
2025-02-25T20:00:00,1,10,7,2325,4651.4,6,0
2025-02-25T21:00:00,1,4,0,2329,6985.1,4,0
2025-02-25T22:00:00,1,1,1,2329,4658.9,6,0
2025-02-25T23:00:00,1,3,1,2331,6992.4,4,0
2025-02-26T00:00:00,1,8,3,2336,14015.6,2,0
2025-02-26T01:00:00,1,2,0,2338,5610.1,5,0
2025-02-26T02:00:00,1,1,3,2336,5607.1,5,0
2025-02-26T03:00:00,1,0,0,2336,14016.7,2,0
2025-02-26T04:00:00,1,0,0,2336,4673.5,6,0
2025-02-26T05:00:00,1,11,6,2341,9362.6,3,0
2025-02-26T06:00:00,1,1,3,2339,7018.3,4,0
2025-02-26T07:00:00,1,5,6,2338,4006.9,7,0
2025-02-26T08:00:00,1,3,2,2339,3507.5,8,0
2025-02-26T09:00:00,1,12,5,2346,7037.1,4,0
2025-02-26T10:00:00,1,19,14,2351,4031.0,7,0
2025-02-26T11:00:00,1,11,12,2350,5640.5,5,0
2025-02-26T12:00:00,1,18,13,2355,9421.5,3,0
2025-02-26T13:00:00,1,18,15,2358,4043.1,7,0
2025-02-26T14:00:00,1,14,8,2364,5675.4,5,0
2025-02-26T15:00:00,1,14,7,2371,9484.5,3,0
2025-02-26T16:00:00,1,15,13,2373,4067.5,7,0
2025-02-26T17:00:00,1,5,0,2378,7135.5,4,0
2025-02-26T18:00:00,1,11,6,2383,4083.3,7,0
2025-02-26T19:00:00,1,7,4,2386,7156.1,4,0
2025-02-26T20:00:00,1,1,2,2385,3579.0,8,0
2025-02-26T21:00:00,1,5,3,2387,3580.9,8,0
2025-02-26T22:00:00,1,5,2,2390,4096.4,7,0
2025-02-26T23:00:00,1,0,2,2388,5729.9,5,0
2025-02-27T00:00:00,1,6,0,2394,4104.0,7,0
2025-02-27T01:00:00,1,3,3,2394,14363.8,2,0
2025-02-27T02:00:00,1,0,2,2392,4101.6,7,0
2025-02-27T03:00:00,1,0,0,2392,9566.4,3,0
2025-02-27T04:00:00,1,9,5,2396,5750.9,5,0
2025-02-27T05:00:00,1,3,4,2395,7183.3,4,0
2025-02-27T06:00:00,1,1,0,2396,4106.2,7,0
2025-02-27T07:00:00,1,2,0,2398,3595.1,8,0
2025-02-27T08:00:00,1,2,0,2400,14399.0,2,0
2025-02-27T09:00:00,1,11,5,2406,3610.3,8,0
2025-02-27T10:00:00,1,13,9,2410,9639.1,3,0
2025-02-27T11:00:00,1,17,11,2416,14497.3,2,0
2025-02-27T12:00:00,1,14,11,2419,4838.6,6,0
2025-02-27T13:00:00,1,11,11,2419,4838.7,6,0
2025-02-27T14:00:00,1,12,10,2421,7264.3,4,0
2025-02-27T15:00:00,1,10,5,2426,4853.8,6,0
2025-02-27T16:00:00,1,15,14,2427,5824.3,5,0
2025-02-27T17:00:00,1,2,3,2426,14556.6,2,0
2025-02-27T18:00:00,1,0,2,2424,7273.0,4,0
2025-02-27T19:00:00,1,4,2,2426,14557.2,2,0
2025-02-27T20:00:00,1,6,0,2432,7297.1,4,0
2025-02-27T21:00:00,1,9,6,2435,5845.5,5,0
2025-02-27T22:00:00,1,3,3,2435,5843.8,5,0
2025-02-27T23:00:00,1,0,1,2434,3649.7,8,0
2025-02-28T00:00:00,1,0,0,2434,14606.0,2,0
2025-02-28T01:00:00,1,5,1,2438,4877.2,6,0
2025-02-28T02:00:00,1,3,2,2439,4179.4,7,0
2025-02-28T03:00:00,1,5,2,2442,3661.9,8,0
2025-02-28T04:00:00,1,0,1,2441,5856.8,5,0
2025-02-28T05:00:00,1,4,4,2441,3660.7,8,0
2025-02-28T06:00:00,1,3,0,2444,3666.7,8,0
2025-02-28T07:00:00,1,6,5,2445,4891.2,6,0
2025-02-28T08:00:00,1,1,0,2446,4191.2,7,0
2025-02-28T09:00:00,1,12,11,2447,3670.5,8,0
2025-02-28T10:00:00,1,17,13,2451,9804.1,3,0
2025-02-28T11:00:00,1,13,12,2452,5883.2,5,0
2025-02-28T12:00:00,1,18,13,2457,4212.6,7,0
2025-02-28T13:00:00,1,18,17,2458,14749.5,2,0
2025-02-28T14:00:00,1,13,9,2462,5909.6,5,0
2025-02-28T15:00:00,1,13,9,2466,3697.1,8,0
2025-02-28T16:00:00,1,11,4,2473,4241.0,7,0
2025-02-28T17:00:00,1,10,8,2475,4244.6,7,0
2025-02-28T18:00:00,1,2,3,2474,14845.6,2,0
2025-02-28T19:00:00,1,4,2,2476,7426.1,4,0
2025-02-28T20:00:00,1,4,7,2473,4237.8,7,0
2025-02-28T21:00:00,1,0,0,2473,4239.3,7,0
2025-02-28T22:00:00,1,3,1,2475,7426.4,4,0
2025-02-28T23:00:00,1,0,2,2473,9890.9,3,0
2025-03-01T00:00:00,1,10,7,2476,5943.1,5,0
2025-03-01T01:00:00,1,3,0,2479,3719.2,8,0
2025-03-01T02:00:00,1,3,2,2480,9921.1,3,0
2025-03-01T03:00:00,1,0,0,2480,9920.1,3,0
2025-03-01T04:00:00,1,9,7,2482,5957.9,5,0
2025-03-01T05:00:00,1,7,3,2486,7459.9,4,0
2025-03-01T06:00:00,1,4,2,2488,14929.1,2,0
2025-03-01T07:00:00,1,0,0,2488,3732.0,8,0
2025-03-01T08:00:00,1,6,3,2491,3734.6,8,0
2025-03-01T09:00:00,1,14,7,2498,4284.2,7,0
2025-03-01T10:00:00,1,10,8,2500,4285.8,7,0
2025-03-01T11:00:00,1,11,6,2505,5010.9,6,0
2025-03-01T12:00:00,1,13,14,2504,4294.6,7,0
2025-03-01T13:00:00,1,15,13,2506,10025.7,3,0
2025-03-01T14:00:00,1,17,13,2510,7531.5,4,0
2025-03-01T15:00:00,1,16,13,2513,7541.0,4,0
2025-03-01T16:00:00,1,16,11,2518,5036.9,6,0
2025-03-01T17:00:00,1,1,0,2519,4319.9,7,0
2025-03-01T18:00:00,1,6,3,2522,5043.8,6,0
2025-03-01T19:00:00,1,7,5,2524,4327.5,7,0
2025-03-01T20:00:00,1,1,5,2520,6049.3,5,0
2025-03-01T21:00:00,1,4,1,2523,10090.9,3,0
2025-03-01T22:00:00,1,5,6,2522,4323.5,7,0
2025-03-01T23:00:00,1,3,2,2523,15138.9,2,0
2025-03-02T00:00:00,1,3,2,2524,3784.6,8,0
2025-03-02T01:00:00,1,5,3,2526,10105.9,3,0
2025-03-02T02:00:00,1,6,1,2531,5063.2,6,0
2025-03-02T03:00:00,1,5,3,2533,10130.5,3,0
2025-03-02T04:00:00,1,6,2,2537,7610.0,4,0
2025-03-02T05:00:00,1,3,3,2537,15220.1,2,0
2025-03-02T06:00:00,1,0,0,2537,10148.9,3,0
2025-03-02T07:00:00,1,0,0,2537,3803.9,8,0
2025-03-02T08:00:00,1,3,0,2540,6094.4,5,0
2025-03-02T09:00:00,1,14,10,2544,4359.3,7,0
2025-03-02T10:00:00,1,15,9,2550,7651.3,4,0
2025-03-02T11:00:00,1,16,14,2552,5105.4,6,0
2025-03-02T12:00:00,1,16,12,2556,7666.3,4,0
2025-03-02T13:00:00,1,15,10,2561,10242.4,3,0
2025-03-02T14:00:00,1,13,12,2562,15373.7,2,0
2025-03-02T15:00:00,1,19,17,2564,5126.4,6,0
2025-03-02T16:00:00,1,16,8,2572,6172.8,5,0
2025-03-02T17:00:00,1,3,5,2570,15420.1,2,0
2025-03-02T18:00:00,1,6,5,2571,5141.7,6,0
2025-03-02T19:00:00,1,0,1,2570,3856.8,8,0
2025-03-02T20:00:00,1,5,5,2570,10280.8,3,0
2025-03-02T21:00:00,1,2,0,2572,6172.5,5,0
2025-03-02T22:00:00,1,1,0,2573,10293.9,3,0
2025-03-02T23:00:00,1,5,7,2571,3856.5,8,0
2025-03-03T00:00:00,1,7,5,2573,10293.8,3,0
2025-03-03T01:00:00,1,0,2,2571,5140.3,6,0
2025-03-03T02:00:00,1,1,4,2568,6163.6,5,0
2025-03-03T03:00:00,1,1,0,2569,10274.8,3,0
2025-03-03T04:00:00,1,2,1,2570,15421.5,2,0
2025-03-03T05:00:00,1,3,0,2573,15437.1,2,0
2025-03-03T06:00:00,1,8,5,2576,4417.7,7,0
2025-03-03T07:00:00,1,4,2,2578,3865.4,8,0
2025-03-03T08:00:00,1,0,0,2578,10312.4,3,0
2025-03-03T09:00:00,1,13,9,2582,7745.4,4,0
2025-03-03T10:00:00,1,13,6,2589,6214.7,5,0
2025-03-03T11:00:00,1,23,19,2593,4446.6,7,0
2025-03-03T12:00:00,1,9,10,2592,15551.6,2,0
2025-03-03T13:00:00,1,14,10,2596,4449.5,7,0
2025-03-03T14:00:00,1,12,9,2599,6235.7,5,0
2025-03-03T15:00:00,1,17,13,2603,10411.2,3,0
2025-03-03T16:00:00,1,11,10,2604,3906.5,8,0
2025-03-03T17:00:00,1,4,7,2601,15606.4,2,0
2025-03-03T18:00:00,1,2,0,2603,5205.2,6,0
2025-03-03T19:00:00,1,6,3,2606,7816.1,4,0
2025-03-03T20:00:00,1,0,0,2606,6252.4,5,0
2025-03-03T21:00:00,1,5,1,2610,10438.5,3,0
2025-03-03T22:00:00,1,7,6,2611,7834.2,4,0
2025-03-03T23:00:00,1,3,3,2611,15665.4,2,0
2025-03-04T00:00:00,1,6,4,2613,6271.0,5,0
2025-03-04T01:00:00,1,2,2,2613,4478.1,7,0
2025-03-04T02:00:00,1,1,3,2611,6264.5,5,0
2025-03-04T03:00:00,1,1,1,2611,3916.6,8,0
2025-03-04T04:00:00,1,4,3,2612,10449.0,3,0
2025-03-04T05:00:00,1,1,0,2613,3921.2,8,0
2025-03-04T06:00:00,1,1,2,2612,3917.4,8,0
2025-03-04T07:00:00,1,3,2,2613,7840.3,4,0
2025-03-04T08:00:00,1,2,0,2615,10459.0,3,0
2025-03-04T09:00:00,1,10,8,2617,10466.3,3,0
2025-03-04T10:00:00,1,14,13,2618,15706.3,2,0
2025-03-04T11:00:00,1,14,9,2623,10493.1,3,0
2025-03-04T12:00:00,1,13,9,2627,6305.1,5,0
2025-03-04T13:00:00,1,16,11,2632,3947.2,8,0
2025-03-04T14:00:00,1,11,8,2635,10539.7,3,0
2025-03-04T15:00:00,1,14,13,2636,15816.2,2,0
2025-03-04T16:00:00,1,15,6,2645,5288.1,6,0
2025-03-04T17:00:00,1,0,0,2645,3966.7,8,0
2025-03-04T18:00:00,1,1,0,2646,5290.3,6,0
2025-03-04T19:00:00,1,2,3,2645,10578.1,3,0
2025-03-04T20:00:00,1,3,0,2648,15886.5,2,0
2025-03-04T21:00:00,1,4,4,2648,15889.0,2,0
2025-03-04T22:00:00,1,2,0,2650,3976.8,8,0
2025-03-04T23:00:00,1,9,6,2653,15916.0,2,0
2025-03-05T00:00:00,1,3,3,2653,5307.7,6,0
2025-03-05T01:00:00,1,6,8,2651,3976.8,8,0
2025-03-05T02:00:00,1,3,0,2654,7962.3,4,0
2025-03-05T03:00:00,1,0,1,2653,4548.4,7,0
2025-03-05T04:00:00,1,5,5,2653,15919.2,2,0
2025-03-05T05:00:00,1,4,3,2654,4548.4,7,0
2025-03-05T06:00:00,1,0,0,2654,15925.6,2,0
2025-03-05T07:00:00,1,3,1,2656,10625.2,3,0
2025-03-05T08:00:00,1,4,0,2660,6385.3,5,0
2025-03-05T09:00:00,1,14,11,2663,5327.5,6,0
2025-03-05T10:00:00,1,18,15,2666,7996.5,4,0
2025-03-05T11:00:00,1,17,11,2672,16031.8,2,0
2025-03-05T12:00:00,1,14,14,2672,8017.6,4,0
2025-03-05T13:00:00,1,16,11,2677,4589.5,7,0
2025-03-05T14:00:00,1,15,9,2683,16099.5,2,0
2025-03-05T15:00:00,1,13,9,2687,10747.4,3,0
2025-03-05T16:00:00,1,16,14,2689,4611.4,7,0
2025-03-05T17:00:00,1,4,2,2691,4035.7,8,0
2025-03-05T18:00:00,1,4,2,2693,6464.7,5,0
2025-03-05T19:00:00,1,10,2,2701,5400.0,6,0
2025-03-05T20:00:00,1,0,0,2701,10804.0,3,0
2025-03-05T21:00:00,1,0,0,2701,6484.4,5,0
2025-03-05T22:00:00,1,3,1,2703,8107.7,4,0
2025-03-05T23:00:00,1,8,4,2707,16240.9,2,0
2025-03-06T00:00:00,1,6,2,2711,4645.7,7,0
2025-03-06T01:00:00,1,2,1,2712,5424.3,6,0
2025-03-06T02:00:00,1,5,3,2714,6512.7,5,0
2025-03-06T03:00:00,1,8,8,2714,8140.5,4,0
2025-03-06T04:00:00,1,7,9,2712,4067.1,8,0
2025-03-06T05:00:00,1,8,6,2714,6515.2,5,0
2025-03-06T06:00:00,1,1,2,2713,6510.6,5,0
2025-03-06T07:00:00,1,7,7,2713,6510.1,5,0
2025-03-06T08:00:00,1,2,1,2714,4651.0,7,0
2025-03-06T09:00:00,1,13,9,2718,4658.3,7,0
2025-03-06T10:00:00,1,14,10,2722,8164.9,4,0
2025-03-06T11:00:00,1,9,8,2723,6534.7,5,0
2025-03-06T12:00:00,1,16,13,2726,4088.6,8,0
2025-03-06T13:00:00,1,16,14,2728,8184.5,4,0
2025-03-06T14:00:00,1,18,15,2731,5462.4,6,0
2025-03-06T15:00:00,1,13,8,2736,16414.6,2,0
2025-03-06T16:00:00,1,14,8,2742,16453.7,2,0
2025-03-06T17:00:00,1,6,3,2745,5488.9,6,0
2025-03-06T18:00:00,1,4,2,2747,6592.4,5,0
2025-03-06T19:00:00,1,4,7,2744,4114.0,8,0
2025-03-06T20:00:00,1,3,0,2747,5495.6,6,0
2025-03-06T21:00:00,1,4,1,2750,4125.2,8,0
2025-03-06T22:00:00,1,5,3,2752,5505.3,6,0
2025-03-06T23:00:00,1,6,11,2747,4708.8,7,0
2025-03-07T00:00:00,1,5,2,2750,16498.6,2,0
2025-03-07T01:00:00,1,5,4,2751,16505.1,2,0
2025-03-07T02:00:00,1,2,1,2752,4126.9,8,0
2025-03-07T03:00:00,1,0,0,2752,8254.3,4,0
2025-03-07T04:00:00,1,4,1,2755,5510.8,6,0
2025-03-07T05:00:00,1,3,0,2758,8275.3,4,0
2025-03-07T06:00:00,1,11,9,2760,6624.0,5,0
2025-03-07T07:00:00,1,0,0,2760,6622.3,5,0
2025-03-07T08:00:00,1,2,0,2762,4143.2,8,0
2025-03-07T09:00:00,1,13,13,2762,11047.8,3,0
2025-03-07T10:00:00,1,21,16,2767,5533.3,6,0
2025-03-07T11:00:00,1,16,11,2772,6653.5,5,0
2025-03-07T12:00:00,1,18,18,2772,4753.7,7,0
2025-03-07T13:00:00,1,18,16,2774,6656.0,5,0
2025-03-07T14:00:00,1,18,16,2776,5551.9,6,0
2025-03-07T15:00:00,1,19,14,2781,5560.1,6,0
2025-03-07T16:00:00,1,20,16,2785,8353.2,4,0
2025-03-07T17:00:00,1,6,4,2787,4180.4,8,0
2025-03-07T18:00:00,1,10,7,2790,4186.9,8,0
2025-03-07T19:00:00,1,6,5,2791,5580.9,6,0
2025-03-07T20:00:00,1,4,3,2792,5585.7,6,0
2025-03-07T21:00:00,1,5,4,2793,8379.7,4,0
2025-03-07T22:00:00,1,5,0,2798,11193.6,3,0
2025-03-07T23:00:00,1,3,3,2798,4794.7,7,0
2025-03-08T00:00:00,1,0,0,2798,8395.7,4,0
2025-03-08T01:00:00,1,4,3,2799,4198.9,8,0
2025-03-08T02:00:00,1,6,3,2802,4803.9,7,0
2025-03-08T03:00:00,1,5,3,2804,5607.9,6,0
2025-03-08T04:00:00,1,2,1,2805,6731.8,5,0
2025-03-08T05:00:00,1,6,3,2808,4211.4,8,0
2025-03-08T06:00:00,1,6,4,2810,4213.6,8,0
2025-03-08T07:00:00,1,2,2,2810,16861.1,2,0
2025-03-08T08:00:00,1,3,2,2811,8431.7,4,0
2025-03-08T09:00:00,1,16,15,2812,6750.6,5,0
2025-03-08T10:00:00,1,12,8,2816,6757.6,5,0
2025-03-08T11:00:00,1,14,14,2816,16897.2,2,0
2025-03-08T12:00:00,1,12,11,2817,8449.7,4,0
2025-03-08T13:00:00,1,10,7,2820,6768.3,5,0
2025-03-08T14:00:00,1,14,10,2824,4236.7,8,0
2025-03-08T15:00:00,1,17,11,2830,5658.7,6,0
2025-03-08T16:00:00,1,15,15,2830,6794.0,5,0
2025-03-08T17:00:00,1,0,1,2829,4849.2,7,0
2025-03-08T18:00:00,1,6,5,2830,5659.5,6,0
2025-03-08T19:00:00,1,3,1,2832,6796.9,5,0
2025-03-08T20:00:00,1,8,7,2833,5665.4,6,0
2025-03-08T21:00:00,1,0,1,2832,8496.3,4,0
2025-03-08T22:00:00,1,0,0,2832,5665.6,6,0
2025-03-08T23:00:00,1,0,3,2829,11315.8,3,0
2025-03-09T00:00:00,1,0,0,2829,11314.8,3,0
2025-03-09T01:00:00,1,3,1,2831,8492.0,4,0
2025-03-09T02:00:00,1,6,4,2833,16996.6,2,0
2025-03-09T03:00:00,1,0,0,2833,5664.6,6,0
2025-03-09T04:00:00,1,8,5,2836,8506.5,4,0
2025-03-09T05:00:00,1,3,0,2839,5676.7,6,0
2025-03-09T06:00:00,1,4,7,2836,8509.0,4,0
2025-03-09T07:00:00,1,1,3,2834,11335.1,3,0
2025-03-09T08:00:00,1,5,7,2832,11327.8,3,0
2025-03-09T09:00:00,1,11,8,2835,17010.0,2,0
2025-03-09T10:00:00,1,13,12,2836,11342.5,3,0
2025-03-09T11:00:00,1,12,8,2840,8521.8,4,0
2025-03-09T12:00:00,1,18,14,2844,4876.1,7,0
2025-03-09T13:00:00,1,12,9,2847,5695.3,6,0
2025-03-09T14:00:00,1,14,14,2847,5693.5,6,0
2025-03-09T15:00:00,1,15,12,2850,5700.8,6,0
2025-03-09T16:00:00,1,16,10,2856,8567.5,4,0
2025-03-09T17:00:00,1,7,3,2860,5720.9,6,0
2025-03-09T18:00:00,1,1,0,2861,6864.6,5,0
2025-03-09T19:00:00,1,4,5,2860,11438.3,3,0
2025-03-09T20:00:00,1,6,1,2865,17191.5,2,0
2025-03-09T21:00:00,1,4,6,2863,17177.4,2,0
2025-03-09T22:00:00,1,8,7,2864,4295.2,8,0
2025-03-09T23:00:00,1,0,1,2863,4909.5,7,0
2025-03-10T00:00:00,1,3,1,2865,11461.2,3,0
2025-03-10T01:00:00,1,4,4,2865,6875.1,5,0
2025-03-10T02:00:00,1,0,0,2865,17189.6,2,0
2025-03-10T03:00:00,1,3,3,2865,17191.8,2,0
2025-03-10T04:00:00,1,4,3,2866,8598.9,4,0
2025-03-10T05:00:00,1,3,4,2865,4297.1,8,0
2025-03-10T06:00:00,1,5,4,2866,11464.0,3,0
2025-03-10T07:00:00,1,6,7,2865,17189.5,2,0
2025-03-10T08:00:00,1,2,5,2862,11446.1,3,0
2025-03-10T09:00:00,1,17,16,2863,4294.6,8,0
2025-03-10T10:00:00,1,17,15,2865,17190.8,2,0
2025-03-10T11:00:00,1,12,8,2869,4917.5,7,0
2025-03-10T12:00:00,1,9,6,2872,6892.7,5,0
2025-03-10T13:00:00,1,14,10,2876,6901.0,5,0
2025-03-10T14:00:00,1,13,8,2881,5762.5,6,0
2025-03-10T15:00:00,1,15,14,2882,4941.1,7,0
2025-03-10T16:00:00,1,13,14,2881,6912.8,5,0
2025-03-10T17:00:00,1,4,3,2882,11528.7,3,0
2025-03-10T18:00:00,1,4,3,2883,5767.0,6,0
2025-03-10T19:00:00,1,1,0,2884,17303.0,2,0
2025-03-10T20:00:00,1,1,2,2883,4941.8,7,0
2025-03-10T21:00:00,1,0,4,2879,5758.2,6,0
2025-03-10T22:00:00,1,6,2,2883,4325.6,8,0
2025-03-10T23:00:00,1,6,6,2883,5765.9,6,0
2025-03-11T00:00:00,1,1,1,2883,4323.3,8,0
2025-03-11T01:00:00,1,11,7,2887,11546.2,3,0
2025-03-11T02:00:00,1,5,2,2890,6936.1,5,0
2025-03-11T03:00:00,1,9,5,2894,11576.9,3,0
2025-03-11T04:00:00,1,13,11,2896,4343.4,8,0
2025-03-11T05:00:00,1,1,0,2897,17381.4,2,0
2025-03-11T06:00:00,1,1,1,2897,4965.1,7,0
2025-03-11T07:00:00,1,10,8,2899,8697.0,4,0
2025-03-11T08:00:00,1,0,0,2899,11597.2,3,0
2025-03-11T09:00:00,1,12,9,2902,6965.4,5,0
2025-03-11T10:00:00,1,16,12,2906,17436.4,2,0
2025-03-11T11:00:00,1,17,13,2910,5818.7,6,0
2025-03-11T12:00:00,1,19,15,2914,6995.0,5,0
2025-03-11T13:00:00,1,16,12,2918,17507.8,2,0
2025-03-11T14:00:00,1,8,6,2920,11680.4,3,0
2025-03-11T15:00:00,1,13,11,2922,7011.1,5,0
2025-03-11T16:00:00,1,12,10,2924,7018.8,5,0
2025-03-11T17:00:00,1,4,5,2923,7013.4,5,0
2025-03-11T18:00:00,1,7,8,2922,11690.0,3,0
2025-03-11T19:00:00,1,3,5,2920,4381.8,8,0
2025-03-11T20:00:00,1,1,3,2918,17507.7,2,0
2025-03-11T21:00:00,1,0,0,2918,17510.0,2,0
2025-03-11T22:00:00,1,0,0,2918,17506.2,2,0
2025-03-11T23:00:00,1,3,2,2919,17512.8,2,0
2025-03-12T00:00:00,1,5,3,2921,5008.2,7,0
2025-03-12T01:00:00,1,5,1,2925,4388.5,8,0
2025-03-12T02:00:00,1,5,3,2927,5016.5,7,0
2025-03-12T03:00:00,1,4,2,2929,5021.8,7,0
2025-03-12T04:00:00,1,3,2,2930,11718.1,3,0
2025-03-12T05:00:00,1,5,6,2929,17575.8,2,0
2025-03-12T06:00:00,1,6,7,2928,5018.5,7,0
2025-03-12T07:00:00,1,4,2,2930,5023.1,7,0
2025-03-12T08:00:00,1,4,4,2930,4397.0,8,0
2025-03-12T09:00:00,1,14,13,2931,5024.9,7,0
2025-03-12T10:00:00,1,14,8,2937,17620.5,2,0
2025-03-12T11:00:00,1,19,16,2940,5040.5,7,0
2025-03-12T12:00:00,1,17,15,2942,4413.9,8,0
2025-03-12T13:00:00,1,18,14,2946,8837.9,4,0
2025-03-12T14:00:00,1,14,7,2953,5906.9,6,0
2025-03-12T15:00:00,1,13,10,2956,11822.9,3,0
2025-03-12T16:00:00,1,16,12,2960,17759.6,2,0
2025-03-12T17:00:00,1,1,0,2961,17765.6,2,0
2025-03-12T18:00:00,1,8,2,2967,17803.5,2,0
2025-03-12T19:00:00,1,7,8,2966,5083.7,7,0
2025-03-12T20:00:00,1,10,6,2970,11879.6,3,0
2025-03-12T21:00:00,1,4,2,2972,17831.3,2,0
2025-03-12T22:00:00,1,4,4,2972,17830.0,2,0
2025-03-12T23:00:00,1,4,1,2975,11901.1,3,0
2025-03-13T00:00:00,1,1,4,2972,8917.8,4,0
2025-03-13T01:00:00,1,0,0,2972,4457.4,8,0
2025-03-13T02:00:00,1,0,0,2972,17832.2,2,0
2025-03-13T03:00:00,1,4,0,2976,17854.1,2,0
2025-03-13T04:00:00,1,7,4,2979,5956.1,6,0
2025-03-13T05:00:00,1,1,1,2979,11914.8,3,0
2025-03-13T06:00:00,1,9,7,2981,7153.0,5,0
2025-03-13T07:00:00,1,6,5,2982,5111.1,7,0
2025-03-13T08:00:00,1,7,4,2985,4477.7,8,0
2025-03-13T09:00:00,1,15,10,2990,17939.0,2,0
2025-03-13T10:00:00,1,12,12,2990,5981.0,6,0
2025-03-13T11:00:00,1,15,13,2992,5131.0,7,0
2025-03-13T12:00:00,1,11,11,2992,17952.4,2,0
2025-03-13T13:00:00,1,13,15,2990,7174.2,5,0
2025-03-13T14:00:00,1,20,14,2996,17976.7,2,0
2025-03-13T15:00:00,1,12,7,3001,12004.0,3,0
2025-03-13T16:00:00,1,12,7,3006,5153.1,7,0
2025-03-13T17:00:00,1,3,2,3007,6013.7,6,0
2025-03-13T18:00:00,1,6,6,3007,12028.2,3,0
2025-03-13T19:00:00,1,5,0,3012,4519.0,8,0
2025-03-13T20:00:00,1,5,0,3017,6035.6,6,0
2025-03-13T21:00:00,1,0,0,3017,18101.6,2,0
2025-03-13T22:00:00,1,1,1,3017,18101.7,2,0
2025-03-13T23:00:00,1,7,5,3019,7244.4,5,0
2025-03-14T00:00:00,1,5,1,3023,5182.4,7,0
2025-03-14T01:00:00,1,4,1,3026,5187.0,7,0
2025-03-14T02:00:00,1,7,5,3028,9082.3,4,0
2025-03-14T03:00:00,1,4,4,3028,18170.0,2,0
2025-03-14T04:00:00,1,5,6,3027,18163.7,2,0
2025-03-14T05:00:00,1,5,6,3026,6051.8,6,0
2025-03-14T06:00:00,1,0,0,3026,12103.5,3,0
2025-03-14T07:00:00,1,2,0,3028,18166.2,2,0
2025-03-14T08:00:00,1,2,0,3030,18181.5,2,0
2025-03-14T09:00:00,1,13,4,3039,9117.9,4,0
2025-03-14T10:00:00,1,15,16,3038,18227.5,2,0
2025-03-14T11:00:00,1,16,13,3041,5214.4,7,0
2025-03-14T12:00:00,1,15,14,3042,12169.0,3,0
2025-03-14T13:00:00,1,22,17,3047,12189.1,3,0
2025-03-14T14:00:00,1,13,11,3049,5227.3,7,0
2025-03-14T15:00:00,1,4,0,3053,6106.2,6,0
2025-03-14T16:00:00,1,15,9,3059,9177.8,4,0
2025-03-14T17:00:00,1,12,10,3061,4593.1,8,0
2025-03-14T18:00:00,1,3,3,3061,7344.4,5,0
2025-03-14T19:00:00,1,3,4,3060,6118.7,6,0
2025-03-14T20:00:00,1,0,0,3060,6118.4,6,0
2025-03-14T21:00:00,1,2,3,3059,6117.0,6,0
2025-03-14T22:00:00,1,1,3,3057,7335.6,5,0
2025-03-14T23:00:00,1,2,4,3055,12221.7,3,0
2025-03-15T00:00:00,1,6,4,3057,9170.2,4,0
2025-03-15T01:00:00,1,4,1,3060,6119.2,6,0
2025-03-15T02:00:00,1,7,7,3060,18360.9,2,0
2025-03-15T03:00:00,1,4,2,3062,5250.8,7,0
2025-03-15T04:00:00,1,3,4,3061,6122.6,6,0
2025-03-15T05:00:00,1,2,0,3063,18378.4,2,0
2025-03-15T06:00:00,1,3,0,3066,18394.4,2,0
2025-03-15T07:00:00,1,1,0,3067,9200.8,4,0
2025-03-15T08:00:00,1,0,1,3066,7357.9,5,0
2025-03-15T09:00:00,1,13,14,3065,4597.4,8,0
2025-03-15T10:00:00,1,17,11,3071,4605.5,8,0
2025-03-15T11:00:00,1,14,11,3074,7377.9,5,0
2025-03-15T12:00:00,1,20,16,3078,6156.3,6,0
2025-03-15T13:00:00,1,17,12,3083,18499.2,2,0
2025-03-15T14:00:00,1,9,9,3083,12330.2,3,0
2025-03-15T15:00:00,1,12,5,3090,12359.6,3,0
2025-03-15T16:00:00,1,11,13,3088,5294.0,7,0
2025-03-15T17:00:00,1,4,5,3087,5291.9,7,0
2025-03-15T18:00:00,1,0,0,3087,9262.6,4,0
2025-03-15T19:00:00,1,1,0,3088,18529.2,2,0
2025-03-15T20:00:00,1,3,1,3090,9269.1,4,0
2025-03-15T21:00:00,1,3,0,3093,7422.0,5,0
2025-03-15T22:00:00,1,1,3,3091,4636.2,8,0
2025-03-15T23:00:00,1,6,6,3091,12365.9,3,0
2025-03-16T00:00:00,1,2,0,3093,12373.6,3,0
2025-03-16T01:00:00,1,3,0,3096,12385.1,3,0
2025-03-16T02:00:00,1,0,0,3096,12385.7,3,0
2025-03-16T03:00:00,1,4,0,3100,18599.5,2,0
2025-03-16T04:00:00,1,5,2,3103,6207.0,6,0
2025-03-16T05:00:00,1,1,2,3102,7444.2,5,0
2025-03-16T06:00:00,1,8,6,3104,4657.4,8,0
2025-03-16T07:00:00,1,0,0,3104,12414.7,3,0
2025-03-16T08:00:00,1,7,5,3106,9318.4,4,0
2025-03-16T09:00:00,1,12,10,3108,9324.1,4,0
2025-03-16T10:00:00,1,15,11,3112,6224.7,6,0
2025-03-16T11:00:00,1,18,12,3118,4675.8,8,0
2025-03-16T12:00:00,1,18,14,3122,5351.3,7,0
2025-03-16T13:00:00,1,9,4,3127,9382.5,4,0
2025-03-16T14:00:00,1,12,7,3132,9395.5,4,0
2025-03-16T15:00:00,1,18,12,3138,6275.9,6,0
2025-03-16T16:00:00,1,13,10,3141,12562.4,3,0
2025-03-16T17:00:00,1,2,0,3143,9430.2,4,0
2025-03-16T18:00:00,1,1,0,3144,18864.5,2,0
2025-03-16T19:00:00,1,3,1,3146,6292.7,6,0
2025-03-16T20:00:00,1,0,0,3146,6293.3,6,0
2025-03-16T21:00:00,1,1,0,3147,5393.9,7,0
2025-03-16T22:00:00,1,5,1,3151,6301.0,6,0
2025-03-16T23:00:00,1,4,2,3153,4731.0,8,0
2025-03-17T00:00:00,1,2,0,3155,4732.8,8,0
2025-03-17T01:00:00,1,2,2,3155,12618.7,3,0
2025-03-17T02:00:00,1,0,0,3155,7572.9,5,0
2025-03-17T03:00:00,1,1,0,3156,5411.5,7,0
2025-03-17T04:00:00,1,3,6,3153,6307.4,6,0
2025-03-17T05:00:00,1,4,1,3156,6312.3,6,0
2025-03-17T06:00:00,1,11,10,3157,6313.5,6,0
2025-03-17T07:00:00,1,4,0,3161,6320.5,6,0
2025-03-17T08:00:00,1,0,1,3160,4738.9,8,0
2025-03-17T09:00:00,1,14,13,3161,9483.7,4,0
2025-03-17T10:00:00,1,13,9,3165,6330.6,6,0
2025-03-17T11:00:00,1,12,7,3170,19018.6,2,0
2025-03-17T12:00:00,1,16,13,3173,12691.2,3,0
2025-03-17T13:00:00,1,17,13,3177,4767.0,8,0
2025-03-17T14:00:00,1,11,9,3179,5449.0,7,0
2025-03-17T15:00:00,1,14,11,3182,9546.6,4,0
2025-03-17T16:00:00,1,13,10,3185,9553.4,4,0
2025-03-17T17:00:00,1,2,0,3187,9561.5,4,0
2025-03-17T18:00:00,1,5,3,3189,7655.2,5,0
2025-03-17T19:00:00,1,0,0,3189,9566.9,4,0
2025-03-17T20:00:00,1,5,7,3187,7647.8,5,0
2025-03-17T21:00:00,1,0,0,3187,19123.6,2,0
2025-03-17T22:00:00,1,0,3,3184,9550.5,4,0
2025-03-17T23:00:00,1,1,2,3183,6366.2,6,0
2025-03-18T00:00:00,1,6,5,3184,9551.8,4,0
2025-03-18T01:00:00,1,5,2,3187,19123.6,2,0
2025-03-18T02:00:00,1,1,1,3187,9559.2,4,0
2025-03-18T03:00:00,1,6,3,3190,19140.7,2,0
2025-03-18T04:00:00,1,0,0,3190,5468.4,7,0
2025-03-18T05:00:00,1,5,4,3191,7659.0,5,0
2025-03-18T06:00:00,1,1,0,3192,19153.9,2,0
2025-03-18T07:00:00,1,0,0,3192,12769.8,3,0
2025-03-18T08:00:00,1,4,2,3194,19164.0,2,0
2025-03-18T09:00:00,1,19,20,3193,19156.0,2,0
2025-03-18T10:00:00,1,14,10,3197,9590.7,4,0
2025-03-18T11:00:00,1,20,13,3204,19222.9,2,0
2025-03-18T12:00:00,1,10,8,3206,19237.9,2,0
2025-03-18T13:00:00,1,15,13,3208,12830.1,3,0
2025-03-18T14:00:00,1,15,10,3213,9637.1,4,0
2025-03-18T15:00:00,1,12,8,3217,7722.3,5,0
2025-03-18T16:00:00,1,13,8,3222,7733.1,5,0
2025-03-18T17:00:00,1,2,0,3224,7737.7,5,0
2025-03-18T18:00:00,1,4,5,3223,6444.3,6,0
2025-03-18T19:00:00,1,4,0,3227,12906.6,3,0
2025-03-18T20:00:00,1,6,6,3227,7745.3,5,0
2025-03-18T21:00:00,1,0,0,3227,12906.8,3,0
2025-03-18T22:00:00,1,0,0,3227,9682.5,4,0
2025-03-18T23:00:00,1,0,0,3227,9680.1,4,0
2025-03-19T00:00:00,1,2,1,3228,4841.0,8,0
2025-03-19T01:00:00,1,2,0,3230,7751.5,5,0
2025-03-19T02:00:00,1,8,4,3234,9700.2,4,0
2025-03-19T03:00:00,1,3,0,3237,4856.8,8,0
2025-03-19T04:00:00,1,1,4,3234,12936.3,3,0
2025-03-19T05:00:00,1,4,6,3232,4849.6,8,0
2025-03-19T06:00:00,1,0,0,3232,7756.1,5,0
2025-03-19T07:00:00,1,6,3,3235,12938.4,3,0
2025-03-19T08:00:00,1,7,5,3237,19422.3,2,0
2025-03-19T09:00:00,1,14,13,3238,4855.2,8,0
2025-03-19T10:00:00,1,14,10,3242,6482.9,6,0
2025-03-19T11:00:00,1,10,9,3243,19458.3,2,0
2025-03-19T12:00:00,1,16,12,3247,12987.1,3,0
2025-03-19T13:00:00,1,19,14,3252,6503.3,6,0
2025-03-19T14:00:00,1,13,10,3255,13020.8,3,0
2025-03-19T15:00:00,1,9,6,3258,6514.0,6,0
2025-03-19T16:00:00,1,18,16,3260,4891.6,8,0
2025-03-19T17:00:00,1,4,0,3264,6527.7,6,0
2025-03-19T18:00:00,1,4,5,3263,7829.9,5,0
2025-03-19T19:00:00,1,6,4,3265,4898.2,8,0
2025-03-19T20:00:00,1,2,1,3266,4898.2,8,0
2025-03-19T21:00:00,1,8,7,3267,4900.7,8,0
2025-03-19T22:00:00,1,1,0,3268,7845.2,5,0
2025-03-19T23:00:00,1,5,5,3268,9802.1,4,0
2025-03-20T00:00:00,1,0,0,3268,9803.3,4,0
2025-03-20T01:00:00,1,2,1,3269,19613.1,2,0
2025-03-20T02:00:00,1,4,4,3269,6536.3,6,0
2025-03-20T03:00:00,1,3,1,3271,5606.9,7,0
2025-03-20T04:00:00,1,3,0,3274,6548.5,6,0
2025-03-20T05:00:00,1,2,0,3276,9826.4,4,0
2025-03-20T06:00:00,1,2,1,3277,4917.5,8,0
2025-03-20T07:00:00,1,3,3,3277,7865.6,5,0
2025-03-20T08:00:00,1,3,2,3278,9835.2,4,0
2025-03-20T09:00:00,1,12,10,3280,7872.2,5,0
2025-03-20T10:00:00,1,10,10,3280,19680.0,2,0
2025-03-20T11:00:00,1,21,15,3286,5633.1,7,0
2025-03-20T12:00:00,1,13,10,3289,13154.1,3,0
2025-03-20T13:00:00,1,19,14,3294,4939.2,8,0
2025-03-20T14:00:00,1,13,7,3300,5656.7,7,0
2025-03-20T15:00:00,1,19,15,3304,5663.9,7,0
2025-03-20T16:00:00,1,13,7,3310,13239.6,3,0
2025-03-20T17:00:00,1,4,0,3314,5682.7,7,0
2025-03-20T18:00:00,1,2,3,3313,19876.8,2,0
2025-03-20T19:00:00,1,4,1,3316,6633.3,6,0
2025-03-20T20:00:00,1,0,1,3315,7957.5,5,0
2025-03-20T21:00:00,1,2,0,3317,7959.6,5,0
2025-03-20T22:00:00,1,7,9,3315,13260.5,3,0
2025-03-20T23:00:00,1,0,0,3315,9946.8,4,0
2025-03-21T00:00:00,1,0,0,3315,13261.2,3,0
2025-03-21T01:00:00,1,4,7,3312,7949.4,5,0
2025-03-21T02:00:00,1,0,3,3309,4962.0,8,0
2025-03-21T03:00:00,1,1,2,3308,7939.5,5,0
2025-03-21T04:00:00,1,5,4,3309,6618.4,6,0
2025-03-21T05:00:00,1,8,6,3311,7945.1,5,0
2025-03-21T06:00:00,1,0,0,3311,19866.5,2,0
2025-03-21T07:00:00,1,7,7,3311,6621.8,6,0
2025-03-21T08:00:00,1,0,0,3311,9932.6,4,0
2025-03-21T09:00:00,1,14,12,3313,19876.7,2,0
2025-03-21T10:00:00,1,17,13,3317,4975.5,8,0
2025-03-21T11:00:00,1,13,8,3322,19930.8,2,0
2025-03-21T12:00:00,1,16,14,3324,19943.0,2,0
2025-03-21T13:00:00,1,14,8,3330,6659.9,6,0
2025-03-21T14:00:00,1,13,11,3332,13328.4,3,0
2025-03-21T15:00:00,1,15,14,3333,6664.1,6,0
2025-03-21T16:00:00,1,14,14,3333,4999.0,8,0
2025-03-21T17:00:00,1,4,1,3336,10007.5,4,0
2025-03-21T18:00:00,1,6,4,3338,8010.3,5,0
2025-03-21T19:00:00,1,1,3,3336,5720.0,7,0
2025-03-21T20:00:00,1,3,1,3338,6676.0,6,0
2025-03-21T21:00:00,1,0,0,3338,5721.9,7,0
2025-03-21T22:00:00,1,2,1,3339,5010.1,8,0
2025-03-21T23:00:00,1,4,4,3339,20032.2,2,0
2025-03-22T00:00:00,1,9,9,3339,6677.0,6,0
2025-03-22T01:00:00,1,1,0,3340,10021.8,4,0
2025-03-22T02:00:00,1,3,1,3342,5730.8,7,0
2025-03-22T03:00:00,1,8,5,3345,10034.0,4,0
2025-03-22T04:00:00,1,5,0,3350,20099.8,2,0
2025-03-22T05:00:00,1,3,1,3352,8045.5,5,0
2025-03-22T06:00:00,1,5,3,3354,5748.3,7,0
2025-03-22T07:00:00,1,0,1,3353,20117.5,2,0
2025-03-22T08:00:00,1,4,0,3357,5036.2,8,0
2025-03-22T09:00:00,1,15,9,3363,5044.7,8,0
2025-03-22T10:00:00,1,21,19,3365,8075.8,5,0
2025-03-22T11:00:00,1,10,10,3365,6730.7,6,0
2025-03-22T12:00:00,1,15,15,3365,5047.9,8,0
2025-03-22T13:00:00,1,17,15,3367,13468.0,3,0
2025-03-22T14:00:00,1,16,13,3370,6740.0,6,0
2025-03-22T15:00:00,1,8,8,3370,20218.0,2,0
2025-03-22T16:00:00,1,15,11,3374,13497.2,3,0
2025-03-22T17:00:00,1,6,5,3375,20250.5,2,0
2025-03-22T18:00:00,1,2,0,3377,10129.5,4,0
2025-03-22T19:00:00,1,1,5,3373,13492.3,3,0
2025-03-22T20:00:00,1,1,0,3374,5782.1,7,0
2025-03-22T21:00:00,1,1,1,3374,5061.6,8,0
2025-03-22T22:00:00,1,0,0,3374,10120.3,4,0
2025-03-22T23:00:00,1,5,4,3375,13500.1,3,0
2025-03-23T00:00:00,1,8,6,3377,8102.9,5,0
2025-03-23T01:00:00,1,3,4,3376,10126.8,4,0
2025-03-23T02:00:00,1,5,2,3379,5066.5,8,0
2025-03-23T03:00:00,1,0,0,3379,8108.1,5,0
2025-03-23T04:00:00,1,5,4,3380,20278.2,2,0
2025-03-23T05:00:00,1,3,1,3382,10144.1,4,0
2025-03-23T06:00:00,1,7,6,3383,20299.1,2,0
2025-03-23T07:00:00,1,4,2,3385,20311.6,2,0
2025-03-23T08:00:00,1,7,6,3386,5078.3,8,0
2025-03-23T09:00:00,1,17,11,3392,13568.5,3,0
2025-03-23T10:00:00,1,17,14,3395,8147.3,5,0
2025-03-23T11:00:00,1,16,10,3401,13602.1,3,0
2025-03-23T12:00:00,1,14,12,3403,13613.3,3,0
2025-03-23T13:00:00,1,13,11,3405,6811.9,6,0
2025-03-23T14:00:00,1,11,7,3409,5112.0,8,0
2025-03-23T15:00:00,1,20,16,3413,20477.9,2,0
2025-03-23T16:00:00,1,17,13,3417,13667.0,3,0
2025-03-23T17:00:00,1,5,7,3415,5854.7,7,0
2025-03-23T18:00:00,1,6,6,3415,8194.3,5,0
2025-03-23T19:00:00,1,2,3,3414,8191.8,5,0
2025-03-23T20:00:00,1,7,5,3416,5855.0,7,0
2025-03-23T21:00:00,1,0,0,3416,5854.4,7,0
2025-03-23T22:00:00,1,3,0,3419,8205.7,5,0
2025-03-23T23:00:00,1,9,8,3420,6840.2,6,0
2025-03-24T00:00:00,1,4,4,3420,6841.8,6,0
2025-03-24T01:00:00,1,8,5,3423,13690.2,3,0
2025-03-24T02:00:00,1,7,4,3426,8221.7,5,0
2025-03-24T03:00:00,1,3,1,3428,13713.9,3,0
2025-03-24T04:00:00,1,6,5,3429,10285.4,4,0
2025-03-24T05:00:00,1,4,2,3431,10292.7,4,0
2025-03-24T06:00:00,1,8,6,3433,8238.9,5,0
2025-03-24T07:00:00,1,0,0,3433,13731.1,3,0
2025-03-24T08:00:00,1,4,0,3437,8250.5,5,0
2025-03-24T09:00:00,1,15,11,3441,13765.9,3,0
2025-03-24T10:00:00,1,16,11,3446,20677.1,2,0
2025-03-24T11:00:00,1,16,10,3452,13808.8,3,0
2025-03-24T12:00:00,1,9,5,3456,20736.3,2,0
2025-03-24T13:00:00,1,10,9,3457,20742.4,2,0
2025-03-24T14:00:00,1,15,14,3458,20749.9,2,0
2025-03-24T15:00:00,1,14,14,3458,6915.9,6,0
2025-03-24T16:00:00,1,16,12,3462,20771.1,2,0
2025-03-24T17:00:00,1,3,0,3465,10396.2,4,0
2025-03-24T18:00:00,1,5,0,3470,20819.0,2,0
2025-03-24T19:00:00,1,4,3,3471,20826.8,2,0
2025-03-24T20:00:00,1,3,5,3469,20816.0,2,0
2025-03-24T21:00:00,1,0,0,3469,6937.4,6,0
2025-03-24T22:00:00,1,5,8,3466,8318.4,5,0
2025-03-24T23:00:00,1,3,0,3469,20812.9,2,0
2025-03-25T00:00:00,1,0,2,3467,8319.2,5,0
2025-03-25T01:00:00,1,2,2,3467,20801.4,2,0
2025-03-25T02:00:00,1,0,0,3467,20803.8,2,0
2025-03-25T03:00:00,1,7,4,3470,13879.3,3,0
2025-03-25T04:00:00,1,3,6,3467,20803.7,2,0
2025-03-25T05:00:00,1,5,2,3470,6940.0,6,0
2025-03-25T06:00:00,1,0,2,3468,10404.3,4,0
2025-03-25T07:00:00,1,7,10,3465,8314.1,5,0
2025-01-01T00:00:00,2,1,3,7,28.3,3,28
2025-01-01T01:00:00,2,2,0,9,21.1,5,27
2025-01-01T02:00:00,2,5,4,10,28.9,4,26
2025-01-01T03:00:00,2,0,0,10,62.0,2,26
2025-01-01T04:00:00,2,5,5,10,16.0,8,26
2025-01-01T05:00:00,2,7,6,11,20.5,7,26
2025-01-01T06:00:00,2,0,1,10,15.7,7,26
2025-01-01T07:00:00,2,4,2,12,16.7,8,26
2025-01-01T08:00:00,2,4,1,15,24.1,8,24
2025-01-01T09:00:00,2,15,12,18,72.6,3,23
2025-01-01T10:00:00,2,12,10,20,48.4,5,22
2025-01-01T11:00:00,2,14,10,24,56.3,5,21
2025-01-01T12:00:00,2,15,12,27,46.8,7,20
2025-01-01T13:00:00,2,17,9,35,61.8,7,16
2025-01-01T14:00:00,2,10,8,37,109.9,4,16
2025-01-01T15:00:00,2,17,10,44,263.9,2,13
2025-01-01T16:00:00,2,16,10,50,101.2,6,10
2025-01-01T17:00:00,2,7,6,51,88.8,7,10
2025-01-01T18:00:00,2,0,0,51,202.4,3,10
2025-01-01T19:00:00,2,0,1,50,84.6,7,10
2025-01-01T20:00:00,2,0,0,50,200.9,3,10
2025-01-01T21:00:00,2,5,2,53,159.3,4,9
2025-01-01T22:00:00,2,4,0,57,341.5,2,8
2025-01-01T23:00:00,2,10,7,60,104.3,7,6
2025-01-02T00:00:00,2,2,2,60,120.6,6,6
2025-01-02T01:00:00,2,5,6,59,354.7,2,7
2025-01-02T02:00:00,2,3,3,59,177.4,4,7
2025-01-02T03:00:00,2,4,4,59,90.4,8,7
2025-01-02T04:00:00,2,5,4,60,359.5,2,6
2025-01-02T05:00:00,2,9,5,64,257.7,3,5
2025-01-02T06:00:00,2,2,0,66,196.5,4,4
2025-01-02T07:00:00,2,5,6,65,95.9,8,4
2025-01-02T08:00:00,2,0,2,63,95.4,8,5
2025-01-02T09:00:00,2,15,9,69,118.3,7,3
2025-01-02T10:00:00,2,12,11,70,279.4,3,2
2025-01-02T11:00:00,2,13,11,72,144.2,6,2
2025-01-02T12:00:00,2,10,6,76,227.6,4,0
2025-01-02T13:00:00,2,18,15,79,187.7,5,0
2025-01-02T14:00:00,2,13,9,83,200.6,5,0
2025-01-02T15:00:00,2,22,14,91,272.5,4,0
2025-01-02T16:00:00,2,12,12,91,218.2,5,0
2025-01-02T17:00:00,2,11,8,94,562.8,2,0
2025-01-02T18:00:00,2,7,7,94,227.4,5,0
2025-01-02T19:00:00,2,3,2,95,164.7,7,0
2025-01-02T20:00:00,2,1,0,96,190.8,6,0
2025-01-02T21:00:00,2,2,3,95,381.1,3,0
2025-01-02T22:00:00,2,5,3,97,164.5,7,0
2025-01-02T23:00:00,2,1,0,98,166.5,7,0
2025-01-03T00:00:00,2,4,1,101,151.5,8,0
2025-01-03T01:00:00,2,2,2,101,243.6,5,0
2025-01-03T02:00:00,2,1,0,102,246.5,5,0
2025-01-03T03:00:00,2,4,0,106,316.5,4,0
2025-01-03T04:00:00,2,6,5,107,319.2,4,0
2025-01-03T05:00:00,2,3,0,110,329.7,4,0
2025-01-03T06:00:00,2,9,10,109,165.1,8,0
2025-01-03T07:00:00,2,5,0,114,194.3,7,0
2025-01-03T08:00:00,2,0,0,114,172.9,8,0
2025-01-03T09:00:00,2,13,9,118,235.0,6,0
2025-01-03T10:00:00,2,11,7,122,730.7,2,0
2025-01-03T11:00:00,2,10,6,126,754.6,2,0
2025-01-03T12:00:00,2,14,13,127,253.0,6,0
2025-01-03T13:00:00,2,15,9,133,400.3,4,0
2025-01-03T14:00:00,2,17,19,131,785.5,2,0
2025-01-03T15:00:00,2,12,5,138,237.5,7,0
2025-01-03T16:00:00,2,18,13,143,246.2,7,0
2025-01-03T17:00:00,2,4,0,147,880.2,2,0
2025-01-03T18:00:00,2,5,6,146,437.2,4,0
2025-01-03T19:00:00,2,5,4,147,252.2,7,0
2025-01-03T20:00:00,2,2,0,149,448.6,4,0
2025-01-03T21:00:00,2,8,8,149,224.4,8,0
2025-01-03T22:00:00,2,4,1,152,365.3,5,0
2025-01-03T23:00:00,2,4,5,151,364.2,5,0
2025-01-04T00:00:00,2,5,6,150,449.8,4,0
2025-01-04T01:00:00,2,1,0,151,452.2,4,0
2025-01-04T02:00:00,2,0,0,151,905.8,2,0
2025-01-04T03:00:00,2,0,3,148,590.6,3,0
2025-01-04T04:00:00,2,0,0,148,356.9,5,0
2025-01-04T05:00:00,2,1,0,149,447.0,4,0
2025-01-04T06:00:00,2,5,1,153,367.9,5,0
2025-01-04T07:00:00,2,1,1,153,304.2,6,0
2025-01-04T08:00:00,2,7,6,154,925.7,2,0
2025-01-04T09:00:00,2,13,12,155,930.7,2,0
2025-01-04T10:00:00,2,11,7,159,273.7,7,0
2025-01-04T11:00:00,2,14,13,160,641.7,3,0
2025-01-04T12:00:00,2,18,16,162,486.8,4,0
2025-01-04T13:00:00,2,18,14,166,333.2,6,0
2025-01-04T14:00:00,2,12,7,171,1025.5,2,0
2025-01-04T15:00:00,2,16,12,175,418.2,5,0
2025-01-04T16:00:00,2,12,10,177,305.0,7,0
2025-01-04T17:00:00,2,4,3,178,267.3,8,0
2025-01-04T18:00:00,2,5,6,177,265.7,8,0
2025-01-04T19:00:00,2,0,0,177,531.7,4,0
2025-01-04T20:00:00,2,3,1,179,430.1,5,0
2025-01-04T21:00:00,2,0,0,179,1074.1,2,0
2025-01-04T22:00:00,2,10,7,182,727.6,3,0
2025-01-04T23:00:00,2,5,2,185,277.2,8,0
2025-01-05T00:00:00,2,0,0,185,278.4,8,0
2025-01-05T01:00:00,2,0,1,184,277.2,8,0
2025-01-05T02:00:00,2,0,0,184,316.7,7,0
2025-01-05T03:00:00,2,2,0,186,372.7,6,0
2025-01-05T04:00:00,2,8,5,189,455.2,5,0
2025-01-05T05:00:00,2,2,2,189,568.1,4,0
2025-01-05T06:00:00,2,1,2,188,321.6,7,0
2025-01-05T07:00:00,2,4,4,188,564.2,4,0
2025-01-05T08:00:00,2,4,3,189,454.8,5,0
2025-01-05T09:00:00,2,12,10,191,328.3,7,0
2025-01-05T10:00:00,2,22,17,196,783.9,3,0
2025-01-05T11:00:00,2,12,11,197,787.9,3,0
2025-01-05T12:00:00,2,13,10,200,301.2,8,0
2025-01-05T13:00:00,2,14,10,204,489.7,5,0
2025-01-05T14:00:00,2,14,15,203,303.5,8,0
2025-01-05T15:00:00,2,14,8,209,837.5,3,0
2025-01-05T16:00:00,2,16,12,213,364.1,7,0
2025-01-05T17:00:00,2,3,1,215,643.3,4,0
2025-01-05T18:00:00,2,1,1,215,431.1,6,0
2025-01-05T19:00:00,2,4,4,215,1290.6,2,0
2025-01-05T20:00:00,2,3,4,214,321.5,8,0
2025-01-05T21:00:00,2,3,2,215,1290.6,2,0
2025-01-05T22:00:00,2,0,0,215,368.9,7,0
2025-01-05T23:00:00,2,6,5,216,1296.0,2,0
2025-01-06T00:00:00,2,6,3,219,875.7,3,0
2025-01-06T01:00:00,2,1,0,220,1319.9,2,0
2025-01-06T02:00:00,2,4,0,224,446.4,6,0
2025-01-06T03:00:00,2,3,1,226,453.3,6,0
2025-01-06T04:00:00,2,5,4,227,340.2,8,0
2025-01-06T05:00:00,2,6,8,225,337.7,8,0
2025-01-06T06:00:00,2,4,1,228,547.5,5,0
2025-01-06T07:00:00,2,6,6,228,682.2,4,0
2025-01-06T08:00:00,2,1,0,229,391.7,7,0
2025-01-06T09:00:00,2,12,8,233,348.0,8,0
2025-01-06T10:00:00,2,11,9,235,468.8,6,0
2025-01-06T11:00:00,2,18,15,238,715.8,4,0
2025-01-06T12:00:00,2,16,13,241,577.8,5,0
2025-01-06T13:00:00,2,14,8,247,372.3,8,0
2025-01-06T14:00:00,2,9,6,250,598.7,5,0
2025-01-06T15:00:00,2,11,11,250,1500.9,2,0
2025-01-06T16:00:00,2,12,7,255,384.2,8,0
2025-01-06T17:00:00,2,1,1,255,611.9,5,0
2025-01-06T18:00:00,2,5,2,258,443.4,7,0
2025-01-06T19:00:00,2,5,0,263,1578.3,2,0
2025-01-06T20:00:00,2,0,0,263,1579.3,2,0
2025-01-06T21:00:00,2,5,3,265,1059.2,3,0
2025-01-06T22:00:00,2,2,3,264,1585.1,2,0
2025-01-06T23:00:00,2,3,0,267,640.6,5,0
2025-01-07T00:00:00,2,3,4,266,796.1,4,0
2025-01-07T01:00:00,2,4,6,264,452.8,7,0
2025-01-07T02:00:00,2,0,2,262,448.4,7,0
2025-01-07T03:00:00,2,4,3,263,1579.0,2,0
2025-01-07T04:00:00,2,5,2,266,531.9,6,0
2025-01-07T05:00:00,2,6,0,272,650.8,5,0
2025-01-07T06:00:00,2,2,0,274,656.7,5,0
2025-01-07T07:00:00,2,5,1,278,478.3,7,0
2025-01-07T08:00:00,2,4,2,280,673.9,5,0
2025-01-07T09:00:00,2,15,14,281,1686.7,2,0
2025-01-07T10:00:00,2,14,13,282,1692.3,2,0
2025-01-07T11:00:00,2,16,13,285,685.9,5,0
2025-01-07T12:00:00,2,16,13,288,862.4,4,0
2025-01-07T13:00:00,2,8,6,290,434.5,8,0
2025-01-07T14:00:00,2,14,10,294,1176.0,3,0
2025-01-07T15:00:00,2,13,12,295,504.9,7,0
2025-01-07T16:00:00,2,12,12,295,707.7,5,0
2025-01-07T17:00:00,2,3,0,298,1190.5,3,0
2025-01-07T18:00:00,2,5,7,296,1183.1,3,0
2025-01-07T19:00:00,2,3,0,299,1793.9,2,0
2025-01-07T20:00:00,2,0,1,298,446.2,8,0
2025-01-07T21:00:00,2,4,0,302,602.1,6,0
2025-01-07T22:00:00,2,5,1,306,610.1,6,0
2025-01-07T23:00:00,2,5,4,307,735.2,5,0
2025-01-08T00:00:00,2,2,2,307,920.7,4,0
2025-01-08T01:00:00,2,1,1,307,1840.2,2,0
2025-01-08T02:00:00,2,3,4,306,460.4,8,0
2025-01-08T03:00:00,2,1,3,304,913.8,4,0
2025-01-08T04:00:00,2,0,0,304,456.1,8,0
2025-01-08T05:00:00,2,7,4,307,1843.2,2,0
2025-01-08T06:00:00,2,1,0,308,1231.2,3,0
2025-01-08T07:00:00,2,4,6,306,457.9,8,0
2025-01-08T08:00:00,2,5,6,305,731.5,5,0
2025-01-08T09:00:00,2,14,12,307,921.9,4,0
2025-01-08T10:00:00,2,14,12,309,1236.2,3,0
2025-01-08T11:00:00,2,17,16,310,466.8,8,0
2025-01-08T12:00:00,2,10,9,311,747.9,5,0
2025-01-08T13:00:00,2,14,11,314,940.3,4,0
2025-01-08T14:00:00,2,14,8,320,481.0,8,0
2025-01-08T15:00:00,2,15,12,323,967.6,4,0
2025-01-08T16:00:00,2,21,15,329,1974.5,2,0
2025-01-08T17:00:00,2,8,6,331,495.9,8,0
2025-01-08T18:00:00,2,0,0,331,663.5,6,0
2025-01-08T19:00:00,2,1,2,330,496.4,8,0
2025-01-08T20:00:00,2,0,0,330,661.9,6,0
2025-01-08T21:00:00,2,5,6,329,987.4,4,0
2025-01-08T22:00:00,2,4,2,331,993.6,4,0
2025-01-08T23:00:00,2,3,2,332,995.4,4,0
2025-01-09T00:00:00,2,4,1,335,2010.9,2,0
2025-01-09T01:00:00,2,6,3,338,1015.0,4,0
2025-01-09T02:00:00,2,2,0,340,680.0,6,0
2025-01-09T03:00:00,2,1,0,341,818.9,5,0
2025-01-09T04:00:00,2,4,4,341,819.6,5,0
2025-01-09T05:00:00,2,4,0,345,828.6,5,0
2025-01-09T06:00:00,2,1,1,345,2071.9,2,0
2025-01-09T07:00:00,2,3,0,348,836.2,5,0
2025-01-09T08:00:00,2,6,7,347,2081.4,2,0
2025-01-09T09:00:00,2,14,11,350,1398.8,3,0
2025-01-09T10:00:00,2,18,11,357,537.1,8,0
2025-01-09T11:00:00,2,12,10,359,1078.6,4,0
2025-01-09T12:00:00,2,11,6,364,2182.3,2,0
2025-01-09T13:00:00,2,13,12,365,546.2,8,0
2025-01-09T14:00:00,2,15,8,372,559.1,8,0
2025-01-09T15:00:00,2,14,12,374,640.9,7,0
2025-01-09T16:00:00,2,17,13,378,567.1,8,0
2025-01-09T17:00:00,2,1,0,379,911.4,5,0
2025-01-09T18:00:00,2,4,4,379,2274.0,2,0
2025-01-09T19:00:00,2,4,0,383,768.0,6,0
2025-01-09T20:00:00,2,2,4,381,2285.3,2,0
2025-01-09T21:00:00,2,0,2,379,759.0,6,0
2025-01-09T22:00:00,2,3,1,381,2287.6,2,0
2025-01-09T23:00:00,2,9,6,384,923.1,5,0
2025-01-10T00:00:00,2,1,3,382,2291.8,2,0
2025-01-10T01:00:00,2,2,1,383,764.3,6,0
2025-01-10T02:00:00,2,7,8,382,653.7,7,0
2025-01-10T03:00:00,2,4,4,382,915.9,5,0
2025-01-10T04:00:00,2,3,3,382,1529.4,3,0
2025-01-10T05:00:00,2,5,4,383,2298.3,2,0
2025-01-10T06:00:00,2,4,1,386,927.2,5,0
2025-01-10T07:00:00,2,5,1,390,935.7,5,0
2025-01-10T08:00:00,2,1,0,391,585.4,8,0
2025-01-10T09:00:00,2,13,9,395,949.5,5,0
2025-01-10T10:00:00,2,14,9,400,961.8,5,0
2025-01-10T11:00:00,2,11,10,401,688.3,7,0
2025-01-10T12:00:00,2,18,14,405,608.7,8,0
2025-01-10T13:00:00,2,17,11,411,821.1,6,0
2025-01-10T14:00:00,2,17,12,416,1000.1,5,0
2025-01-10T15:00:00,2,16,11,421,841.4,6,0
2025-01-10T16:00:00,2,21,14,428,1713.2,3,0
2025-01-10T17:00:00,2,0,0,428,855.9,6,0
2025-01-10T18:00:00,2,4,2,430,737.9,7,0
2025-01-10T19:00:00,2,1,2,429,1715.3,3,0
2025-01-10T20:00:00,2,2,2,429,858.3,6,0
2025-01-10T21:00:00,2,9,8,430,736.3,7,0
2025-01-10T22:00:00,2,3,1,432,739.8,7,0
2025-01-10T23:00:00,2,4,3,433,1731.5,3,0
2025-01-11T00:00:00,2,5,5,433,1040.3,5,0
2025-01-11T01:00:00,2,4,2,435,651.4,8,0
2025-01-11T02:00:00,2,1,1,435,744.7,7,0
2025-01-11T03:00:00,2,3,2,436,655.3,8,0
2025-01-11T04:00:00,2,5,4,437,872.9,6,0
2025-01-11T05:00:00,2,3,0,440,660.2,8,0
2025-01-11T06:00:00,2,8,8,440,1055.9,5,0
2025-01-11T07:00:00,2,7,7,440,881.8,6,0
2025-01-11T08:00:00,2,4,3,441,1762.1,3,0
2025-01-11T09:00:00,2,19,17,443,2658.7,2,0
2025-01-11T10:00:00,2,9,1,451,2704.7,2,0
2025-01-11T11:00:00,2,15,11,455,780.8,7,0
2025-01-11T12:00:00,2,12,10,457,781.6,7,0
2025-01-11T13:00:00,2,18,16,459,1835.9,3,0
2025-01-11T14:00:00,2,12,7,464,929.8,6,0
2025-01-11T15:00:00,2,14,10,468,1403.0,4,0
2025-01-11T16:00:00,2,11,7,472,1887.4,3,0
2025-01-11T17:00:00,2,5,2,475,948.7,6,0
2025-01-11T18:00:00,2,5,4,476,816.2,7,0
2025-01-11T19:00:00,2,5,3,478,715.9,8,0
2025-01-11T20:00:00,2,4,2,480,824.0,7,0
2025-01-11T21:00:00,2,2,2,480,822.7,7,0
2025-01-11T22:00:00,2,2,0,482,723.4,8,0
2025-01-11T23:00:00,2,8,4,486,2917.8,2,0
2025-01-12T00:00:00,2,7,6,487,835.9,7,0
2025-01-12T01:00:00,2,4,3,488,835.4,7,0
2025-01-12T02:00:00,2,4,4,488,1171.8,5,0
2025-01-12T03:00:00,2,4,5,487,836.1,7,0
2025-01-12T04:00:00,2,6,5,488,1952.1,3,0
2025-01-12T05:00:00,2,0,0,488,732.0,8,0
2025-01-12T06:00:00,2,2,0,490,1959.3,3,0
2025-01-12T07:00:00,2,2,3,489,977.1,6,0
2025-01-12T08:00:00,2,2,0,491,736.5,8,0
2025-01-12T09:00:00,2,18,9,500,2000.0,3,0
2025-01-12T10:00:00,2,18,14,504,754.2,8,0
2025-01-12T11:00:00,2,12,14,502,2007.8,3,0
2025-01-12T12:00:00,2,12,9,505,756.5,8,0
2025-01-12T13:00:00,2,18,11,512,876.9,7,0
2025-01-12T14:00:00,2,19,15,516,3097.4,2,0
2025-01-12T15:00:00,2,14,8,522,781.2,8,0
2025-01-12T16:00:00,2,19,11,530,907.8,7,0
2025-01-12T17:00:00,2,1,2,529,908.5,7,0
2025-01-12T18:00:00,2,1,0,530,906.9,7,0
2025-01-12T19:00:00,2,0,0,530,1588.7,4,0
2025-01-12T20:00:00,2,10,7,533,3198.5,2,0
2025-01-12T21:00:00,2,6,3,536,920.8,7,0
2025-01-12T22:00:00,2,11,11,536,2145.9,3,0
2025-01-12T23:00:00,2,5,2,539,1076.7,6,0
2025-01-13T00:00:00,2,2,0,541,1299.0,5,0
2025-01-13T01:00:00,2,2,2,541,1080.0,6,0
2025-01-13T02:00:00,2,9,5,545,935.8,7,0
2025-01-13T03:00:00,2,7,6,546,1638.6,4,0
2025-01-13T04:00:00,2,2,0,548,1644.3,4,0
2025-01-13T05:00:00,2,3,1,550,1100.9,6,0
2025-01-13T06:00:00,2,6,9,547,1314.2,5,0
2025-01-13T07:00:00,2,7,7,547,938.9,7,0
2025-01-13T08:00:00,2,0,0,547,1095.2,6,0
2025-01-13T09:00:00,2,18,10,555,1111.9,6,0
2025-01-13T10:00:00,2,18,14,559,957.4,7,0
2025-01-13T11:00:00,2,18,11,566,2263.2,3,0
2025-01-13T12:00:00,2,10,11,565,846.3,8,0
2025-01-13T13:00:00,2,16,11,570,3419.5,2,0
2025-01-13T14:00:00,2,14,10,574,1148.9,6,0
2025-01-13T15:00:00,2,10,6,578,990.8,7,0
2025-01-13T16:00:00,2,21,21,578,989.3,7,0
2025-01-13T17:00:00,2,0,3,575,2301.7,3,0
2025-01-13T18:00:00,2,4,5,574,1722.7,4,0
2025-01-13T19:00:00,2,4,0,578,991.9,7,0
2025-01-13T20:00:00,2,2,1,579,1389.7,5,0
2025-01-13T21:00:00,2,2,2,579,1387.7,5,0
2025-01-13T22:00:00,2,6,3,582,3490.1,2,0
2025-01-13T23:00:00,2,1,0,583,997.7,7,0
2025-01-14T00:00:00,2,4,3,584,2336.7,3,0
2025-01-14T01:00:00,2,8,8,584,874.9,8,0
2025-01-14T02:00:00,2,3,3,584,3504.5,2,0
2025-01-14T03:00:00,2,3,4,583,999.3,7,0
2025-01-14T04:00:00,2,4,2,585,1000.9,7,0
2025-01-14T05:00:00,2,6,4,587,1006.2,7,0
2025-01-14T06:00:00,2,3,0,590,883.1,8,0
2025-01-14T07:00:00,2,3,0,593,890.4,8,0
2025-01-14T08:00:00,2,1,0,594,889.4,8,0
2025-01-14T09:00:00,2,11,5,600,3600.5,2,0
2025-01-14T10:00:00,2,11,6,605,1450.3,5,0
2025-01-14T11:00:00,2,12,12,605,1208.3,6,0
2025-01-14T12:00:00,2,14,14,605,1451.8,5,0
2025-01-14T13:00:00,2,11,7,609,1463.2,5,0
2025-01-14T14:00:00,2,19,15,613,2450.6,3,0
2025-01-14T15:00:00,2,14,9,618,3706.7,2,0
2025-01-14T16:00:00,2,14,10,622,1243.5,6,0
2025-01-14T17:00:00,2,3,5,620,1858.9,4,0
2025-01-14T18:00:00,2,0,0,620,3720.5,2,0
2025-01-14T19:00:00,2,0,0,620,3720.3,2,0
2025-01-14T20:00:00,2,0,2,618,2470.5,3,0
2025-01-14T21:00:00,2,6,5,619,926.8,8,0
2025-01-14T22:00:00,2,6,6,619,1855.7,4,0
2025-01-14T23:00:00,2,2,3,618,1484.8,5,0
2025-01-15T00:00:00,2,6,5,619,1486.8,5,0
2025-01-15T01:00:00,2,8,5,622,931.0,8,0
2025-01-15T02:00:00,2,5,8,619,928.3,8,0
2025-01-15T03:00:00,2,9,10,618,1853.1,4,0
2025-01-15T04:00:00,2,5,6,617,3701.1,2,0
2025-01-15T05:00:00,2,2,0,619,1239.0,6,0
2025-01-15T06:00:00,2,0,1,618,2473.1,3,0
2025-01-15T07:00:00,2,0,0,618,1235.4,6,0
2025-01-15T08:00:00,2,6,4,620,2481.3,3,0
2025-01-15T09:00:00,2,15,12,623,2493.8,3,0
2025-01-15T10:00:00,2,9,6,626,940.7,8,0
2025-01-15T11:00:00,2,15,11,630,3781.3,2,0
2025-01-15T12:00:00,2,12,9,633,951.0,8,0
2025-01-15T13:00:00,2,13,12,634,1266.8,6,0
2025-01-15T14:00:00,2,11,12,633,2533.1,3,0
2025-01-15T15:00:00,2,18,15,636,2543.0,3,0
2025-01-15T16:00:00,2,15,13,638,3829.8,2,0
2025-01-15T17:00:00,2,0,3,635,953.6,8,0
2025-01-15T18:00:00,2,1,1,635,1904.6,4,0
2025-01-15T19:00:00,2,2,0,637,1529.7,5,0
2025-01-15T20:00:00,2,0,0,637,3821.8,2,0
2025-01-15T21:00:00,2,3,4,636,954.5,8,0
2025-01-15T22:00:00,2,0,0,636,1909.3,4,0
2025-01-15T23:00:00,2,3,1,638,1530.9,5,0
2025-01-16T00:00:00,2,2,4,636,1270.6,6,0
2025-01-16T01:00:00,2,5,8,633,1899.6,4,0
2025-01-16T02:00:00,2,5,3,635,1903.6,4,0
2025-01-16T03:00:00,2,3,4,634,952.2,8,0
2025-01-16T04:00:00,2,4,3,635,1903.8,4,0
2025-01-16T05:00:00,2,0,0,635,2540.3,3,0
2025-01-16T06:00:00,2,6,4,637,3820.0,2,0
2025-01-16T07:00:00,2,4,2,639,1276.7,6,0
2025-01-16T08:00:00,2,1,3,637,1093.5,7,0
2025-01-16T09:00:00,2,14,8,643,1542.3,5,0
2025-01-16T10:00:00,2,16,12,647,1110.2,7,0
2025-01-16T11:00:00,2,12,9,650,1299.0,6,0
2025-01-16T12:00:00,2,19,15,654,2616.4,3,0
2025-01-16T13:00:00,2,16,9,661,1982.6,4,0
2025-01-16T14:00:00,2,18,16,663,3978.0,2,0
2025-01-16T15:00:00,2,16,12,667,1336.0,6,0
2025-01-16T16:00:00,2,16,12,671,1007.2,8,0
2025-01-16T17:00:00,2,3,1,673,1151.7,7,0
2025-01-16T18:00:00,2,0,0,673,1346.4,6,0
2025-01-16T19:00:00,2,6,1,678,1357.4,6,0
2025-01-16T20:00:00,2,4,4,678,4069.2,2,0
2025-01-16T21:00:00,2,0,0,678,2033.0,4,0
2025-01-16T22:00:00,2,2,3,677,1625.4,5,0
2025-01-16T23:00:00,2,0,0,677,1622.9,5,0
2025-01-17T00:00:00,2,6,3,680,1630.8,5,0
2025-01-17T01:00:00,2,3,4,679,1358.6,6,0
2025-01-17T02:00:00,2,2,0,681,1361.6,6,0
2025-01-17T03:00:00,2,0,2,679,4072.6,2,0
2025-01-17T04:00:00,2,2,0,681,1634.7,5,0
2025-01-17T05:00:00,2,6,7,680,1018.2,8,0
2025-01-17T06:00:00,2,8,5,683,2049.1,4,0
2025-01-17T07:00:00,2,5,1,687,1650.7,5,0
2025-01-17T08:00:00,2,4,7,684,1024.4,8,0
2025-01-17T09:00:00,2,13,8,689,1654.6,5,0
2025-01-17T10:00:00,2,8,6,691,2763.4,3,0
2025-01-17T11:00:00,2,11,8,694,1191.2,7,0
2025-01-17T12:00:00,2,11,8,697,1193.6,7,0
2025-01-17T13:00:00,2,18,11,704,1205.7,7,0
2025-01-17T14:00:00,2,11,10,705,2818.3,3,0
2025-01-17T15:00:00,2,17,11,711,1065.9,8,0
2025-01-17T16:00:00,2,12,12,711,1218.9,7,0
2025-01-17T17:00:00,2,0,0,711,2844.1,3,0
2025-01-17T18:00:00,2,4,4,711,4267.9,2,0
2025-01-17T19:00:00,2,6,4,713,1221.5,7,0
2025-01-17T20:00:00,2,9,7,715,1225.4,7,0
2025-01-17T21:00:00,2,7,5,717,1076.6,8,0
2025-01-17T22:00:00,2,0,3,714,1071.5,8,0
2025-01-17T23:00:00,2,3,2,715,1717.0,5,0
2025-01-18T00:00:00,2,5,4,716,1718.1,5,0
2025-01-18T01:00:00,2,1,3,714,1222.5,7,0
2025-01-18T02:00:00,2,4,2,716,2864.6,3,0
2025-01-18T03:00:00,2,2,4,714,4283.4,2,0
2025-01-18T04:00:00,2,0,0,714,4285.5,2,0
2025-01-18T05:00:00,2,4,5,713,4279.3,2,0
2025-01-18T06:00:00,2,5,2,716,1226.2,7,0
2025-01-18T07:00:00,2,5,1,720,4318.4,2,0
2025-01-18T08:00:00,2,1,3,718,2153.7,4,0
2025-01-18T09:00:00,2,15,11,722,1083.7,8,0
2025-01-18T10:00:00,2,12,8,726,1450.7,6,0
2025-01-18T11:00:00,2,14,14,726,1741.4,5,0
2025-01-18T12:00:00,2,12,11,727,1454.7,6,0
2025-01-18T13:00:00,2,14,11,730,1461.9,6,0
2025-01-18T14:00:00,2,16,11,735,1469.1,6,0
2025-01-18T15:00:00,2,15,13,737,1472.1,6,0
2025-01-18T16:00:00,2,20,17,740,2958.2,3,0
2025-01-18T17:00:00,2,3,5,738,2213.2,4,0
2025-01-18T18:00:00,2,1,6,733,1254.8,7,0
2025-01-18T19:00:00,2,3,0,736,2208.4,4,0
2025-01-18T20:00:00,2,2,0,738,2212.5,4,0
2025-01-18T21:00:00,2,7,4,741,2222.7,4,0
2025-01-18T22:00:00,2,5,5,741,4446.7,2,0
2025-01-18T23:00:00,2,4,2,743,2229.6,4,0
2025-01-19T00:00:00,2,3,4,742,2226.4,4,0
2025-01-19T01:00:00,2,4,5,741,2965.4,3,0
2025-01-19T02:00:00,2,4,3,742,1483.3,6,0
2025-01-19T03:00:00,2,0,0,742,1112.5,8,0
2025-01-19T04:00:00,2,5,2,745,1491.6,6,0
2025-01-19T05:00:00,2,0,0,745,2979.0,3,0
2025-01-19T06:00:00,2,3,6,742,1781.3,5,0
2025-01-19T07:00:00,2,9,8,743,2227.4,4,0
2025-01-19T08:00:00,2,8,7,744,2233.8,4,0
2025-01-19T09:00:00,2,12,10,746,2237.6,4,0
2025-01-19T10:00:00,2,16,12,750,4498.4,2,0
2025-01-19T11:00:00,2,15,14,751,1126.3,8,0
2025-01-19T12:00:00,2,13,10,754,3015.5,3,0
2025-01-19T13:00:00,2,14,9,759,2277.2,4,0
2025-01-19T14:00:00,2,15,11,763,2290.1,4,0
2025-01-19T15:00:00,2,16,15,764,4582.1,2,0
2025-01-19T16:00:00,2,11,10,765,1145.7,8,0
2025-01-19T17:00:00,2,2,0,767,1150.6,8,0
2025-01-19T18:00:00,2,3,3,767,1314.7,7,0
2025-01-19T19:00:00,2,6,2,771,4626.0,2,0
2025-01-19T20:00:00,2,4,6,769,1317.2,7,0
2025-01-19T21:00:00,2,5,5,769,2306.0,4,0
2025-01-19T22:00:00,2,7,5,771,3085.5,3,0
2025-01-19T23:00:00,2,0,3,768,4606.4,2,0
2025-01-20T00:00:00,2,7,5,770,1541.1,6,0
2025-01-20T01:00:00,2,3,1,772,3087.6,3,0
2025-01-20T02:00:00,2,1,0,773,1325.6,7,0
2025-01-20T03:00:00,2,0,0,773,2320.7,4,0
2025-01-20T04:00:00,2,0,0,773,3094.0,3,0
2025-01-20T05:00:00,2,5,3,775,3099.8,3,0
2025-01-20T06:00:00,2,3,6,772,3088.2,3,0
2025-01-20T07:00:00,2,0,1,771,1154.8,8,0
2025-01-20T08:00:00,2,2,0,773,2320.9,4,0
2025-01-20T09:00:00,2,12,10,775,1858.7,5,0
2025-01-20T10:00:00,2,15,9,781,3124.6,3,0
2025-01-20T11:00:00,2,10,6,785,4711.9,2,0
2025-01-20T12:00:00,2,18,15,788,1181.0,8,0
2025-01-20T13:00:00,2,12,8,792,1189.7,8,0
2025-01-20T14:00:00,2,15,10,797,1912.2,5,0
2025-01-20T15:00:00,2,18,15,800,1373.1,7,0
2025-01-20T16:00:00,2,13,6,807,1209.2,8,0
2025-01-20T17:00:00,2,6,5,808,2425.4,4,0
2025-01-20T18:00:00,2,3,5,806,4836.2,2,0
2025-01-20T19:00:00,2,0,0,806,1935.3,5,0
2025-01-20T20:00:00,2,0,0,806,4837.6,2,0
2025-01-20T21:00:00,2,0,0,806,4835.5,2,0
2025-01-20T22:00:00,2,8,5,809,4855.6,2,0
2025-01-20T23:00:00,2,2,1,810,4859.2,2,0
2025-01-21T00:00:00,2,5,3,812,1625.9,6,0
2025-01-21T01:00:00,2,0,0,812,1623.0,6,0
2025-01-21T02:00:00,2,5,1,816,1957.8,5,0
2025-01-21T03:00:00,2,7,6,817,4903.1,2,0
2025-01-21T04:00:00,2,3,1,819,1404.2,7,0
2025-01-21T05:00:00,2,5,0,824,1975.9,5,0
2025-01-21T06:00:00,2,2,1,825,3298.3,3,0
2025-01-21T07:00:00,2,2,1,826,1417.8,7,0
2025-01-21T08:00:00,2,8,7,827,1985.4,5,0
2025-01-21T09:00:00,2,9,5,831,2492.9,4,0
2025-01-21T10:00:00,2,17,13,835,5011.9,2,0
2025-01-21T11:00:00,2,15,12,838,1676.4,6,0
2025-01-21T12:00:00,2,16,13,841,2524.3,4,0
2025-01-21T13:00:00,2,15,14,842,1441.8,7,0
2025-01-21T14:00:00,2,15,9,848,3391.8,3,0
2025-01-21T15:00:00,2,12,7,853,2047.7,5,0
2025-01-21T16:00:00,2,12,12,853,2048.0,5,0
2025-01-21T17:00:00,2,2,4,851,1277.4,8,0
2025-01-21T18:00:00,2,4,3,852,2557.9,4,0
2025-01-21T19:00:00,2,7,6,853,1706.5,6,0
2025-01-21T20:00:00,2,4,0,857,1468.1,7,0
2025-01-21T21:00:00,2,4,3,858,2575.2,4,0
2025-01-21T22:00:00,2,5,2,861,2064.6,5,0
2025-01-21T23:00:00,2,2,0,863,2072.1,5,0
2025-01-22T00:00:00,2,0,0,863,1479.0,7,0
2025-01-22T01:00:00,2,4,7,860,2581.0,4,0
2025-01-22T02:00:00,2,4,6,858,1469.6,7,0
2025-01-22T03:00:00,2,3,0,861,1289.8,8,0
2025-01-22T04:00:00,2,5,3,863,2588.0,4,0
2025-01-22T05:00:00,2,3,3,863,3452.1,3,0
2025-01-22T06:00:00,2,4,3,864,2590.0,4,0
2025-01-22T07:00:00,2,1,0,865,1299.2,8,0
2025-01-22T08:00:00,2,5,2,868,1736.4,6,0
2025-01-22T09:00:00,2,20,17,871,1307.6,8,0
2025-01-22T10:00:00,2,13,11,873,3491.0,3,0
2025-01-22T11:00:00,2,17,15,875,2624.3,4,0
2025-01-22T12:00:00,2,15,12,878,3513.8,3,0
2025-01-22T13:00:00,2,19,14,883,1767.3,6,0
2025-01-22T14:00:00,2,14,10,887,1328.6,8,0
2025-01-22T15:00:00,2,11,8,890,1525.1,7,0
2025-01-22T16:00:00,2,15,12,893,2678.3,4,0
2025-01-22T17:00:00,2,4,3,894,2145.5,5,0
2025-01-22T18:00:00,2,2,0,896,1343.2,8,0
2025-01-22T19:00:00,2,9,6,899,3595.3,3,0
2025-01-22T20:00:00,2,3,1,901,5407.4,2,0
2025-01-22T21:00:00,2,8,4,905,5431.3,2,0
2025-01-22T22:00:00,2,3,4,904,5424.1,2,0
2025-01-22T23:00:00,2,0,0,904,3617.8,3,0
2025-01-23T00:00:00,2,1,0,905,1355.6,8,0
2025-01-23T01:00:00,2,3,3,905,5428.9,2,0
2025-01-23T02:00:00,2,5,4,906,2175.2,5,0
2025-01-23T03:00:00,2,8,9,905,2715.7,4,0
2025-01-23T04:00:00,2,1,2,904,3614.5,3,0
2025-01-23T05:00:00,2,5,1,908,3631.5,3,0
2025-01-23T06:00:00,2,4,6,906,2173.3,5,0
2025-01-23T07:00:00,2,0,1,905,1550.7,7,0
2025-01-23T08:00:00,2,8,10,903,5417.3,2,0
2025-01-23T09:00:00,2,14,9,908,2725.7,4,0
2025-01-23T10:00:00,2,16,11,913,1826.0,6,0
2025-01-23T11:00:00,2,18,15,916,1832.8,6,0
2025-01-23T12:00:00,2,17,13,920,1380.8,8,0
2025-01-23T13:00:00,2,21,15,926,2776.0,4,0
2025-01-23T14:00:00,2,12,9,929,5573.6,2,0
2025-01-23T15:00:00,2,18,14,933,1599.1,7,0
2025-01-23T16:00:00,2,17,11,939,1608.4,7,0
2025-01-23T17:00:00,2,5,3,941,3762.5,3,0
2025-01-23T18:00:00,2,1,0,942,1413.9,8,0
2025-01-23T19:00:00,2,4,1,945,1891.3,6,0
2025-01-23T20:00:00,2,2,1,946,1417.8,8,0
2025-01-23T21:00:00,2,0,4,942,1616.1,7,0
2025-01-23T22:00:00,2,4,1,945,1418.2,8,0
2025-01-23T23:00:00,2,7,6,946,1418.4,8,0
2025-01-24T00:00:00,2,0,0,946,5675.6,2,0
2025-01-24T01:00:00,2,5,5,946,2838.7,4,0
2025-01-24T02:00:00,2,0,0,946,3783.5,3,0
2025-01-24T03:00:00,2,7,4,949,2275.8,5,0
2025-01-24T04:00:00,2,3,0,952,1426.4,8,0
2025-01-24T05:00:00,2,0,0,952,1903.3,6,0
2025-01-24T06:00:00,2,4,4,952,2285.5,5,0
2025-01-24T07:00:00,2,3,3,952,2286.2,5,0
2025-01-24T08:00:00,2,9,10,951,3805.2,3,0
2025-01-24T09:00:00,2,12,9,954,1430.2,8,0
2025-01-24T10:00:00,2,16,11,959,5755.0,2,0
2025-01-24T11:00:00,2,18,11,966,3862.2,3,0
2025-01-24T12:00:00,2,17,14,969,3876.2,3,0
2025-01-24T13:00:00,2,18,13,974,3894.8,3,0
2025-01-24T14:00:00,2,11,12,973,2337.0,5,0
2025-01-24T15:00:00,2,12,10,975,2339.1,5,0
2025-01-24T16:00:00,2,12,10,977,2343.7,5,0
2025-01-24T17:00:00,2,4,4,977,1466.6,8,0
2025-01-24T18:00:00,2,7,8,976,1672.6,7,0
2025-01-24T19:00:00,2,2,1,977,5863.2,2,0
2025-01-24T20:00:00,2,8,3,982,5893.4,2,0
2025-01-24T21:00:00,2,4,1,985,1688.9,7,0
2025-01-24T22:00:00,2,4,3,986,1480.8,8,0
2025-01-24T23:00:00,2,9,7,988,1975.8,6,0
2025-01-25T00:00:00,2,3,0,991,2378.2,5,0
2025-01-25T01:00:00,2,1,0,992,2977.8,4,0
2025-01-25T02:00:00,2,8,6,994,2981.0,4,0
2025-01-25T03:00:00,2,5,1,998,1994.6,6,0
2025-01-25T04:00:00,2,6,4,1000,2400.2,5,0
2025-01-25T05:00:00,2,7,5,1002,4009.8,3,0
2025-01-25T06:00:00,2,3,1,1004,6025.2,2,0
2025-01-25T07:00:00,2,6,4,1006,6034.9,2,0
2025-01-25T08:00:00,2,8,5,1009,2017.1,6,0
2025-01-25T09:00:00,2,15,14,1010,6061.3,2,0
2025-01-25T10:00:00,2,16,10,1016,3049.6,4,0
2025-01-25T11:00:00,2,15,15,1016,1523.0,8,0
2025-01-25T12:00:00,2,13,10,1019,3058.6,4,0
2025-01-25T13:00:00,2,16,15,1020,3060.3,4,0
2025-01-25T14:00:00,2,16,13,1023,6136.1,2,0
2025-01-25T15:00:00,2,19,13,1029,3087.7,4,0
2025-01-25T16:00:00,2,18,12,1035,1550.7,8,0
2025-01-25T17:00:00,2,8,7,1036,2073.5,6,0
2025-01-25T18:00:00,2,4,0,1040,3120.2,4,0
2025-01-25T19:00:00,2,3,2,1041,4163.5,3,0
2025-01-25T20:00:00,2,3,1,1043,1563.9,8,0
2025-01-25T21:00:00,2,6,4,1045,2089.8,6,0
2025-01-25T22:00:00,2,2,2,1045,3134.9,4,0
2025-01-25T23:00:00,2,4,4,1045,1568.4,8,0
2025-01-26T00:00:00,2,11,4,1052,1804.0,7,0
2025-01-26T01:00:00,2,0,4,1048,2094.0,6,0
2025-01-26T02:00:00,2,3,3,1048,1571.3,8,0
2025-01-26T03:00:00,2,9,4,1053,1577.8,8,0
2025-01-26T04:00:00,2,0,0,1053,4210.1,3,0
2025-01-26T05:00:00,2,3,1,1055,2531.4,5,0
2025-01-26T06:00:00,2,6,6,1055,1809.4,7,0
2025-01-26T07:00:00,2,10,8,1057,3170.7,4,0
2025-01-26T08:00:00,2,0,0,1057,2535.8,5,0
2025-01-26T09:00:00,2,13,11,1059,1817.0,7,0
2025-01-26T10:00:00,2,9,7,1061,3182.0,4,0
2025-01-26T11:00:00,2,16,11,1066,3196.9,4,0
2025-01-26T12:00:00,2,15,13,1068,1830.3,7,0
2025-01-26T13:00:00,2,15,8,1075,3224.6,4,0
2025-01-26T14:00:00,2,12,10,1077,1616.7,8,0
2025-01-26T15:00:00,2,16,11,1082,3245.3,4,0
2025-01-26T16:00:00,2,11,8,1085,2604.0,5,0
2025-01-26T17:00:00,2,2,3,1084,3253.1,4,0
2025-01-26T18:00:00,2,3,4,1083,4331.2,3,0
2025-01-26T19:00:00,2,1,0,1084,1624.2,8,0
2025-01-26T20:00:00,2,4,2,1086,2606.8,5,0
2025-01-26T21:00:00,2,3,3,1086,2173.9,6,0
2025-01-26T22:00:00,2,4,2,1088,3264.4,4,0
2025-01-26T23:00:00,2,6,6,1088,2176.2,6,0
2025-01-27T00:00:00,2,4,1,1091,2618.5,5,0
2025-01-27T01:00:00,2,7,8,1090,4361.0,3,0
2025-01-27T02:00:00,2,5,2,1093,6560.0,2,0
2025-01-27T03:00:00,2,9,6,1096,2630.2,5,0
2025-01-27T04:00:00,2,1,4,1093,3280.7,4,0
2025-01-27T05:00:00,2,5,2,1096,4382.9,3,0
2025-01-27T06:00:00,2,2,1,1097,1881.1,7,0
2025-01-27T07:00:00,2,0,0,1097,1880.5,7,0
2025-01-27T08:00:00,2,4,3,1098,6587.3,2,0
2025-01-27T09:00:00,2,14,13,1099,2196.1,6,0
2025-01-27T10:00:00,2,16,11,1104,3313.3,4,0
2025-01-27T11:00:00,2,17,12,1109,1663.8,8,0
2025-01-27T12:00:00,2,12,12,1109,1662.4,8,0
2025-01-27T13:00:00,2,17,9,1117,1674.0,8,0
2025-01-27T14:00:00,2,10,8,1119,2684.6,5,0
2025-01-27T15:00:00,2,18,15,1122,4486.4,3,0
2025-01-27T16:00:00,2,12,7,1127,6762.0,2,0
2025-01-27T17:00:00,2,8,5,1130,2712.6,5,0
2025-01-27T18:00:00,2,9,6,1133,1942.6,7,0
2025-01-27T19:00:00,2,5,3,1135,2724.8,5,0
2025-01-27T20:00:00,2,4,2,1137,1704.3,8,0
2025-01-27T21:00:00,2,2,0,1139,2733.4,5,0
2025-01-27T22:00:00,2,3,0,1142,3424.5,4,0
2025-01-27T23:00:00,2,1,0,1143,4574.0,3,0
2025-01-28T00:00:00,2,4,2,1145,1717.9,8,0
2025-01-28T01:00:00,2,6,2,1149,6892.5,2,0
2025-01-28T02:00:00,2,2,3,1148,4591.4,3,0
2025-01-28T03:00:00,2,7,7,1148,4591.4,3,0
2025-01-28T04:00:00,2,0,0,1148,2297.7,6,0
2025-01-28T05:00:00,2,10,9,1149,1971.2,7,0
2025-01-28T06:00:00,2,4,1,1152,4609.8,3,0
2025-01-28T07:00:00,2,2,0,1154,1730.3,8,0
2025-01-28T08:00:00,2,3,5,1152,6912.9,2,0
2025-01-28T09:00:00,2,16,10,1158,4631.7,3,0
2025-01-28T10:00:00,2,20,9,1169,2337.3,6,0
2025-01-28T11:00:00,2,15,11,1173,2012.2,7,0
2025-01-28T12:00:00,2,15,9,1179,4717.1,3,0
2025-01-28T13:00:00,2,11,5,1185,2369.0,6,0
2025-01-28T14:00:00,2,19,15,1189,4755.9,3,0
2025-01-28T15:00:00,2,14,11,1192,2862.0,5,0
2025-01-28T16:00:00,2,10,7,1195,2047.7,7,0
2025-01-28T17:00:00,2,1,3,1193,2862.9,5,0
2025-01-28T18:00:00,2,1,1,1193,4770.8,3,0
2025-01-28T19:00:00,2,2,0,1195,4780.5,3,0
2025-01-28T20:00:00,2,1,0,1196,2390.5,6,0
2025-01-28T21:00:00,2,4,2,1198,2397.1,6,0
2025-01-28T22:00:00,2,2,3,1197,3592.6,4,0
2025-01-28T23:00:00,2,2,0,1199,2055.2,7,0
2025-01-29T00:00:00,2,4,5,1198,2053.4,7,0
2025-01-29T01:00:00,2,5,3,1200,7199.7,2,0
2025-01-29T02:00:00,2,4,2,1202,1801.2,8,0
2025-01-29T03:00:00,2,1,2,1201,7204.5,2,0
2025-01-29T04:00:00,2,0,0,1201,4804.8,3,0
2025-01-29T05:00:00,2,10,7,1204,1805.0,8,0
2025-01-29T06:00:00,2,6,4,1206,1808.5,8,0
2025-01-29T07:00:00,2,2,0,1208,1812.3,8,0
2025-01-29T08:00:00,2,7,6,1209,7254.7,2,0
2025-01-29T09:00:00,2,11,5,1215,4859.4,3,0
2025-01-29T10:00:00,2,9,5,1219,7314.9,2,0
2025-01-29T11:00:00,2,16,12,1223,2933.7,5,0
2025-01-29T12:00:00,2,17,14,1226,1839.9,8,0
2025-01-29T13:00:00,2,14,12,1228,7368.3,2,0
2025-01-29T14:00:00,2,14,6,1236,2117.9,7,0
2025-01-29T15:00:00,2,15,10,1241,2978.2,5,0
2025-01-29T16:00:00,2,14,14,1241,2481.7,6,0
2025-01-29T17:00:00,2,0,0,1241,2482.7,6,0
2025-01-29T18:00:00,2,0,0,1241,2126.8,7,0
2025-01-29T19:00:00,2,3,3,1241,4962.8,3,0
2025-01-29T20:00:00,2,6,5,1242,4968.7,3,0
2025-01-29T21:00:00,2,0,0,1242,3727.4,4,0
2025-01-29T22:00:00,2,2,1,1243,2485.6,6,0
2025-01-29T23:00:00,2,3,2,1244,2489.5,6,0
2025-01-30T00:00:00,2,6,4,1246,3737.3,4,0
2025-01-30T01:00:00,2,5,4,1247,4989.2,3,0
2025-01-30T02:00:00,2,6,0,1253,2148.2,7,0
2025-01-30T03:00:00,2,0,0,1253,1880.9,8,0
2025-01-30T04:00:00,2,5,2,1256,3012.6,5,0
2025-01-30T05:00:00,2,5,3,1258,7546.7,2,0
2025-01-30T06:00:00,2,0,0,1258,3772.3,4,0
2025-01-30T07:00:00,2,10,6,1262,5046.6,3,0
2025-01-30T08:00:00,2,0,1,1261,7566.8,2,0
2025-01-30T09:00:00,2,15,10,1266,3037.2,5,0
2025-01-30T10:00:00,2,12,12,1266,1897.2,8,0
2025-01-30T11:00:00,2,13,9,1270,2541.6,6,0
2025-01-30T12:00:00,2,23,18,1275,2549.2,6,0
2025-01-30T13:00:00,2,14,12,1277,1915.9,8,0
2025-01-30T14:00:00,2,15,14,1278,2191.1,7,0
2025-01-30T15:00:00,2,14,11,1281,7687.7,2,0
2025-01-30T16:00:00,2,13,9,1285,1927.9,8,0
2025-01-30T17:00:00,2,0,0,1285,1928.8,8,0
2025-01-30T18:00:00,2,0,0,1285,2204.6,7,0
2025-01-30T19:00:00,2,4,5,1284,5135.8,3,0
2025-01-30T20:00:00,2,6,7,1283,2198.6,7,0
2025-01-30T21:00:00,2,4,1,1286,2573.1,6,0
2025-01-30T22:00:00,2,1,0,1287,3860.9,4,0
2025-01-30T23:00:00,2,4,3,1288,1930.8,8,0
2025-01-31T00:00:00,2,3,4,1287,3861.3,4,0
2025-01-31T01:00:00,2,0,0,1287,2207.5,7,0
2025-01-31T02:00:00,2,4,2,1289,7735.9,2,0
2025-01-31T03:00:00,2,6,5,1290,7740.7,2,0
2025-01-31T04:00:00,2,2,2,1290,7739.5,2,0
2025-01-31T05:00:00,2,5,3,1292,3100.6,5,0
2025-01-31T06:00:00,2,7,4,1295,5179.1,3,0
2025-01-31T07:00:00,2,3,3,1295,7770.5,2,0
2025-01-31T08:00:00,2,4,2,1297,3112.3,5,0
2025-01-31T09:00:00,2,14,11,1300,5199.0,3,0
2025-01-31T10:00:00,2,13,9,1304,3131.3,5,0
2025-01-31T11:00:00,2,12,9,1307,7843.7,2,0
2025-01-31T12:00:00,2,12,9,1310,7858.7,2,0
2025-01-31T13:00:00,2,15,13,1312,1968.5,8,0
2025-01-31T14:00:00,2,18,17,1313,3149.2,5,0
2025-01-31T15:00:00,2,7,7,1313,3152.0,5,0
2025-01-31T16:00:00,2,18,18,1313,3937.3,4,0
2025-01-31T17:00:00,2,1,0,1314,7883.4,2,0
2025-01-31T18:00:00,2,5,3,1316,1975.3,8,0
2025-01-31T19:00:00,2,5,2,1319,2259.2,7,0
2025-01-31T20:00:00,2,2,2,1319,2259.8,7,0
2025-01-31T21:00:00,2,10,6,1323,3967.6,4,0
2025-01-31T22:00:00,2,4,6,1321,7925.1,2,0
2025-01-31T23:00:00,2,7,6,1322,1984.1,8,0
2025-02-01T00:00:00,2,6,5,1323,2646.9,6,0
2025-02-01T01:00:00,2,1,1,1323,5291.4,3,0
2025-02-01T02:00:00,2,3,4,1322,5287.5,3,0
2025-02-01T03:00:00,2,5,4,1323,2646.5,6,0
2025-02-01T04:00:00,2,1,1,1323,3174.2,5,0
2025-02-01T05:00:00,2,5,2,1326,2273.7,7,0
2025-02-01T06:00:00,2,10,4,1332,3196.0,5,0
2025-02-01T07:00:00,2,1,1,1332,5328.4,3,0
2025-02-01T08:00:00,2,1,0,1333,2284.9,7,0
2025-02-01T09:00:00,2,16,7,1342,8050.2,2,0
2025-02-01T10:00:00,2,17,10,1349,2022.4,8,0
2025-02-01T11:00:00,2,12,13,1348,8087.9,2,0
2025-02-01T12:00:00,2,16,11,1353,5411.5,3,0
2025-02-01T13:00:00,2,19,13,1359,2037.6,8,0
2025-02-01T14:00:00,2,15,12,1362,2335.5,7,0
2025-02-01T15:00:00,2,11,9,1364,4091.9,4,0
2025-02-01T16:00:00,2,18,15,1367,2342.6,7,0
2025-02-01T17:00:00,2,1,1,1367,8202.1,2,0
2025-02-01T18:00:00,2,1,0,1368,2737.9,6,0
2025-02-01T19:00:00,2,5,1,1372,8233.3,2,0
2025-02-01T20:00:00,2,6,4,1374,2355.1,7,0
2025-02-01T21:00:00,2,10,8,1376,5503.2,3,0
2025-02-01T22:00:00,2,1,0,1377,2752.4,6,0
2025-02-01T23:00:00,2,0,0,1377,3303.6,5,0
2025-02-02T00:00:00,2,2,1,1378,3305.6,5,0
2025-02-02T01:00:00,2,7,2,1383,2765.6,6,0
2025-02-02T02:00:00,2,1,0,1384,2074.5,8,0
2025-02-02T03:00:00,2,0,0,1384,5536.9,3,0
2025-02-02T04:00:00,2,7,6,1385,2770.5,6,0
2025-02-02T05:00:00,2,5,4,1386,2771.3,6,0
2025-02-02T06:00:00,2,6,1,1391,5562.2,3,0
2025-02-02T07:00:00,2,2,0,1393,4177.3,4,0
2025-02-02T08:00:00,2,5,7,1391,2382.6,7,0
2025-02-02T09:00:00,2,15,15,1391,4174.0,4,0
2025-02-02T10:00:00,2,10,12,1389,5555.3,3,0
2025-02-02T11:00:00,2,16,12,1393,4179.5,4,0
2025-02-02T12:00:00,2,17,14,1396,8376.7,2,0
2025-02-02T13:00:00,2,11,8,1399,2096.7,8,0
2025-02-02T14:00:00,2,15,12,1402,2403.9,7,0
2025-02-02T15:00:00,2,11,9,1404,2105.1,8,0
2025-02-02T16:00:00,2,17,14,1407,5627.9,3,0
2025-02-02T17:00:00,2,0,0,1407,8442.2,2,0
2025-02-02T18:00:00,2,0,0,1407,3376.0,5,0
2025-02-02T19:00:00,2,4,3,1408,2415.5,7,0
2025-02-02T20:00:00,2,3,0,1411,2823.0,6,0
2025-02-02T21:00:00,2,0,0,1411,4233.9,4,0
2025-02-02T22:00:00,2,2,0,1413,2422.8,7,0
2025-02-02T23:00:00,2,9,4,1418,2125.4,8,0
2025-02-03T00:00:00,2,4,5,1417,5668.3,3,0
2025-02-03T01:00:00,2,5,0,1422,5688.7,3,0
2025-02-03T02:00:00,2,5,5,1422,3412.3,5,0
2025-02-03T03:00:00,2,4,0,1426,3421.5,5,0
2025-02-03T04:00:00,2,2,1,1427,5706.1,3,0
2025-02-03T05:00:00,2,2,4,1425,2443.9,7,0
2025-02-03T06:00:00,2,0,0,1425,5699.8,3,0
2025-02-03T07:00:00,2,2,0,1427,4281.9,4,0
2025-02-03T08:00:00,2,6,0,1433,4297.0,4,0
2025-02-03T09:00:00,2,18,14,1437,2462.7,7,0
2025-02-03T10:00:00,2,15,8,1444,2167.5,8,0
2025-02-03T11:00:00,2,13,12,1445,3469.5,5,0
2025-02-03T12:00:00,2,11,10,1446,3470.9,5,0
2025-02-03T13:00:00,2,18,13,1451,5802.7,3,0
2025-02-03T14:00:00,2,13,10,1454,8725.9,2,0
2025-02-03T15:00:00,2,12,9,1457,5828.5,3,0
2025-02-03T16:00:00,2,17,14,1460,4378.9,4,0
2025-02-03T17:00:00,2,3,0,1463,5851.8,3,0
2025-02-03T18:00:00,2,5,3,1465,2930.8,6,0
2025-02-03T19:00:00,2,4,1,1468,2200.9,8,0
2025-02-03T20:00:00,2,6,7,1467,2198.9,8,0
2025-02-03T21:00:00,2,1,2,1466,5864.5,3,0
2025-02-03T22:00:00,2,0,0,1466,8795.9,2,0
2025-02-03T23:00:00,2,3,7,1462,2924.0,6,0
2025-02-04T00:00:00,2,1,0,1463,8779.1,2,0
2025-02-04T01:00:00,2,9,8,1464,2926.9,6,0
2025-02-04T02:00:00,2,1,1,1464,8783.5,2,0
2025-02-04T03:00:00,2,9,5,1468,2935.6,6,0
2025-02-04T04:00:00,2,1,0,1469,2937.0,6,0
2025-02-04T05:00:00,2,9,7,1471,2941.6,6,0
2025-02-04T06:00:00,2,8,3,1476,2212.1,8,0
2025-02-04T07:00:00,2,2,0,1478,2533.4,7,0
2025-02-04T08:00:00,2,3,6,1475,8849.5,2,0
2025-02-04T09:00:00,2,9,4,1480,4439.4,4,0
2025-02-04T10:00:00,2,18,11,1487,4460.2,4,0
2025-02-04T11:00:00,2,18,12,1493,2560.4,7,0
2025-02-04T12:00:00,2,16,13,1496,2244.7,8,0
2025-02-04T13:00:00,2,15,11,1500,4500.7,4,0
2025-02-04T14:00:00,2,14,12,1502,2576.2,7,0
2025-02-04T15:00:00,2,15,13,1504,6014.1,3,0
2025-02-04T16:00:00,2,16,14,1506,6024.7,3,0
2025-02-04T17:00:00,2,6,2,1510,4529.8,4,0
2025-02-04T18:00:00,2,9,3,1516,2599.9,7,0
2025-02-04T19:00:00,2,7,6,1517,3034.7,6,0
2025-02-04T20:00:00,2,4,2,1519,3038.0,6,0
2025-02-04T21:00:00,2,4,5,1518,2602.3,7,0
2025-02-04T22:00:00,2,9,11,1516,3638.2,5,0
2025-02-04T23:00:00,2,9,5,1520,3646.3,5,0
2025-02-05T00:00:00,2,6,4,1522,3653.8,5,0
2025-02-05T01:00:00,2,5,2,1525,9151.5,2,0
2025-02-05T02:00:00,2,3,1,1527,9162.8,2,0
2025-02-05T03:00:00,2,9,5,1531,3675.3,5,0
2025-02-05T04:00:00,2,0,0,1531,2294.8,8,0
2025-02-05T05:00:00,2,0,3,1528,2292.7,8,0
2025-02-05T06:00:00,2,3,2,1529,9175.6,2,0
2025-02-05T07:00:00,2,5,6,1528,3666.5,5,0
2025-02-05T08:00:00,2,0,1,1527,3055.3,6,0
2025-02-05T09:00:00,2,13,9,1531,2295.3,8,0
2025-02-05T10:00:00,2,12,8,1535,3682.6,5,0
2025-02-05T11:00:00,2,12,11,1536,2631.7,7,0
2025-02-05T12:00:00,2,21,16,1541,3082.6,6,0
2025-02-05T13:00:00,2,11,5,1547,3711.5,5,0
2025-02-05T14:00:00,2,5,4,1548,2322.6,8,0
2025-02-05T15:00:00,2,18,16,1550,2325.8,8,0
2025-02-05T16:00:00,2,15,12,1553,3726.6,5,0
2025-02-05T17:00:00,2,1,0,1554,9325.8,2,0
2025-02-05T18:00:00,2,2,0,1556,4666.5,4,0
2025-02-05T19:00:00,2,6,4,1558,3115.7,6,0
2025-02-05T20:00:00,2,5,7,1556,2667.0,7,0
2025-02-05T21:00:00,2,6,6,1556,6225.7,3,0
2025-02-05T22:00:00,2,5,2,1559,3118.2,6,0
2025-02-05T23:00:00,2,5,6,1558,2670.1,7,0
2025-02-06T00:00:00,2,3,2,1559,3740.5,5,0
2025-02-06T01:00:00,2,2,1,1560,3744.9,5,0
2025-02-06T02:00:00,2,0,0,1560,6241.2,3,0
2025-02-06T03:00:00,2,6,8,1558,4673.4,4,0
2025-02-06T04:00:00,2,8,3,1563,3749.2,5,0
2025-02-06T05:00:00,2,3,0,1566,2683.0,7,0
2025-02-06T06:00:00,2,4,1,1569,9413.6,2,0
2025-02-06T07:00:00,2,2,2,1569,4708.5,4,0
2025-02-06T08:00:00,2,7,3,1573,3144.0,6,0
2025-02-06T09:00:00,2,16,11,1578,2704.1,7,0
2025-02-06T10:00:00,2,13,11,1580,3792.7,5,0
2025-02-06T11:00:00,2,18,11,1587,3810.5,5,0
2025-02-06T12:00:00,2,13,9,1591,9544.5,2,0
2025-02-06T13:00:00,2,13,11,1593,4777.4,4,0
2025-02-06T14:00:00,2,18,15,1596,3191.0,6,0
2025-02-06T15:00:00,2,9,3,1602,2747.5,7,0
2025-02-06T16:00:00,2,17,12,1607,2409.9,8,0
2025-02-06T17:00:00,2,0,0,1607,3212.7,6,0
2025-02-06T18:00:00,2,4,1,1610,3219.0,6,0
2025-02-06T19:00:00,2,5,3,1612,6449.5,3,0
2025-02-06T20:00:00,2,0,2,1610,9659.7,2,0
2025-02-06T21:00:00,2,4,0,1614,2419.6,8,0
2025-02-06T22:00:00,2,2,2,1614,3228.2,6,0
2025-02-06T23:00:00,2,11,8,1617,2771.9,7,0
2025-02-07T00:00:00,2,4,4,1617,3232.9,6,0
2025-02-07T01:00:00,2,6,6,1617,6467.0,3,0
2025-02-07T02:00:00,2,2,0,1619,2428.7,8,0
2025-02-07T03:00:00,2,2,4,1617,6468.9,3,0
2025-02-07T04:00:00,2,2,7,1612,9673.9,2,0
2025-02-07T05:00:00,2,2,0,1614,2422.6,8,0
2025-02-07T06:00:00,2,6,5,1615,6458.3,3,0
2025-02-07T07:00:00,2,3,4,1614,2420.5,8,0
2025-02-07T08:00:00,2,0,1,1613,2765.4,7,0
2025-02-07T09:00:00,2,14,8,1619,6474.3,3,0
2025-02-07T10:00:00,2,18,14,1623,2781.0,7,0
2025-02-07T11:00:00,2,17,13,1627,2788.0,7,0
2025-02-07T12:00:00,2,11,10,1628,2443.3,8,0
2025-02-07T13:00:00,2,15,12,1631,2448.4,8,0
2025-02-07T14:00:00,2,14,10,1635,3922.8,5,0
2025-02-07T15:00:00,2,16,14,1637,3273.5,6,0
2025-02-07T16:00:00,2,15,8,1644,2467.4,8,0
2025-02-07T17:00:00,2,5,3,1646,3948.6,5,0
2025-02-07T18:00:00,2,2,0,1648,3954.9,5,0
2025-02-07T19:00:00,2,3,0,1651,2475.7,8,0
2025-02-07T20:00:00,2,2,4,1649,9894.7,2,0
2025-02-07T21:00:00,2,4,0,1653,2833.9,7,0
2025-02-07T22:00:00,2,0,0,1653,9919.2,2,0
2025-02-07T23:00:00,2,10,10,1653,4958.7,4,0
2025-02-08T00:00:00,2,5,3,1655,6618.4,3,0
2025-02-08T01:00:00,2,3,0,1658,3977.3,5,0
2025-02-08T02:00:00,2,4,4,1658,3315.4,6,0
2025-02-08T03:00:00,2,6,3,1661,3320.3,6,0
2025-02-08T04:00:00,2,2,2,1661,6645.1,3,0
2025-02-08T05:00:00,2,5,2,1664,3992.1,5,0
2025-02-08T06:00:00,2,5,5,1664,3995.3,5,0
2025-02-08T07:00:00,2,2,2,1664,3328.4,6,0
2025-02-08T08:00:00,2,1,1,1664,2497.6,8,0
2025-02-08T09:00:00,2,16,8,1672,10030.1,2,0
2025-02-08T10:00:00,2,14,10,1676,2873.2,7,0
2025-02-08T11:00:00,2,20,18,1678,5034.3,4,0
2025-02-08T12:00:00,2,11,8,1681,5043.8,4,0
2025-02-08T13:00:00,2,17,14,1684,2888.3,7,0
2025-02-08T14:00:00,2,16,8,1692,4061.9,5,0
2025-02-08T15:00:00,2,16,11,1697,3395.7,6,0
2025-02-08T16:00:00,2,16,17,1696,5087.2,4,0
2025-02-08T17:00:00,2,3,1,1698,6792.8,3,0
2025-02-08T18:00:00,2,3,1,1700,2913.2,7,0
2025-02-08T19:00:00,2,6,2,1704,2922.1,7,0
2025-02-08T20:00:00,2,2,4,1702,6806.4,3,0
2025-02-08T21:00:00,2,4,6,1700,10201.3,2,0
2025-02-08T22:00:00,2,4,3,1701,2918.0,7,0
2025-02-08T23:00:00,2,3,1,1703,2556.2,8,0
2025-02-09T00:00:00,2,2,3,1702,3404.4,6,0
2025-02-09T01:00:00,2,0,0,1702,6808.5,3,0
2025-02-09T02:00:00,2,9,5,1706,10237.9,2,0
2025-02-09T03:00:00,2,0,0,1706,5116.2,4,0
2025-02-09T04:00:00,2,1,2,1705,2558.2,8,0
2025-02-09T05:00:00,2,4,0,1709,2564.6,8,0
2025-02-09T06:00:00,2,0,1,1708,2560.8,8,0
2025-02-09T07:00:00,2,0,0,1708,6833.9,3,0
2025-02-09T08:00:00,2,3,3,1708,5122.4,4,0
2025-02-09T09:00:00,2,15,11,1712,5135.2,4,0
2025-02-09T10:00:00,2,20,15,1717,2576.1,8,0
2025-02-09T11:00:00,2,14,11,1720,3439.8,6,0
2025-02-09T12:00:00,2,20,17,1723,2951.8,7,0
2025-02-09T13:00:00,2,21,20,1724,4137.6,5,0
2025-02-09T14:00:00,2,15,15,1724,2957.2,7,0
2025-02-09T15:00:00,2,14,12,1726,2588.9,8,0
2025-02-09T16:00:00,2,20,14,1732,5194.7,4,0
2025-02-09T17:00:00,2,5,6,1731,4156.0,5,0
2025-02-09T18:00:00,2,0,0,1731,2595.5,8,0
2025-02-09T19:00:00,2,6,5,1732,4158.5,5,0
2025-02-09T20:00:00,2,6,7,1731,6922.0,3,0
2025-02-09T21:00:00,2,6,4,1733,2600.3,8,0
2025-02-09T22:00:00,2,1,2,1732,2968.4,7,0
2025-02-09T23:00:00,2,6,6,1732,4156.0,5,0
2025-02-10T00:00:00,2,2,3,1731,10384.1,2,0
2025-02-10T01:00:00,2,1,4,1728,6910.2,3,0
2025-02-10T02:00:00,2,7,5,1730,4152.8,5,0
2025-02-10T03:00:00,2,3,3,1730,6920.1,3,0
2025-02-10T04:00:00,2,4,2,1732,10391.3,2,0
2025-02-10T05:00:00,2,4,5,1731,2596.9,8,0
2025-02-10T06:00:00,2,5,2,1734,3468.9,6,0
2025-02-10T07:00:00,2,1,1,1734,3466.1,6,0
2025-02-10T08:00:00,2,2,2,1734,10405.5,2,0
2025-02-10T09:00:00,2,15,14,1735,2973.0,7,0
2025-02-10T10:00:00,2,12,9,1738,2979.7,7,0
2025-02-10T11:00:00,2,15,12,1741,10445.0,2,0
2025-02-10T12:00:00,2,16,11,1746,6983.3,3,0
2025-02-10T13:00:00,2,13,9,1750,3000.5,7,0
2025-02-10T14:00:00,2,14,12,1752,2629.1,8,0
2025-02-10T15:00:00,2,14,9,1757,5271.1,4,0
2025-02-10T16:00:00,2,15,16,1756,3510.9,6,0
2025-02-10T17:00:00,2,9,6,1759,5277.9,4,0
2025-02-10T18:00:00,2,0,1,1758,5274.2,4,0
2025-02-10T19:00:00,2,0,0,1758,5273.8,4,0
2025-02-10T20:00:00,2,3,2,1759,3016.4,7,0
2025-02-10T21:00:00,2,8,3,1764,2646.6,8,0
2025-02-10T22:00:00,2,9,11,1762,5287.9,4,0
2025-02-10T23:00:00,2,5,3,1764,2644.1,8,0
2025-02-11T00:00:00,2,0,0,1764,3024.9,7,0
2025-02-11T01:00:00,2,8,7,1765,3024.6,7,0
2025-02-11T02:00:00,2,1,3,1763,3524.3,6,0
2025-02-11T03:00:00,2,5,5,1763,3524.8,6,0
2025-02-11T04:00:00,2,3,2,1764,2644.4,8,0
2025-02-11T05:00:00,2,3,6,1761,5282.0,4,0
2025-02-11T06:00:00,2,6,7,1760,3518.6,6,0
2025-02-11T07:00:00,2,0,3,1757,5271.1,4,0
2025-02-11T08:00:00,2,0,0,1757,3515.5,6,0
2025-02-11T09:00:00,2,7,5,1759,3516.9,6,0
2025-02-11T10:00:00,2,17,14,1762,4229.4,5,0
2025-02-11T11:00:00,2,12,8,1766,4238.8,5,0
2025-02-11T12:00:00,2,11,11,1766,4236.9,5,0
2025-02-11T13:00:00,2,16,12,1770,3541.4,6,0
2025-02-11T14:00:00,2,13,10,1773,10638.4,2,0
2025-02-11T15:00:00,2,16,10,1779,3557.9,6,0
2025-02-11T16:00:00,2,15,16,1778,3049.2,7,0
2025-02-11T17:00:00,2,7,8,1777,2664.4,8,0
2025-02-11T18:00:00,2,4,2,1779,3048.5,7,0
2025-02-11T19:00:00,2,1,0,1780,3051.8,7,0
2025-02-11T20:00:00,2,5,3,1782,4276.3,5,0
2025-02-11T21:00:00,2,2,2,1782,5347.8,4,0
2025-02-11T22:00:00,2,1,0,1783,2674.4,8,0
2025-02-11T23:00:00,2,6,6,1783,3055.8,7,0
2025-02-12T00:00:00,2,5,2,1786,10716.9,2,0
2025-02-12T01:00:00,2,5,4,1787,7146.5,3,0
2025-02-12T02:00:00,2,0,0,1787,10720.2,2,0
2025-02-12T03:00:00,2,6,2,1791,5374.0,4,0
2025-02-12T04:00:00,2,5,3,1793,5377.3,4,0
2025-02-12T05:00:00,2,2,2,1793,4302.9,5,0
2025-02-12T06:00:00,2,2,2,1793,3072.1,7,0
2025-02-12T07:00:00,2,2,1,1794,10765.9,2,0
2025-02-12T08:00:00,2,8,5,1797,4311.3,5,0
2025-02-12T09:00:00,2,18,15,1800,10801.1,2,0
2025-02-12T10:00:00,2,20,14,1806,3611.5,6,0
2025-02-12T11:00:00,2,10,9,1807,4335.5,5,0
2025-02-12T12:00:00,2,15,11,1811,5433.7,4,0
2025-02-12T13:00:00,2,21,16,1816,3631.6,6,0
2025-02-12T14:00:00,2,8,4,1820,4367.6,5,0
2025-02-12T15:00:00,2,15,12,1823,7293.7,3,0
2025-02-12T16:00:00,2,8,5,1826,2737.9,8,0
2025-02-12T17:00:00,2,0,0,1826,7304.7,3,0
2025-02-12T18:00:00,2,5,1,1830,3135.3,7,0
2025-02-12T19:00:00,2,2,2,1830,10980.2,2,0
2025-02-12T20:00:00,2,0,1,1829,3657.0,6,0
2025-02-12T21:00:00,2,7,3,1833,2747.7,8,0
2025-02-12T22:00:00,2,7,7,1833,3666.6,6,0
2025-02-12T23:00:00,2,3,2,1834,7336.1,3,0
2025-02-13T00:00:00,2,1,3,1832,2749.3,8,0
2025-02-13T01:00:00,2,4,0,1836,3148.3,7,0
2025-02-13T02:00:00,2,6,6,1836,7342.7,3,0
2025-02-13T03:00:00,2,0,3,1833,3142.9,7,0
2025-02-13T04:00:00,2,6,6,1833,7333.9,3,0
2025-02-13T05:00:00,2,4,3,1834,7334.0,3,0
2025-02-13T06:00:00,2,1,0,1835,7340.1,3,0
2025-02-13T07:00:00,2,0,2,1833,10998.4,2,0
2025-02-13T08:00:00,2,0,0,1833,4399.0,5,0
2025-02-13T09:00:00,2,13,5,1841,7363.4,3,0
2025-02-13T10:00:00,2,15,11,1845,2768.3,8,0
2025-02-13T11:00:00,2,14,12,1847,3694.5,6,0
2025-02-13T12:00:00,2,15,12,1850,5551.6,4,0
2025-02-13T13:00:00,2,15,12,1853,7411.7,3,0
2025-02-13T14:00:00,2,16,13,1856,3712.8,6,0
2025-02-13T15:00:00,2,14,11,1859,2786.8,8,0
2025-02-13T16:00:00,2,10,7,1862,4470.0,5,0
2025-02-13T17:00:00,2,2,3,1861,3721.1,6,0
2025-02-13T18:00:00,2,10,9,1862,3723.2,6,0
2025-02-13T19:00:00,2,4,6,1860,11159.5,2,0
2025-02-13T20:00:00,2,6,5,1861,11164.1,2,0
2025-02-13T21:00:00,2,9,10,1860,5581.8,4,0
2025-02-13T22:00:00,2,6,5,1861,11167.9,2,0
2025-02-13T23:00:00,2,5,4,1862,3192.2,7,0
2025-02-14T00:00:00,2,4,4,1862,2793.3,8,0
2025-02-14T01:00:00,2,2,0,1864,5591.3,4,0
2025-02-14T02:00:00,2,2,3,1863,11179.9,2,0
2025-02-14T03:00:00,2,3,2,1864,3727.6,6,0
2025-02-14T04:00:00,2,0,2,1862,7449.9,3,0
2025-02-14T05:00:00,2,1,1,1862,3723.8,6,0
2025-02-14T06:00:00,2,5,5,1862,5585.6,4,0
2025-02-14T07:00:00,2,4,0,1866,3732.4,6,0
2025-02-14T08:00:00,2,7,9,1864,7455.0,3,0
2025-02-14T09:00:00,2,15,13,1866,2799.1,8,0
2025-02-14T10:00:00,2,16,11,1871,3740.4,6,0
2025-02-14T11:00:00,2,9,4,1876,5627.2,4,0
2025-02-14T12:00:00,2,13,7,1882,3227.7,7,0
2025-02-14T13:00:00,2,16,11,1887,7546.8,3,0
2025-02-14T14:00:00,2,12,10,1889,5667.5,4,0
2025-02-14T15:00:00,2,6,3,1892,7568.6,3,0
2025-02-14T16:00:00,2,13,11,1894,7576.1,3,0
2025-02-14T17:00:00,2,0,0,1894,4545.6,5,0
2025-02-14T18:00:00,2,3,0,1897,11382.9,2,0
2025-02-14T19:00:00,2,3,1,1899,4558.4,5,0
2025-02-14T20:00:00,2,4,0,1903,3805.3,6,0
2025-02-14T21:00:00,2,3,6,1900,3801.0,6,0
2025-02-14T22:00:00,2,0,0,1900,2850.3,8,0
2025-02-14T23:00:00,2,1,0,1901,2849.6,8,0
2025-02-15T00:00:00,2,4,3,1902,3805.3,6,0
2025-02-15T01:00:00,2,2,2,1902,11411.7,2,0
2025-02-15T02:00:00,2,11,11,1902,2853.0,8,0
2025-02-15T03:00:00,2,10,7,1905,11431.1,2,0
2025-02-15T04:00:00,2,2,1,1906,11437.6,2,0
2025-02-15T05:00:00,2,8,8,1906,3810.5,6,0
2025-02-15T06:00:00,2,7,5,1908,7633.7,3,0
2025-02-15T07:00:00,2,0,0,1908,11448.6,2,0
2025-02-15T08:00:00,2,4,1,1911,3823.6,6,0
2025-02-15T09:00:00,2,10,8,1913,7653.7,3,0
2025-02-15T10:00:00,2,15,16,1912,7646.1,3,0
2025-02-15T11:00:00,2,11,9,1914,11482.5,2,0
2025-02-15T12:00:00,2,7,7,1914,7657.1,3,0
2025-02-15T13:00:00,2,14,13,1915,3283.4,7,0
2025-02-15T14:00:00,2,16,15,1916,3830.9,6,0
2025-02-15T15:00:00,2,11,8,1919,4607.1,5,0
2025-02-15T16:00:00,2,16,13,1922,7688.5,3,0
2025-02-15T17:00:00,2,2,4,1920,4609.9,5,0
2025-02-15T18:00:00,2,1,2,1919,2878.3,8,0
2025-02-15T19:00:00,2,0,0,1919,7676.1,3,0
2025-02-15T20:00:00,2,4,3,1920,5760.5,4,0
2025-02-15T21:00:00,2,0,0,1920,11518.5,2,0
2025-02-15T22:00:00,2,3,0,1923,4614.1,5,0
2025-02-15T23:00:00,2,4,4,1923,11538.5,2,0
2025-02-16T00:00:00,2,2,0,1925,5773.8,4,0
2025-02-16T01:00:00,2,0,0,1925,2885.7,8,0
2025-02-16T02:00:00,2,2,1,1926,5776.7,4,0
2025-02-16T03:00:00,2,1,0,1927,7707.3,3,0
2025-02-16T04:00:00,2,6,7,1926,7704.4,3,0
2025-02-16T05:00:00,2,5,1,1930,3858.0,6,0
2025-02-16T06:00:00,2,0,0,1930,4633.8,5,0
2025-02-16T07:00:00,2,1,2,1929,3858.7,6,0
2025-02-16T08:00:00,2,7,3,1933,3867.8,6,0
2025-02-16T09:00:00,2,16,11,1938,3874.4,6,0
2025-02-16T10:00:00,2,16,11,1943,4665.2,5,0
2025-02-16T11:00:00,2,15,12,1946,3893.5,6,0
2025-02-16T12:00:00,2,11,10,1947,3336.4,7,0
2025-02-16T13:00:00,2,14,11,1950,3898.0,6,0
2025-02-16T14:00:00,2,15,11,1954,7814.2,3,0
2025-02-16T15:00:00,2,19,16,1957,3354.0,7,0
2025-02-16T16:00:00,2,19,11,1965,2947.6,8,0
2025-02-16T17:00:00,2,5,1,1969,3374.2,7,0
2025-02-16T18:00:00,2,2,1,1970,11821.0,2,0
2025-02-16T19:00:00,2,3,3,1970,3941.1,6,0
2025-02-16T20:00:00,2,2,0,1972,3944.6,6,0
2025-02-16T21:00:00,2,3,1,1974,4738.3,5,0
2025-02-16T22:00:00,2,0,0,1974,3949.7,6,0
2025-02-16T23:00:00,2,4,2,1976,2965.8,8,0
2025-02-17T00:00:00,2,7,3,1980,7920.2,3,0
2025-02-17T01:00:00,2,0,0,1980,3958.4,6,0
2025-02-17T02:00:00,2,1,0,1981,4756.1,5,0
2025-02-17T03:00:00,2,1,3,1979,5938.3,4,0
2025-02-17T04:00:00,2,5,4,1980,3958.2,6,0
2025-02-17T05:00:00,2,3,2,1981,11887.3,2,0
2025-02-17T06:00:00,2,8,9,1980,2970.9,8,0
2025-02-17T07:00:00,2,4,8,1976,3389.1,7,0
2025-02-17T08:00:00,2,13,9,1980,11879.2,2,0
2025-02-17T09:00:00,2,12,10,1982,2973.6,8,0
2025-02-17T10:00:00,2,15,10,1987,7949.9,3,0
2025-02-17T11:00:00,2,13,14,1986,3403.8,7,0
2025-02-17T12:00:00,2,14,9,1991,4777.2,5,0
2025-02-17T13:00:00,2,16,14,1993,4784.1,5,0
2025-02-17T14:00:00,2,16,12,1997,3422.6,7,0
2025-02-17T15:00:00,2,19,16,2000,11998.5,2,0
2025-02-17T16:00:00,2,11,8,2003,4004.8,6,0
2025-02-17T17:00:00,2,3,5,2001,8004.9,3,0
2025-02-17T18:00:00,2,1,2,2000,6000.0,4,0
2025-02-17T19:00:00,2,6,2,2004,6012.8,4,0
2025-02-17T20:00:00,2,0,0,2004,4008.1,6,0
2025-02-17T21:00:00,2,2,2,2004,8014.2,3,0
2025-02-17T22:00:00,2,3,3,2004,3436.4,7,0
2025-02-17T23:00:00,2,7,4,2007,12043.9,2,0
2025-02-18T00:00:00,2,5,3,2009,8034.5,3,0
2025-02-18T01:00:00,2,0,0,2009,4017.1,6,0
2025-02-18T02:00:00,2,5,7,2007,6019.8,4,0
2025-02-18T03:00:00,2,0,1,2006,4013.5,6,0
2025-02-18T04:00:00,2,13,10,2009,6028.7,4,0
2025-02-18T05:00:00,2,6,5,2010,12060.8,2,0
2025-02-18T06:00:00,2,0,1,2009,4016.7,6,0
2025-02-18T07:00:00,2,3,2,2010,8041.5,3,0
2025-02-18T08:00:00,2,5,4,2011,3017.7,8,0
2025-02-18T09:00:00,2,19,17,2013,4024.2,6,0
2025-02-18T10:00:00,2,21,15,2019,8076.5,3,0
2025-02-18T11:00:00,2,15,7,2027,3473.1,7,0
2025-02-18T12:00:00,2,15,13,2029,8115.0,3,0
2025-02-18T13:00:00,2,12,12,2029,4871.1,5,0
2025-02-18T14:00:00,2,15,12,2032,6096.1,4,0
2025-02-18T15:00:00,2,16,12,2036,8143.0,3,0
2025-02-18T16:00:00,2,19,15,2040,3060.4,8,0
2025-02-18T17:00:00,2,0,0,2040,8159.2,3,0
2025-02-18T18:00:00,2,9,7,2042,4899.7,5,0
2025-02-18T19:00:00,2,4,5,2041,12245.4,2,0
2025-02-18T20:00:00,2,7,7,2041,12247.2,2,0
2025-02-18T21:00:00,2,5,2,2044,4088.9,6,0
2025-02-18T22:00:00,2,2,0,2046,8185.3,3,0
2025-02-18T23:00:00,2,0,0,2046,8185.8,3,0
2025-02-19T00:00:00,2,1,0,2047,4092.7,6,0
2025-02-19T01:00:00,2,3,5,2045,3506.0,7,0
2025-02-19T02:00:00,2,4,4,2045,6133.9,4,0
2025-02-19T03:00:00,2,3,0,2048,8191.7,3,0
2025-02-19T04:00:00,2,10,6,2052,12313.4,2,0
2025-02-19T05:00:00,2,3,1,2054,6163.8,4,0
2025-02-19T06:00:00,2,10,7,2057,8228.1,3,0
2025-02-19T07:00:00,2,3,4,2056,8225.7,3,0
2025-02-19T08:00:00,2,4,3,2057,8226.8,3,0
2025-02-19T09:00:00,2,7,8,2056,8222.3,3,0
2025-02-19T10:00:00,2,22,16,2062,6186.0,4,0
2025-02-19T11:00:00,2,16,12,2066,4133.3,6,0
2025-02-19T12:00:00,2,16,11,2071,12426.1,2,0
2025-02-19T13:00:00,2,15,7,2079,4157.3,6,0
2025-02-19T14:00:00,2,17,13,2083,3571.8,7,0
2025-02-19T15:00:00,2,12,9,2086,5004.8,5,0
2025-02-19T16:00:00,2,14,13,2087,3129.3,8,0
2025-02-19T17:00:00,2,3,0,2090,3133.9,8,0
2025-02-19T18:00:00,2,6,5,2091,4180.9,6,0
2025-02-19T19:00:00,2,3,0,2094,3140.2,8,0
2025-02-19T20:00:00,2,4,5,2093,3586.3,7,0
2025-02-19T21:00:00,2,0,0,2093,6277.3,4,0
2025-02-19T22:00:00,2,0,0,2093,4187.2,6,0
2025-02-19T23:00:00,2,2,0,2095,12571.2,2,0
2025-02-20T00:00:00,2,1,0,2096,3591.6,7,0
2025-02-20T01:00:00,2,7,5,2098,6293.4,4,0
2025-02-20T02:00:00,2,3,2,2099,3599.5,7,0
2025-02-20T03:00:00,2,8,7,2100,4200.7,6,0
2025-02-20T04:00:00,2,7,6,2101,8402.6,3,0
2025-02-20T05:00:00,2,6,1,2106,12634.7,2,0
2025-02-20T06:00:00,2,3,0,2109,6325.4,4,0
2025-02-20T07:00:00,2,0,4,2105,6315.5,4,0
2025-02-20T08:00:00,2,6,3,2108,3163.9,8,0
2025-02-20T09:00:00,2,11,11,2108,4216.1,6,0
2025-02-20T10:00:00,2,14,15,2107,5055.6,5,0
2025-02-20T11:00:00,2,13,9,2111,3619.9,7,0
2025-02-20T12:00:00,2,15,11,2115,3625.4,7,0
2025-02-20T13:00:00,2,14,10,2119,12714.4,2,0
2025-02-20T14:00:00,2,12,11,2120,8478.2,3,0
2025-02-20T15:00:00,2,16,11,2125,3640.9,7,0
2025-02-20T16:00:00,2,16,12,2129,12775.8,2,0
2025-02-20T17:00:00,2,0,0,2129,12775.0,2,0
2025-02-20T18:00:00,2,5,5,2129,4258.0,6,0
2025-02-20T19:00:00,2,2,4,2127,3190.4,8,0
2025-02-20T20:00:00,2,3,4,2126,3188.5,8,0
2025-02-20T21:00:00,2,0,1,2125,5099.4,5,0
2025-02-20T22:00:00,2,7,6,2126,8503.5,3,0
2025-02-20T23:00:00,2,9,5,2130,3649.7,7,0
2025-02-21T00:00:00,2,0,0,2130,12780.1,2,0
2025-02-21T01:00:00,2,6,5,2131,4262.5,6,0
2025-02-21T02:00:00,2,5,9,2127,4252.3,6,0
2025-02-21T03:00:00,2,4,2,2129,12775.3,2,0
2025-02-21T04:00:00,2,10,7,2132,12793.0,2,0
2025-02-21T05:00:00,2,0,0,2132,8528.4,3,0
2025-02-21T06:00:00,2,0,1,2131,12787.2,2,0
2025-02-21T07:00:00,2,4,5,2130,6391.9,4,0
2025-02-21T08:00:00,2,3,1,2132,8529.6,3,0
2025-02-21T09:00:00,2,12,12,2132,3198.1,8,0
2025-02-21T10:00:00,2,17,16,2133,4267.5,6,0
2025-02-21T11:00:00,2,17,12,2138,3666.1,7,0
2025-02-21T12:00:00,2,16,14,2140,3666.9,7,0
2025-02-21T13:00:00,2,16,10,2146,3680.3,7,0
2025-02-21T14:00:00,2,19,14,2151,3227.0,8,0
2025-02-21T15:00:00,2,14,11,2154,4308.6,6,0
2025-02-21T16:00:00,2,16,12,2158,3238.4,8,0
2025-02-21T17:00:00,2,0,0,2158,6473.6,4,0
2025-02-21T18:00:00,2,4,2,2160,3703.3,7,0
2025-02-21T19:00:00,2,0,0,2160,3238.7,8,0
2025-02-21T20:00:00,2,3,3,2160,12960.3,2,0
2025-02-21T21:00:00,2,4,1,2163,3245.4,8,0
2025-02-21T22:00:00,2,2,2,2163,6489.7,4,0
2025-02-21T23:00:00,2,0,0,2163,4324.1,6,0
2025-02-22T00:00:00,2,4,3,2164,4328.7,6,0
2025-02-22T01:00:00,2,5,6,2163,3242.9,8,0
2025-02-22T02:00:00,2,6,0,2169,6508.3,4,0
2025-02-22T03:00:00,2,4,2,2171,8685.5,3,0
2025-02-22T04:00:00,2,4,4,2171,3720.3,7,0
2025-02-22T05:00:00,2,12,9,2174,13045.4,2,0
2025-02-22T06:00:00,2,6,3,2177,3730.9,7,0
2025-02-22T07:00:00,2,1,0,2178,4356.5,6,0
2025-02-22T08:00:00,2,3,4,2177,4352.3,6,0
2025-02-22T09:00:00,2,15,9,2183,3741.2,7,0
2025-02-22T10:00:00,2,12,11,2184,3743.8,7,0
2025-02-22T11:00:00,2,20,17,2187,8749.9,3,0
2025-02-22T12:00:00,2,18,15,2190,8761.5,3,0
2025-02-22T13:00:00,2,9,6,2193,5261.6,5,0
2025-02-22T14:00:00,2,11,4,2200,8799.1,3,0
2025-02-22T15:00:00,2,16,11,2205,8821.2,3,0
2025-02-22T16:00:00,2,13,11,2207,3310.2,8,0
2025-02-22T17:00:00,2,5,0,2212,3319.4,8,0
2025-02-22T18:00:00,2,2,5,2209,4419.4,6,0
2025-02-22T19:00:00,2,6,5,2210,6630.6,4,0
2025-02-22T20:00:00,2,4,2,2212,8849.3,3,0
2025-02-22T21:00:00,2,8,3,2217,4435.0,6,0
2025-02-22T22:00:00,2,5,0,2222,5333.6,5,0
2025-02-22T23:00:00,2,4,3,2223,6670.2,4,0
2025-02-23T00:00:00,2,3,2,2224,5339.5,5,0
2025-02-23T01:00:00,2,1,1,2224,3335.4,8,0
2025-02-23T02:00:00,2,4,8,2220,5328.9,5,0
2025-02-23T03:00:00,2,2,0,2222,8889.4,3,0
2025-02-23T04:00:00,2,0,0,2222,3333.5,8,0
2025-02-23T05:00:00,2,4,5,2221,5331.0,5,0
2025-02-23T06:00:00,2,2,3,2220,13319.7,2,0
2025-02-23T07:00:00,2,4,2,2222,5331.6,5,0
2025-02-23T08:00:00,2,6,4,2224,5336.6,5,0
2025-02-23T09:00:00,2,14,8,2230,13380.5,2,0
2025-02-23T10:00:00,2,12,11,2231,3344.5,8,0
2025-02-23T11:00:00,2,14,11,2234,4466.9,6,0
2025-02-23T12:00:00,2,15,12,2237,3354.3,8,0
2025-02-23T13:00:00,2,14,9,2242,4484.2,6,0
2025-02-23T14:00:00,2,15,14,2243,3364.7,8,0
2025-02-23T15:00:00,2,14,11,2246,3369.1,8,0
2025-02-23T16:00:00,2,12,8,2250,13501.6,2,0
2025-02-23T17:00:00,2,2,0,2252,6754.7,4,0
2025-02-23T18:00:00,2,5,4,2253,9011.8,3,0
2025-02-23T19:00:00,2,0,0,2253,3864.1,7,0
2025-02-23T20:00:00,2,8,4,2257,4514.3,6,0
2025-02-23T21:00:00,2,4,3,2258,9032.7,3,0
2025-02-23T22:00:00,2,5,4,2259,6777.3,4,0
2025-02-23T23:00:00,2,2,3,2258,6772.9,4,0
2025-02-24T00:00:00,2,4,1,2261,5428.0,5,0
2025-02-24T01:00:00,2,0,1,2260,3391.3,8,0
2025-02-24T02:00:00,2,11,7,2264,13582.7,2,0
2025-02-24T03:00:00,2,0,2,2262,13571.6,2,0
2025-02-24T04:00:00,2,9,8,2263,5430.6,5,0
2025-02-24T05:00:00,2,6,2,2267,3402.2,8,0
2025-02-24T06:00:00,2,11,7,2271,5451.1,5,0
2025-02-24T07:00:00,2,6,3,2274,9094.7,3,0
2025-02-24T08:00:00,2,7,4,2277,3413.7,8,0
2025-02-24T09:00:00,2,12,7,2282,13690.7,2,0
2025-02-24T10:00:00,2,16,14,2284,5481.1,5,0
2025-02-24T11:00:00,2,12,10,2286,5488.4,5,0
2025-02-24T12:00:00,2,17,15,2288,5489.4,5,0
2025-02-24T13:00:00,2,10,8,2290,3433.4,8,0
2025-02-24T14:00:00,2,15,9,2296,3442.0,8,0
2025-02-24T15:00:00,2,13,11,2298,5513.5,5,0
2025-02-24T16:00:00,2,21,15,2304,6910.8,4,0
2025-02-24T17:00:00,2,3,4,2303,3946.4,7,0
2025-02-24T18:00:00,2,6,3,2306,5535.0,5,0
2025-02-24T19:00:00,2,0,0,2306,3460.6,8,0
2025-02-24T20:00:00,2,5,2,2309,3461.7,8,0
2025-02-24T21:00:00,2,7,5,2311,13865.5,2,0
2025-02-24T22:00:00,2,6,4,2313,3966.9,7,0
2025-02-24T23:00:00,2,2,0,2315,3969.7,7,0
2025-02-25T00:00:00,2,2,1,2316,6947.7,4,0
2025-02-25T01:00:00,2,0,3,2313,3468.3,8,0
2025-02-25T02:00:00,2,6,6,2313,13879.0,2,0
2025-02-25T03:00:00,2,7,4,2316,13895.2,2,0
2025-02-25T04:00:00,2,1,2,2315,5556.9,5,0
2025-02-25T05:00:00,2,9,5,2319,13914.5,2,0
2025-02-25T06:00:00,2,0,0,2319,13915.4,2,0
2025-02-25T07:00:00,2,0,0,2319,9277.0,3,0
2025-02-25T08:00:00,2,1,2,2318,4634.5,6,0
2025-02-25T09:00:00,2,16,9,2325,4650.8,6,0
2025-02-25T10:00:00,2,7,5,2327,6981.8,4,0
2025-02-25T11:00:00,2,15,12,2330,4660.6,6,0
2025-02-25T12:00:00,2,15,12,2333,3998.0,7,0
2025-02-25T13:00:00,2,13,12,2334,7002.5,4,0
2025-02-25T14:00:00,2,16,9,2341,9363.7,3,0
2025-02-25T15:00:00,2,14,10,2345,4019.3,7,0
2025-02-25T16:00:00,2,14,11,2348,9393.4,3,0
2025-02-25T17:00:00,2,1,0,2349,9394.5,3,0
2025-02-25T18:00:00,2,4,6,2347,7041.9,4,0
2025-02-25T19:00:00,2,6,8,2345,7036.4,4,0
2025-02-25T20:00:00,2,3,4,2344,4016.4,7,0
2025-02-25T21:00:00,2,1,3,2342,4016.4,7,0
2025-02-25T22:00:00,2,3,7,2338,5610.3,5,0
2025-02-25T23:00:00,2,5,4,2339,5612.4,5,0
2025-02-26T00:00:00,2,5,8,2336,4673.8,6,0
2025-02-26T01:00:00,2,0,2,2334,7001.9,4,0
2025-02-26T02:00:00,2,3,1,2336,14014.2,2,0
2025-02-26T03:00:00,2,5,4,2337,14020.3,2,0
2025-02-26T04:00:00,2,0,2,2335,4669.7,6,0
2025-02-26T05:00:00,2,2,0,2337,3506.4,8,0
2025-02-26T06:00:00,2,8,1,2344,7030.3,4,0
2025-02-26T07:00:00,2,4,7,2341,7021.0,4,0
2025-02-26T08:00:00,2,2,6,2337,14023.1,2,0
2025-02-26T09:00:00,2,10,4,2343,5624.1,5,0
2025-02-26T10:00:00,2,16,12,2347,4022.4,7,0
2025-02-26T11:00:00,2,12,9,2350,4030.3,7,0
2025-02-26T12:00:00,2,11,7,2354,9414.8,3,0
2025-02-26T13:00:00,2,18,13,2359,9434.6,3,0
2025-02-26T14:00:00,2,16,13,2362,4723.0,6,0
2025-02-26T15:00:00,2,12,7,2367,9467.2,3,0
2025-02-26T16:00:00,2,11,7,2371,4064.9,7,0
2025-02-26T17:00:00,2,1,0,2372,3556.7,8,0
2025-02-26T18:00:00,2,2,0,2374,7121.9,4,0
2025-02-26T19:00:00,2,6,3,2377,5702.9,5,0
2025-02-26T20:00:00,2,3,3,2377,7130.6,4,0
2025-02-26T21:00:00,2,2,1,2378,7133.2,4,0
2025-02-26T22:00:00,2,1,0,2379,7138.6,4,0
2025-02-26T23:00:00,2,2,0,2381,9523.4,3,0
2025-02-27T00:00:00,2,2,0,2383,3572.6,8,0
2025-02-27T01:00:00,2,1,1,2383,9530.3,3,0
2025-02-27T02:00:00,2,3,1,2385,5722.7,5,0
2025-02-27T03:00:00,2,4,2,2387,4772.5,6,0
2025-02-27T04:00:00,2,4,5,2386,4771.3,6,0
2025-02-27T05:00:00,2,2,2,2386,4771.9,6,0
2025-02-27T06:00:00,2,1,1,2386,4089.0,7,0
2025-02-27T07:00:00,2,4,3,2387,4774.1,6,0
2025-02-27T08:00:00,2,1,0,2388,3582.7,8,0
2025-02-27T09:00:00,2,14,9,2393,14356.3,2,0
2025-02-27T10:00:00,2,17,16,2394,7181.7,4,0
2025-02-27T11:00:00,2,13,11,2396,3594.1,8,0
2025-02-27T12:00:00,2,14,8,2402,7204.5,4,0
2025-02-27T13:00:00,2,16,12,2406,3609.7,8,0
2025-02-27T14:00:00,2,20,17,2409,4129.5,7,0
2025-02-27T15:00:00,2,14,10,2413,5792.5,5,0
2025-02-27T16:00:00,2,15,13,2415,4831.6,6,0
2025-02-27T17:00:00,2,0,0,2415,14491.0,2,0
2025-02-27T18:00:00,2,6,6,2415,4141.9,7,0
2025-02-27T19:00:00,2,5,8,2412,7237.6,4,0
2025-02-27T20:00:00,2,1,1,2412,5788.7,5,0
2025-02-27T21:00:00,2,3,3,2412,4136.7,7,0
2025-02-27T22:00:00,2,2,0,2414,9656.8,3,0
2025-02-27T23:00:00,2,5,3,2416,5799.4,5,0
2025-02-28T00:00:00,2,1,2,2415,9661.3,3,0
2025-02-28T01:00:00,2,6,5,2416,9664.4,3,0
2025-02-28T02:00:00,2,3,4,2415,14490.8,2,0
2025-02-28T03:00:00,2,5,2,2418,3628.2,8,0
2025-02-28T04:00:00,2,6,3,2421,5812.2,5,0
2025-02-28T05:00:00,2,1,4,2418,4144.9,7,0
2025-02-28T06:00:00,2,0,0,2418,7254.2,4,0
2025-02-28T07:00:00,2,5,3,2420,3629.3,8,0
2025-02-28T08:00:00,2,5,2,2423,5815.1,5,0
2025-02-28T09:00:00,2,19,13,2429,4162.6,7,0
2025-02-28T10:00:00,2,15,14,2430,5832.4,5,0
2025-02-28T11:00:00,2,12,9,2433,4864.9,6,0
2025-02-28T12:00:00,2,9,7,2435,9739.9,3,0
2025-02-28T13:00:00,2,14,12,2437,5850.3,5,0
2025-02-28T14:00:00,2,12,2,2447,5873.3,5,0
2025-02-28T15:00:00,2,11,9,2449,5878.7,5,0
2025-02-28T16:00:00,2,15,14,2450,14700.9,2,0
2025-02-28T17:00:00,2,1,0,2451,5880.5,5,0
2025-02-28T18:00:00,2,0,0,2451,14705.5,2,0
2025-02-28T19:00:00,2,6,6,2451,14704.2,2,0
2025-02-28T20:00:00,2,2,0,2453,14719.3,2,0
2025-02-28T21:00:00,2,10,10,2453,14718.6,2,0
2025-02-28T22:00:00,2,3,0,2456,9824.4,3,0
2025-02-28T23:00:00,2,4,0,2460,9840.1,3,0
2025-03-01T00:00:00,2,0,0,2460,9842.0,3,0
2025-03-01T01:00:00,2,10,6,2464,4927.7,6,0
2025-03-01T02:00:00,2,0,0,2464,7390.0,4,0
2025-03-01T03:00:00,2,2,1,2465,4224.8,7,0
2025-03-01T04:00:00,2,1,1,2465,7396.9,4,0
2025-03-01T05:00:00,2,6,5,2466,4930.4,6,0
2025-03-01T06:00:00,2,6,5,2467,9866.6,3,0
2025-03-01T07:00:00,2,0,0,2467,9869.8,3,0
2025-03-01T08:00:00,2,4,4,2467,14803.2,2,0
2025-03-01T09:00:00,2,18,14,2471,5929.2,5,0
2025-03-01T10:00:00,2,16,11,2476,9905.8,3,0
2025-03-01T11:00:00,2,16,15,2477,14861.6,2,0
2025-03-01T12:00:00,2,15,13,2479,9917.9,3,0
2025-03-01T13:00:00,2,18,16,2481,9925.5,3,0
2025-03-01T14:00:00,2,15,12,2484,3726.7,8,0
2025-03-01T15:00:00,2,15,12,2487,4263.6,7,0
2025-03-01T16:00:00,2,14,10,2491,3734.5,8,0
2025-03-01T17:00:00,2,8,6,2493,4274.9,7,0
2025-03-01T18:00:00,2,1,1,2493,4986.2,6,0
2025-03-01T19:00:00,2,4,1,2496,5991.0,5,0
2025-03-01T20:00:00,2,6,2,2500,9998.8,3,0
2025-03-01T21:00:00,2,1,0,2501,3752.3,8,0
2025-03-01T22:00:00,2,5,3,2503,7511.0,4,0
2025-03-01T23:00:00,2,4,2,2505,3757.3,8,0
2025-03-02T00:00:00,2,2,2,2505,5011.0,6,0
2025-03-02T01:00:00,2,6,2,2509,10034.1,3,0
2025-03-02T02:00:00,2,2,2,2509,5017.7,6,0
2025-03-02T03:00:00,2,2,3,2508,15049.9,2,0
2025-03-02T04:00:00,2,3,6,2505,4296.3,7,0
2025-03-02T05:00:00,2,10,8,2507,15043.6,2,0
2025-03-02T06:00:00,2,5,2,2510,10038.1,3,0
2025-03-02T07:00:00,2,1,0,2511,6026.5,5,0
2025-03-02T08:00:00,2,2,4,2509,3763.3,8,0
2025-03-02T09:00:00,2,13,9,2513,7539.7,4,0
2025-03-02T10:00:00,2,10,11,2512,10046.3,3,0
2025-03-02T11:00:00,2,14,14,2512,4305.7,7,0
2025-03-02T12:00:00,2,18,17,2513,10050.5,3,0
2025-03-02T13:00:00,2,18,14,2517,15101.9,2,0
2025-03-02T14:00:00,2,7,4,2520,5040.8,6,0
2025-03-02T15:00:00,2,14,11,2523,7570.9,4,0
2025-03-02T16:00:00,2,14,10,2527,7582.9,4,0
2025-03-02T17:00:00,2,8,5,2530,10120.1,3,0
2025-03-02T18:00:00,2,3,7,2526,4330.5,7,0
2025-03-02T19:00:00,2,4,4,2526,4329.0,7,0
2025-03-02T20:00:00,2,2,0,2528,5054.7,6,0
2025-03-02T21:00:00,2,1,0,2529,15172.2,2,0
2025-03-02T22:00:00,2,6,9,2526,4330.6,7,0
2025-03-02T23:00:00,2,3,4,2525,10099.2,3,0
2025-03-03T00:00:00,2,1,1,2525,15148.7,2,0
2025-03-03T01:00:00,2,4,4,2525,10100.3,3,0
2025-03-03T02:00:00,2,10,6,2529,3792.3,8,0
2025-03-03T03:00:00,2,4,4,2529,6071.6,5,0
2025-03-03T04:00:00,2,3,2,2530,10118.2,3,0
2025-03-03T05:00:00,2,5,6,2529,5057.8,6,0
2025-03-03T06:00:00,2,6,1,2534,10135.7,3,0
2025-03-03T07:00:00,2,6,5,2535,3802.8,8,0
2025-03-03T08:00:00,2,2,0,2537,10148.8,3,0
2025-03-03T09:00:00,2,11,7,2541,5082.1,6,0
2025-03-03T10:00:00,2,17,14,2544,7632.9,4,0
2025-03-03T11:00:00,2,13,10,2547,6113.7,5,0
2025-03-03T12:00:00,2,18,15,2550,7651.6,4,0
2025-03-03T13:00:00,2,14,12,2552,4374.3,7,0
2025-03-03T14:00:00,2,16,11,2557,15342.4,2,0
2025-03-03T15:00:00,2,13,15,2555,3831.2,8,0
2025-03-03T16:00:00,2,15,12,2558,6137.4,5,0
2025-03-03T17:00:00,2,2,2,2558,6139.2,5,0
2025-03-03T18:00:00,2,2,2,2558,15349.3,2,0
2025-03-03T19:00:00,2,7,9,2556,4380.5,7,0
2025-03-03T20:00:00,2,7,6,2557,3835.6,8,0
2025-03-03T21:00:00,2,0,0,2557,15342.2,2,0
2025-03-03T22:00:00,2,0,1,2556,5113.9,6,0
2025-03-03T23:00:00,2,6,3,2559,7677.5,4,0
2025-03-04T00:00:00,2,2,3,2558,3837.6,8,0
2025-03-04T01:00:00,2,0,0,2558,4385.8,7,0
2025-03-04T02:00:00,2,6,4,2560,15358.3,2,0
2025-03-04T03:00:00,2,2,0,2562,15370.9,2,0
2025-03-04T04:00:00,2,9,5,2566,7696.9,4,0
2025-03-04T05:00:00,2,6,3,2569,7707.2,4,0
2025-03-04T06:00:00,2,5,4,2570,10280.3,3,0
2025-03-04T07:00:00,2,3,7,2566,7699.3,4,0
2025-03-04T08:00:00,2,1,1,2566,10262.5,3,0
2025-03-04T09:00:00,2,14,13,2567,15400.7,2,0
2025-03-04T10:00:00,2,13,10,2570,15420.3,2,0
2025-03-04T11:00:00,2,12,7,2575,4413.5,7,0
2025-03-04T12:00:00,2,16,12,2579,10316.3,3,0
2025-03-04T13:00:00,2,16,10,2585,10339.0,3,0
2025-03-04T14:00:00,2,15,12,2588,10353.1,3,0
2025-03-04T15:00:00,2,19,12,2595,10380.6,3,0
2025-03-04T16:00:00,2,17,11,2601,15604.9,2,0
2025-03-04T17:00:00,2,2,0,2603,5204.5,6,0
2025-03-04T18:00:00,2,0,0,2603,7808.0,4,0
2025-03-04T19:00:00,2,0,0,2603,10410.3,3,0
2025-03-04T20:00:00,2,4,0,2607,6258.1,5,0
2025-03-04T21:00:00,2,6,1,2612,7835.3,4,0
2025-03-04T22:00:00,2,5,6,2611,6265.7,5,0
2025-03-04T23:00:00,2,4,2,2613,7839.9,4,0
2025-03-05T00:00:00,2,0,1,2612,4478.5,7,0
2025-03-05T01:00:00,2,0,0,2612,10449.1,3,0
2025-03-05T02:00:00,2,3,0,2615,15692.0,2,0
2025-03-05T03:00:00,2,4,7,2612,6270.3,5,0
2025-03-05T04:00:00,2,0,0,2612,15670.8,2,0
2025-03-05T05:00:00,2,2,0,2614,4482.4,7,0
2025-03-05T06:00:00,2,3,3,2614,4481.7,7,0
2025-03-05T07:00:00,2,6,5,2615,6276.7,5,0
2025-03-05T08:00:00,2,6,7,2614,3922.3,8,0
2025-03-05T09:00:00,2,14,6,2622,10486.5,3,0
2025-03-05T10:00:00,2,14,12,2624,6299.0,5,0
2025-03-05T11:00:00,2,13,8,2629,7888.6,4,0
2025-03-05T12:00:00,2,18,11,2636,15816.1,2,0
2025-03-05T13:00:00,2,19,16,2639,5278.5,6,0
2025-03-05T14:00:00,2,12,7,2644,3965.8,8,0
2025-03-05T15:00:00,2,16,10,2650,15898.0,2,0
2025-03-05T16:00:00,2,14,8,2656,6373.8,5,0
2025-03-05T17:00:00,2,0,2,2654,5307.6,6,0
2025-03-05T18:00:00,2,0,4,2650,15899.1,2,0
2025-03-05T19:00:00,2,1,0,2651,4545.0,7,0
2025-03-05T20:00:00,2,5,3,2653,15916.7,2,0
2025-03-05T21:00:00,2,4,0,2657,6377.4,5,0
2025-03-05T22:00:00,2,2,0,2659,6383.3,5,0
2025-03-05T23:00:00,2,3,1,2661,6386.8,5,0
2025-03-06T00:00:00,2,1,0,2662,6388.3,5,0
2025-03-06T01:00:00,2,5,5,2662,7985.9,4,0
2025-03-06T02:00:00,2,7,4,2665,10660.9,3,0
2025-03-06T03:00:00,2,6,5,2666,4571.1,7,0
2025-03-06T04:00:00,2,5,0,2671,16025.7,2,0
2025-03-06T05:00:00,2,6,1,2676,6422.5,5,0
2025-03-06T06:00:00,2,6,6,2676,10703.1,3,0
2025-03-06T07:00:00,2,4,3,2677,10706.0,3,0
2025-03-06T08:00:00,2,6,6,2677,10707.8,3,0
2025-03-06T09:00:00,2,13,10,2680,16081.5,2,0
2025-03-06T10:00:00,2,11,7,2684,4026.2,8,0
2025-03-06T11:00:00,2,14,15,2683,16097.6,2,0
2025-03-06T12:00:00,2,15,12,2686,4606.3,7,0
2025-03-06T13:00:00,2,15,8,2693,6461.6,5,0
2025-03-06T14:00:00,2,21,13,2701,8101.2,4,0
2025-03-06T15:00:00,2,12,8,2705,4056.6,8,0
2025-03-06T16:00:00,2,16,16,2705,16228.4,2,0
2025-03-06T17:00:00,2,5,6,2704,10815.6,3,0
2025-03-06T18:00:00,2,1,0,2705,16231.6,2,0
2025-03-06T19:00:00,2,11,7,2709,16253.8,2,0
2025-03-06T20:00:00,2,9,8,2710,8130.1,4,0
2025-03-06T21:00:00,2,6,7,2709,6500.2,5,0
2025-03-06T22:00:00,2,5,7,2707,5412.8,6,0
2025-03-06T23:00:00,2,3,4,2706,4637.1,7,0
2025-03-07T00:00:00,2,2,2,2706,4638.5,7,0
2025-03-07T01:00:00,2,7,2,2711,4649.0,7,0
2025-03-07T02:00:00,2,10,9,2712,8134.2,4,0
2025-03-07T03:00:00,2,4,1,2715,4655.3,7,0
2025-03-07T04:00:00,2,0,5,2710,8130.1,4,0
2025-03-07T05:00:00,2,9,4,2715,5430.1,6,0
2025-03-07T06:00:00,2,5,2,2718,4661.3,7,0
2025-03-07T07:00:00,2,5,2,2721,4664.3,7,0
2025-03-07T08:00:00,2,3,3,2721,5443.6,6,0
2025-03-07T09:00:00,2,11,6,2726,8179.5,4,0
2025-03-07T10:00:00,2,13,10,2729,10917.4,3,0
2025-03-07T11:00:00,2,11,8,2732,10926.8,3,0
2025-03-07T12:00:00,2,13,9,2736,6568.1,5,0
2025-03-07T13:00:00,2,13,12,2737,4105.5,8,0
2025-03-07T14:00:00,2,15,13,2739,4109.8,8,0
2025-03-07T15:00:00,2,14,11,2742,5482.5,6,0
2025-03-07T16:00:00,2,12,9,2745,4707.4,7,0
2025-03-07T17:00:00,2,0,2,2743,6583.6,5,0
2025-03-07T18:00:00,2,5,4,2744,10977.0,3,0
2025-03-07T19:00:00,2,6,1,2749,5498.5,6,0
2025-03-07T20:00:00,2,1,2,2748,6593.7,5,0
2025-03-07T21:00:00,2,5,6,2747,16483.4,2,0
2025-03-07T22:00:00,2,3,4,2746,10985.7,3,0
2025-03-07T23:00:00,2,7,2,2751,16506.0,2,0
2025-03-08T00:00:00,2,8,5,2754,4722.7,7,0
2025-03-08T01:00:00,2,4,1,2757,4725.6,7,0
2025-03-08T02:00:00,2,7,3,2761,4141.6,8,0
2025-03-08T03:00:00,2,4,3,2762,16571.7,2,0
2025-03-08T04:00:00,2,4,7,2759,11035.2,3,0
2025-03-08T05:00:00,2,0,0,2759,5518.0,6,0
2025-03-08T06:00:00,2,8,6,2761,8281.7,4,0
2025-03-08T07:00:00,2,3,4,2760,4140.2,8,0
2025-03-08T08:00:00,2,6,2,2764,4145.2,8,0
2025-03-08T09:00:00,2,11,9,2766,4740.6,7,0
2025-03-08T10:00:00,2,21,16,2771,4751.4,7,0
2025-03-08T11:00:00,2,13,12,2772,5544.9,6,0
2025-03-08T12:00:00,2,9,6,2775,11100.2,3,0
2025-03-08T13:00:00,2,9,5,2779,4169.8,8,0
2025-03-08T14:00:00,2,13,9,2783,8348.0,4,0
2025-03-08T15:00:00,2,17,10,2790,11158.5,3,0
2025-03-08T16:00:00,2,15,10,2795,8384.6,4,0
2025-03-08T17:00:00,2,4,3,2796,4791.4,7,0
2025-03-08T18:00:00,2,3,2,2797,6713.6,5,0
2025-03-08T19:00:00,2,0,0,2797,4795.2,7,0
2025-03-08T20:00:00,2,6,4,2799,6719.6,5,0
2025-03-08T21:00:00,2,4,5,2798,5595.5,6,0
2025-03-08T22:00:00,2,10,9,2799,4197.2,8,0
2025-03-08T23:00:00,2,6,7,2798,4197.1,8,0
2025-03-09T00:00:00,2,3,0,2801,16808.0,2,0
2025-03-09T01:00:00,2,4,1,2804,6731.6,5,0
2025-03-09T02:00:00,2,1,1,2804,4807.0,7,0
2025-03-09T03:00:00,2,4,2,2806,4211.0,8,0
2025-03-09T04:00:00,2,3,3,2806,16835.2,2,0
2025-03-09T05:00:00,2,1,0,2807,4813.9,7,0
2025-03-09T06:00:00,2,2,2,2807,16841.0,2,0
2025-03-09T07:00:00,2,2,0,2809,6743.5,5,0
2025-03-09T08:00:00,2,0,0,2809,16855.6,2,0
2025-03-09T09:00:00,2,14,10,2813,6750.0,5,0
2025-03-09T10:00:00,2,12,10,2815,4221.1,8,0
2025-03-09T11:00:00,2,16,14,2817,16900.9,2,0
2025-03-09T12:00:00,2,16,10,2823,16939.4,2,0
2025-03-09T13:00:00,2,12,7,2828,4847.9,7,0
2025-03-09T14:00:00,2,14,10,2832,16993.8,2,0
2025-03-09T15:00:00,2,14,9,2837,5675.1,6,0
2025-03-09T16:00:00,2,16,11,2842,8525.1,4,0
2025-03-09T17:00:00,2,3,1,2844,4875.6,7,0
2025-03-09T18:00:00,2,3,3,2844,6826.2,5,0
2025-03-09T19:00:00,2,2,0,2846,11384.3,3,0
2025-03-09T20:00:00,2,3,2,2847,5695.8,6,0
2025-03-09T21:00:00,2,2,3,2846,4879.7,7,0
2025-03-09T22:00:00,2,0,1,2845,17071.9,2,0
2025-03-09T23:00:00,2,4,6,2843,8528.0,4,0
2025-03-10T00:00:00,2,1,2,2842,4261.1,8,0
2025-03-10T01:00:00,2,4,4,2842,4262.4,8,0
2025-03-10T02:00:00,2,0,0,2842,4873.2,7,0
2025-03-10T03:00:00,2,0,0,2842,4262.8,8,0
2025-03-10T04:00:00,2,10,8,2844,17065.8,2,0
2025-03-10T05:00:00,2,4,5,2843,11371.4,3,0
2025-03-10T06:00:00,2,2,2,2843,4875.0,7,0
2025-03-10T07:00:00,2,0,0,2843,6823.0,5,0
2025-03-10T08:00:00,2,4,2,2845,4876.6,7,0
2025-03-10T09:00:00,2,14,10,2849,8547.5,4,0
2025-03-10T10:00:00,2,21,15,2855,5710.8,6,0
2025-03-10T11:00:00,2,17,14,2858,17146.2,2,0
2025-03-10T12:00:00,2,12,10,2860,4902.3,7,0
2025-03-10T13:00:00,2,12,8,2864,4910.8,7,0
2025-03-10T14:00:00,2,16,14,2866,4913.5,7,0
2025-03-10T15:00:00,2,15,15,2866,4913.1,7,0
2025-03-10T16:00:00,2,16,13,2869,4303.3,8,0
2025-03-10T17:00:00,2,0,1,2868,4916.8,7,0
2025-03-10T18:00:00,2,3,0,2871,5740.7,6,0
2025-03-10T19:00:00,2,2,3,2870,6888.4,5,0
2025-03-10T20:00:00,2,1,1,2870,4920.7,7,0
2025-03-10T21:00:00,2,5,2,2873,5745.3,6,0
2025-03-10T22:00:00,2,2,1,2874,6897.5,5,0
2025-03-10T23:00:00,2,5,0,2879,4319.3,8,0
2025-03-11T00:00:00,2,0,2,2877,6906.6,5,0
2025-03-11T01:00:00,2,3,0,2880,5758.5,6,0
2025-03-11T02:00:00,2,0,0,2880,8638.8,4,0
2025-03-11T03:00:00,2,4,4,2880,6911.1,5,0
2025-03-11T04:00:00,2,1,0,2881,4321.4,8,0
2025-03-11T05:00:00,2,0,0,2881,4320.0,8,0
2025-03-11T06:00:00,2,5,2,2884,5768.0,6,0
2025-03-11T07:00:00,2,5,0,2889,4953.1,7,0
2025-03-11T08:00:00,2,3,0,2892,11568.2,3,0
2025-03-11T09:00:00,2,17,14,2895,5790.1,6,0
2025-03-11T10:00:00,2,11,9,2897,11589.3,3,0
2025-03-11T11:00:00,2,14,9,2902,11606.3,3,0
2025-03-11T12:00:00,2,9,9,2902,17410.8,2,0
2025-03-11T13:00:00,2,18,16,2904,8713.2,4,0
2025-03-11T14:00:00,2,11,5,2910,8729.5,4,0
2025-03-11T15:00:00,2,17,15,2912,11646.6,3,0
2025-03-11T16:00:00,2,17,13,2916,6997.6,5,0
2025-03-11T17:00:00,2,0,0,2916,4375.6,8,0
2025-03-11T18:00:00,2,4,0,2920,17520.0,2,0
2025-03-11T19:00:00,2,0,0,2920,4380.9,8,0
2025-03-11T20:00:00,2,3,4,2919,4379.7,8,0
2025-03-11T21:00:00,2,6,4,2921,5006.2,7,0
2025-03-11T22:00:00,2,0,0,2921,17524.2,2,0
2025-03-11T23:00:00,2,7,2,2926,11704.2,3,0
2025-03-12T00:00:00,2,6,2,2930,7030.4,5,0
2025-03-12T01:00:00,2,2,2,2930,5024.2,7,0
2025-03-12T02:00:00,2,4,2,2932,4398.2,8,0
2025-03-12T03:00:00,2,1,0,2933,5029.6,7,0
2025-03-12T04:00:00,2,0,0,2933,8799.2,4,0
2025-03-12T05:00:00,2,3,3,2933,4399.2,8,0
2025-03-12T06:00:00,2,4,2,2935,5032.8,7,0
2025-03-12T07:00:00,2,3,3,2935,11740.4,3,0
2025-03-12T08:00:00,2,2,2,2935,5030.7,7,0
2025-03-12T09:00:00,2,11,9,2937,8809.5,4,0
2025-03-12T10:00:00,2,11,6,2942,17653.9,2,0
2025-03-12T11:00:00,2,16,7,2951,4428.3,8,0
2025-03-12T12:00:00,2,14,13,2952,8857.8,4,0
2025-03-12T13:00:00,2,10,10,2952,7085.7,5,0
2025-03-12T14:00:00,2,19,19,2952,11808.4,3,0
2025-03-12T15:00:00,2,18,15,2955,11820.5,3,0
2025-03-12T16:00:00,2,13,8,2960,4441.5,8,0
2025-03-12T17:00:00,2,2,0,2962,5078.1,7,0
2025-03-12T18:00:00,2,5,1,2966,4447.7,8,0
2025-03-12T19:00:00,2,7,5,2968,17808.6,2,0
2025-03-12T20:00:00,2,5,3,2970,7128.7,5,0
2025-03-12T21:00:00,2,7,7,2970,5090.8,7,0
2025-03-12T22:00:00,2,2,1,2971,5091.5,7,0
2025-03-12T23:00:00,2,3,3,2971,8912.2,4,0
2025-03-13T00:00:00,2,1,3,2969,17812.6,2,0
2025-03-13T01:00:00,2,1,0,2970,17818.3,2,0
2025-03-13T02:00:00,2,1,6,2965,17790.7,2,0
2025-03-13T03:00:00,2,3,2,2966,5931.8,6,0
2025-03-13T04:00:00,2,8,6,2968,4454.0,8,0
2025-03-13T05:00:00,2,3,0,2971,4457.2,8,0
2025-03-13T06:00:00,2,2,0,2973,7134.0,5,0
2025-03-13T07:00:00,2,6,8,2971,8912.8,4,0
2025-03-13T08:00:00,2,6,2,2975,7138.6,5,0
2025-03-13T09:00:00,2,14,11,2978,17867.9,2,0
2025-03-13T10:00:00,2,13,12,2979,8936.6,4,0
2025-03-13T11:00:00,2,10,9,2980,5960.4,6,0
2025-03-13T12:00:00,2,11,10,2981,7154.8,5,0
2025-03-13T13:00:00,2,10,8,2983,4476.1,8,0
2025-03-13T14:00:00,2,17,15,2985,8955.9,4,0
2025-03-13T15:00:00,2,15,9,2991,7180.2,5,0
2025-03-13T16:00:00,2,18,15,2994,7186.8,5,0
2025-03-13T17:00:00,2,0,1,2993,11973.4,3,0
2025-03-13T18:00:00,2,0,3,2990,5979.9,6,0
2025-03-13T19:00:00,2,7,5,2992,7181.3,5,0
2025-03-13T20:00:00,2,2,2,2992,7182.7,5,0
2025-03-13T21:00:00,2,6,0,2998,4498.4,8,0
2025-03-13T22:00:00,2,0,0,2998,5995.0,6,0
2025-03-13T23:00:00,2,7,6,2999,7195.6,5,0
2025-03-14T00:00:00,2,1,2,2998,8993.2,4,0
2025-03-14T01:00:00,2,3,4,2997,4497.4,8,0
2025-03-14T02:00:00,2,0,0,2997,17983.6,2,0
2025-03-14T03:00:00,2,5,6,2996,7189.8,5,0
2025-03-14T04:00:00,2,6,8,2994,8983.4,4,0
2025-03-14T05:00:00,2,5,3,2996,7191.2,5,0
2025-03-14T06:00:00,2,6,3,2999,11994.3,3,0
2025-03-14T07:00:00,2,3,0,3002,12008.9,3,0
2025-03-14T08:00:00,2,3,0,3005,6009.5,6,0
2025-03-14T09:00:00,2,15,13,3007,12028.1,3,0
2025-03-14T10:00:00,2,16,13,3010,12040.7,3,0
2025-03-14T11:00:00,2,22,15,3017,4525.6,8,0
2025-03-14T12:00:00,2,14,10,3021,12084.8,3,0
2025-03-14T13:00:00,2,15,13,3023,6044.9,6,0
2025-03-14T14:00:00,2,13,13,3023,7257.0,5,0
2025-03-14T15:00:00,2,15,10,3028,5192.8,7,0
2025-03-14T16:00:00,2,15,13,3030,9089.3,4,0
2025-03-14T17:00:00,2,4,5,3029,18173.2,2,0
2025-03-14T18:00:00,2,4,2,3031,18186.2,2,0
2025-03-14T19:00:00,2,5,2,3034,6067.9,6,0
2025-03-14T20:00:00,2,0,0,3034,18202.8,2,0
2025-03-14T21:00:00,2,0,0,3034,4549.7,8,0
2025-03-14T22:00:00,2,2,3,3033,18197.8,2,0
2025-03-14T23:00:00,2,0,0,3033,9099.7,4,0
2025-03-15T00:00:00,2,5,5,3033,12131.4,3,0
2025-03-15T01:00:00,2,5,7,3031,5194.3,7,0
2025-03-15T02:00:00,2,2,1,3032,5197.2,7,0
2025-03-15T03:00:00,2,3,2,3033,5199.3,7,0
2025-03-15T04:00:00,2,7,6,3034,18203.5,2,0
2025-03-15T05:00:00,2,0,0,3034,9103.4,4,0
2025-03-15T06:00:00,2,9,6,3037,4555.2,8,0
2025-03-15T07:00:00,2,5,2,3040,18239.5,2,0
2025-03-15T08:00:00,2,3,2,3041,18247.0,2,0
2025-03-15T09:00:00,2,11,10,3042,6084.6,6,0
2025-03-15T10:00:00,2,13,10,3045,6089.1,6,0
2025-03-15T11:00:00,2,10,6,3049,18294.9,2,0
2025-03-15T12:00:00,2,14,8,3055,18329.5,2,0
2025-03-15T13:00:00,2,15,10,3060,12241.3,3,0
2025-03-15T14:00:00,2,15,12,3063,5251.8,7,0
2025-03-15T15:00:00,2,16,12,3067,12266.2,3,0
2025-03-15T16:00:00,2,20,17,3070,7368.9,5,0
2025-03-15T17:00:00,2,2,4,3068,4600.7,8,0
2025-03-15T18:00:00,2,6,5,3069,12276.7,3,0
2025-03-15T19:00:00,2,3,4,3068,6137.1,6,0
2025-03-15T20:00:00,2,3,3,3068,12272.1,3,0
2025-03-15T21:00:00,2,5,4,3069,9206.8,4,0
2025-03-15T22:00:00,2,6,4,3071,12284.3,3,0
2025-03-15T23:00:00,2,4,3,3072,9216.3,4,0
2025-03-16T00:00:00,2,2,1,3073,12291.8,3,0
2025-03-16T01:00:00,2,0,2,3071,7368.9,5,0
2025-03-16T02:00:00,2,2,2,3071,6141.7,6,0
2025-03-16T03:00:00,2,2,0,3073,12292.4,3,0
2025-03-16T04:00:00,2,8,4,3077,18462.8,2,0
2025-03-16T05:00:00,2,4,6,3075,7379.3,5,0
2025-03-16T06:00:00,2,9,8,3076,7380.9,5,0
2025-03-16T07:00:00,2,0,0,3076,4615.0,8,0
2025-03-16T08:00:00,2,9,8,3077,5275.6,7,0
2025-03-16T09:00:00,2,22,18,3081,4621.4,8,0
2025-03-16T10:00:00,2,13,13,3081,4623.1,8,0
2025-03-16T11:00:00,2,8,6,3083,9249.2,4,0
2025-03-16T12:00:00,2,14,11,3086,12343.2,3,0
2025-03-16T13:00:00,2,18,15,3089,5297.1,7,0
2025-03-16T14:00:00,2,12,11,3090,5296.9,7,0
2025-03-16T15:00:00,2,11,7,3094,5305.4,7,0
2025-03-16T16:00:00,2,13,12,3095,6190.5,6,0
2025-03-16T17:00:00,2,5,4,3096,4645.4,8,0
2025-03-16T18:00:00,2,7,7,3096,4642.4,8,0
2025-03-16T19:00:00,2,0,0,3096,5305.9,7,0
2025-03-16T20:00:00,2,7,5,3098,5312.3,7,0
2025-03-16T21:00:00,2,5,4,3099,4648.6,8,0
2025-03-16T22:00:00,2,4,1,3102,6202.5,6,0
2025-03-16T23:00:00,2,5,4,3103,5320.9,7,0
2025-03-17T00:00:00,2,9,4,3108,12433.5,3,0
2025-03-17T01:00:00,2,6,3,3111,5334.5,7,0
2025-03-17T02:00:00,2,8,4,3115,18690.3,2,0
2025-03-17T03:00:00,2,0,1,3114,18684.9,2,0
2025-03-17T04:00:00,2,6,4,3116,4674.4,8,0
2025-03-17T05:00:00,2,2,0,3118,12473.7,3,0
2025-03-17T06:00:00,2,0,0,3118,7482.5,5,0
2025-03-17T07:00:00,2,5,3,3120,6240.7,6,0
2025-03-17T08:00:00,2,2,3,3119,7484.4,5,0
2025-03-17T09:00:00,2,12,9,3122,5351.6,7,0
2025-03-17T10:00:00,2,8,7,3123,12493.2,3,0
2025-03-17T11:00:00,2,14,11,3126,6252.0,6,0
2025-03-17T12:00:00,2,13,9,3130,5364.0,7,0
2025-03-17T13:00:00,2,13,7,3136,7526.9,5,0
2025-03-17T14:00:00,2,11,11,3136,4702.4,8,0
2025-03-17T15:00:00,2,13,12,3137,9412.4,4,0
2025-03-17T16:00:00,2,19,11,3145,4715.9,8,0
2025-03-17T17:00:00,2,2,2,3145,5389.7,7,0
2025-03-17T18:00:00,2,6,3,3148,7556.9,5,0
2025-03-17T19:00:00,2,2,3,3147,12589.9,3,0
2025-03-17T20:00:00,2,4,1,3150,5399.7,7,0
2025-03-17T21:00:00,2,2,3,3149,6296.7,6,0
2025-03-17T22:00:00,2,6,4,3151,4724.7,8,0
2025-03-17T23:00:00,2,4,4,3151,7562.3,5,0
2025-03-18T00:00:00,2,6,2,3155,9466.4,4,0
2025-03-18T01:00:00,2,7,2,3160,4740.2,8,0
2025-03-18T02:00:00,2,0,0,3160,9481.6,4,0
2025-03-18T03:00:00,2,4,1,3163,12651.1,3,0
2025-03-18T04:00:00,2,5,3,3165,6329.2,6,0
2025-03-18T05:00:00,2,0,0,3165,4747.1,8,0
2025-03-18T06:00:00,2,3,2,3166,9498.9,4,0
2025-03-18T07:00:00,2,8,7,3167,9501.2,4,0
2025-03-18T08:00:00,2,6,6,3167,6334.6,6,0
2025-03-18T09:00:00,2,13,12,3168,19009.8,2,0
2025-03-18T10:00:00,2,13,9,3172,7611.7,5,0
2025-03-18T11:00:00,2,16,12,3176,9526.6,4,0
2025-03-18T12:00:00,2,10,9,3177,7623.8,5,0
2025-03-18T13:00:00,2,17,13,3181,4771.6,8,0
2025-03-18T14:00:00,2,16,13,3184,12735.3,3,0
2025-03-18T15:00:00,2,14,10,3188,19129.7,2,0
2025-03-18T16:00:00,2,15,9,3194,19164.4,2,0
2025-03-18T17:00:00,2,1,0,3195,6391.2,6,0
2025-03-18T18:00:00,2,12,8,3199,19195.3,2,0
2025-03-18T19:00:00,2,6,3,3202,12806.3,3,0
2025-03-18T20:00:00,2,2,5,3199,4798.7,8,0
2025-03-18T21:00:00,2,4,3,3200,6400.3,6,0
2025-03-18T22:00:00,2,4,3,3201,6403.5,6,0
2025-03-18T23:00:00,2,6,3,3204,9610.5,4,0
2025-03-19T00:00:00,2,3,0,3207,12827.6,3,0
2025-03-19T01:00:00,2,1,2,3206,12825.7,3,0
2025-03-19T02:00:00,2,5,3,3208,7698.5,5,0
2025-03-19T03:00:00,2,3,3,3208,9625.6,4,0
2025-03-19T04:00:00,2,4,4,3208,9622.4,4,0
2025-03-19T05:00:00,2,3,7,3204,7689.1,5,0
2025-03-19T06:00:00,2,6,3,3207,19242.5,2,0
2025-03-19T07:00:00,2,4,1,3210,7704.7,5,0
2025-03-19T08:00:00,2,4,6,3208,6416.4,6,0
2025-03-19T09:00:00,2,14,14,3208,4810.9,8,0
2025-03-19T10:00:00,2,13,11,3210,6421.6,6,0
2025-03-19T11:00:00,2,14,11,3213,6425.2,6,0
2025-03-19T12:00:00,2,13,11,3215,12858.4,3,0
2025-03-19T13:00:00,2,16,14,3217,12867.2,3,0
2025-03-19T14:00:00,2,16,10,3223,12891.3,3,0
2025-03-19T15:00:00,2,15,13,3225,7739.7,5,0
2025-03-19T16:00:00,2,14,10,3229,6459.4,6,0
2025-03-19T17:00:00,2,3,4,3228,9684.2,4,0
2025-03-19T18:00:00,2,4,4,3228,5531.9,7,0
2025-03-19T19:00:00,2,0,2,3226,7744.0,5,0
2025-03-19T20:00:00,2,6,6,3226,12903.4,3,0
2025-03-19T21:00:00,2,3,0,3229,5536.6,7,0
2025-03-19T22:00:00,2,0,2,3227,9679.6,4,0
2025-03-19T23:00:00,2,1,1,3227,6452.3,6,0
2025-03-20T00:00:00,2,2,0,3229,5536.6,7,0
2025-03-20T01:00:00,2,3,5,3227,12906.2,3,0
2025-03-20T02:00:00,2,4,2,3229,7749.7,5,0
2025-03-20T03:00:00,2,3,5,3227,19363.0,2,0
2025-03-20T04:00:00,2,2,0,3229,6456.2,6,0
2025-03-20T05:00:00,2,4,0,3233,5542.6,7,0
2025-03-20T06:00:00,2,9,8,3234,5545.8,7,0
2025-03-20T07:00:00,2,6,5,3235,5546.6,7,0
2025-03-20T08:00:00,2,0,0,3235,4853.7,8,0
2025-03-20T09:00:00,2,17,14,3238,4856.7,8,0
2025-03-20T10:00:00,2,12,5,3245,9736.9,4,0
2025-03-20T11:00:00,2,18,17,3246,4868.7,8,0
2025-03-20T12:00:00,2,17,12,3251,9754.8,4,0
2025-03-20T13:00:00,2,15,11,3255,5578.4,7,0
2025-03-20T14:00:00,2,14,6,3263,9787.1,4,0
2025-03-20T15:00:00,2,19,11,3271,4905.3,8,0
2025-03-20T16:00:00,2,15,12,3274,5612.9,7,0
2025-03-20T17:00:00,2,1,0,3275,6548.6,6,0
2025-03-20T18:00:00,2,3,4,3274,6548.8,6,0
2025-03-20T19:00:00,2,1,1,3274,9821.3,4,0
2025-03-20T20:00:00,2,6,4,3276,5616.0,7,0
2025-03-20T21:00:00,2,4,1,3279,7870.8,5,0
2025-03-20T22:00:00,2,4,5,3278,6557.2,6,0
2025-03-20T23:00:00,2,3,3,3278,4916.6,8,0
2025-03-21T00:00:00,2,6,4,3280,6558.7,6,0
2025-03-21T01:00:00,2,5,5,3280,6558.6,6,0
2025-03-21T02:00:00,2,5,7,3278,6555.8,6,0
2025-03-21T03:00:00,2,4,3,3279,19672.1,2,0
2025-03-21T04:00:00,2,2,3,3278,6557.9,6,0
2025-03-21T05:00:00,2,0,0,3278,7867.7,5,0
2025-03-21T06:00:00,2,2,4,3276,5614.8,7,0
2025-03-21T07:00:00,2,5,6,3275,9826.5,4,0
2025-03-21T08:00:00,2,6,3,3278,7867.7,5,0
2025-03-21T09:00:00,2,18,12,3284,9853.3,4,0
2025-03-21T10:00:00,2,20,15,3289,4935.5,8,0
2025-03-21T11:00:00,2,17,11,3295,13179.5,3,0
2025-03-21T12:00:00,2,11,7,3299,6598.2,6,0
2025-03-21T13:00:00,2,10,8,3301,13203.0,3,0
2025-03-21T14:00:00,2,10,5,3306,4960.5,8,0
2025-03-21T15:00:00,2,11,9,3308,6615.1,6,0
2025-03-21T16:00:00,2,12,8,3312,6625.4,6,0
2025-03-21T17:00:00,2,3,6,3309,13237.4,3,0
2025-03-21T18:00:00,2,1,0,3310,6622.0,6,0
2025-03-21T19:00:00,2,8,5,3313,13252.4,3,0
2025-03-21T20:00:00,2,10,6,3317,13266.5,3,0
2025-03-21T21:00:00,2,2,1,3318,7964.6,5,0
2025-03-21T22:00:00,2,7,6,3319,4978.1,8,0
2025-03-21T23:00:00,2,0,3,3316,9948.5,4,0
2025-03-22T00:00:00,2,4,2,3318,13272.5,3,0
2025-03-22T01:00:00,2,7,7,3318,13271.9,3,0
2025-03-22T02:00:00,2,3,0,3321,13282.1,3,0
2025-03-22T03:00:00,2,3,7,3317,7962.0,5,0
2025-03-22T04:00:00,2,3,0,3320,6640.8,6,0
2025-03-22T05:00:00,2,8,8,3320,4979.5,8,0
2025-03-22T06:00:00,2,3,1,3322,4981.7,8,0
2025-03-22T07:00:00,2,0,0,3322,4981.7,8,0
2025-03-22T08:00:00,2,3,0,3325,7979.3,5,0
2025-03-22T09:00:00,2,14,11,3328,9985.0,4,0
2025-03-22T10:00:00,2,14,11,3331,5709.0,7,0
2025-03-22T11:00:00,2,19,11,3339,8015.5,5,0
2025-03-22T12:00:00,2,15,11,3343,8021.5,5,0
2025-03-22T13:00:00,2,16,14,3345,20068.7,2,0
2025-03-22T14:00:00,2,9,7,3347,20083.3,2,0
2025-03-22T15:00:00,2,10,6,3351,20105.9,2,0
2025-03-22T16:00:00,2,19,13,3357,8056.1,5,0
2025-03-22T17:00:00,2,4,4,3357,20142.7,2,0
2025-03-22T18:00:00,2,3,2,3358,5036.7,8,0
2025-03-22T19:00:00,2,4,7,3355,20128.5,2,0
2025-03-22T20:00:00,2,10,7,3358,20146.6,2,0
2025-03-22T21:00:00,2,4,2,3360,10078.3,4,0
2025-03-22T22:00:00,2,4,4,3360,8065.7,5,0
2025-03-22T23:00:00,2,3,6,3357,5036.7,8,0
2025-03-23T00:00:00,2,0,0,3357,5036.6,8,0
2025-03-23T01:00:00,2,4,4,3357,5753.3,7,0
2025-03-23T02:00:00,2,2,0,3359,5757.8,7,0
2025-03-23T03:00:00,2,11,10,3360,5759.9,7,0
2025-03-23T04:00:00,2,4,5,3359,5039.6,8,0
2025-03-23T05:00:00,2,4,4,3359,5036.9,8,0
2025-03-23T06:00:00,2,4,1,3362,20170.2,2,0
2025-03-23T07:00:00,2,5,2,3365,6731.7,6,0
2025-03-23T08:00:00,2,6,4,3367,20200.4,2,0
2025-03-23T09:00:00,2,14,11,3370,8088.6,5,0
2025-03-23T10:00:00,2,16,14,3372,20234.0,2,0
2025-03-23T11:00:00,2,16,10,3378,5791.7,7,0
2025-03-23T12:00:00,2,11,8,3381,5795.6,7,0
2025-03-23T13:00:00,2,14,12,3383,20296.7,2,0
2025-03-23T14:00:00,2,10,6,3387,10161.0,4,0
2025-03-23T15:00:00,2,15,7,3395,6789.9,6,0
2025-03-23T16:00:00,2,12,14,3393,13572.3,3,0
2025-03-23T17:00:00,2,2,1,3394,8144.1,5,0
2025-03-23T18:00:00,2,1,1,3394,5817.7,7,0
2025-03-23T19:00:00,2,7,4,3397,5095.3,8,0
2025-03-23T20:00:00,2,1,3,3395,20368.5,2,0
2025-03-23T21:00:00,2,7,6,3396,6792.7,6,0
2025-03-23T22:00:00,2,7,3,3400,10198.4,4,0
2025-03-23T23:00:00,2,3,5,3398,6794.7,6,0
2025-03-24T00:00:00,2,6,2,3402,5833.0,7,0
2025-03-24T01:00:00,2,6,2,3406,6813.6,6,0
2025-03-24T02:00:00,2,6,3,3409,13634.6,3,0
2025-03-24T03:00:00,2,1,2,3408,5110.1,8,0
2025-03-24T04:00:00,2,0,0,3408,5110.5,8,0
2025-03-24T05:00:00,2,9,6,3411,13643.4,3,0
2025-03-24T06:00:00,2,0,0,3411,10232.1,4,0
2025-03-24T07:00:00,2,4,2,3413,20479.1,2,0
2025-03-24T08:00:00,2,8,4,3417,20500.7,2,0
2025-03-24T09:00:00,2,8,2,3423,10270.4,4,0
2025-03-24T10:00:00,2,19,10,3432,10295.9,4,0
2025-03-24T11:00:00,2,16,17,3431,5145.4,8,0
2025-03-24T12:00:00,2,12,7,3436,10307.3,4,0
2025-03-24T13:00:00,2,13,15,3434,5887.4,7,0
2025-03-24T14:00:00,2,19,11,3442,5161.4,8,0
2025-03-24T15:00:00,2,14,9,3447,8271.6,5,0
2025-03-24T16:00:00,2,14,11,3450,10348.3,4,0
2025-03-24T17:00:00,2,1,2,3449,5171.8,8,0
2025-03-24T18:00:00,2,1,2,3448,13791.5,3,0
2025-03-24T19:00:00,2,6,5,3449,6898.9,6,0
2025-03-24T20:00:00,2,2,1,3450,6899.4,6,0
2025-03-24T21:00:00,2,0,1,3449,20694.6,2,0
2025-03-24T22:00:00,2,4,5,3448,5173.7,8,0
2025-03-24T23:00:00,2,7,7,3448,6897.7,6,0
2025-03-25T00:00:00,2,7,7,3448,5911.3,7,0
2025-03-25T01:00:00,2,2,0,3450,6900.6,6,0
2025-03-25T02:00:00,2,0,3,3447,6895.5,6,0
2025-03-25T03:00:00,2,5,10,3442,5161.1,8,0
2025-03-25T04:00:00,2,5,5,3442,20652.9,2,0
2025-03-25T05:00:00,2,4,0,3446,13785.8,3,0
2025-03-25T06:00:00,2,1,1,3446,8270.4,5,0
2025-03-25T07:00:00,2,5,6,3445,13781.6,3,0
2025-01-01T00:00:00,3,0,1,5,30.7,2,28
2025-01-01T01:00:00,3,0,0,5,14.9,4,28
2025-01-01T02:00:00,3,6,3,8,12.4,7,27
2025-01-01T03:00:00,3,6,8,6,10.1,6,28
2025-01-01T04:00:00,3,2,0,8,25.0,4,27
2025-01-01T05:00:00,3,0,0,8,15.2,7,27
2025-01-01T06:00:00,3,2,0,10,28.5,4,26
2025-01-01T07:00:00,3,2,0,12,21.8,7,26
2025-01-01T08:00:00,3,2,0,14,43.0,4,25
2025-01-01T09:00:00,3,17,13,18,30.2,7,23
2025-01-01T10:00:00,3,21,16,23,70.1,4,21
2025-01-01T11:00:00,3,14,11,26,44.6,7,20
2025-01-01T12:00:00,3,13,12,27,81.1,4,20
2025-01-01T13:00:00,3,18,15,30,60.5,6,18
2025-01-01T14:00:00,3,13,10,33,57.6,7,17
2025-01-01T15:00:00,3,12,10,35,54.2,8,16
2025-01-01T16:00:00,3,12,4,43,62.5,8,13
2025-01-01T17:00:00,3,0,0,43,256.7,2,13
2025-01-01T18:00:00,3,6,6,43,103.8,5,13
2025-01-01T19:00:00,3,4,2,45,76.5,7,12
2025-01-01T20:00:00,3,6,3,48,95.0,6,11
2025-01-01T21:00:00,3,2,1,49,117.6,5,11
2025-01-01T22:00:00,3,3,3,49,98.0,6,11
2025-01-01T23:00:00,3,9,7,51,204.7,3,10
2025-01-02T00:00:00,3,1,2,50,201.4,3,10
2025-01-02T01:00:00,3,2,0,52,77.2,8,10
2025-01-02T02:00:00,3,7,5,54,129.3,5,9
2025-01-02T03:00:00,3,2,0,56,96.0,7,8
2025-01-02T04:00:00,3,5,3,58,232.9,3,7
2025-01-02T05:00:00,3,5,2,61,103.6,7,6
2025-01-02T06:00:00,3,9,8,62,186.9,4,6
2025-01-02T07:00:00,3,6,3,65,389.6,2,4
2025-01-02T08:00:00,3,0,0,65,97.5,8,4
2025-01-02T09:00:00,3,15,14,66,130.2,6,4
2025-01-02T10:00:00,3,20,17,69,276.0,3,3
2025-01-02T11:00:00,3,15,14,70,209.5,4,2
2025-01-02T12:00:00,3,19,14,75,149.9,6,0
2025-01-02T13:00:00,3,17,11,81,161.6,6,0
2025-01-02T14:00:00,3,15,13,83,330.5,3,0
2025-01-02T15:00:00,3,14,9,88,130.0,8,0
2025-01-02T16:00:00,3,16,13,91,271.5,4,0
2025-01-02T17:00:00,3,9,5,95,228.9,5,0
2025-01-02T18:00:00,3,4,2,97,166.0,7,0
2025-01-02T19:00:00,3,1,2,96,384.5,3,0
2025-01-02T20:00:00,3,3,0,99,199.5,6,0
2025-01-02T21:00:00,3,4,1,102,305.4,4,0
2025-01-02T22:00:00,3,3,0,105,313.7,4,0
2025-01-02T23:00:00,3,4,2,107,322.3,4,0
2025-01-03T00:00:00,3,0,0,107,641.3,2,0
2025-01-03T01:00:00,3,3,2,108,162.0,8,0
2025-01-03T02:00:00,3,0,1,107,256.2,5,0
2025-01-03T03:00:00,3,9,9,107,643.2,2,0
2025-01-03T04:00:00,3,0,1,106,157.7,8,0
2025-01-03T05:00:00,3,2,1,107,254.8,5,0
2025-01-03T06:00:00,3,5,4,108,324.7,4,0
2025-01-03T07:00:00,3,2,0,110,331.3,4,0
2025-01-03T08:00:00,3,0,0,110,658.5,2,0
2025-01-03T09:00:00,3,10,8,112,336.2,4,0
2025-01-03T10:00:00,3,14,8,118,707.6,2,0
2025-01-03T11:00:00,3,15,12,121,482.5,3,0
2025-01-03T12:00:00,3,15,14,122,242.5,6,0
2025-01-03T13:00:00,3,23,15,130,222.9,7,0
2025-01-03T14:00:00,3,14,7,137,549.4,3,0
2025-01-03T15:00:00,3,12,9,140,282.0,6,0
2025-01-03T16:00:00,3,16,14,142,284.9,6,0
2025-01-03T17:00:00,3,4,4,142,567.6,3,0
2025-01-03T18:00:00,3,7,5,144,431.0,4,0
2025-01-03T19:00:00,3,8,3,149,296.6,6,0
2025-01-03T20:00:00,3,0,0,149,297.4,6,0
2025-01-03T21:00:00,3,3,1,151,907.5,2,0
2025-01-03T22:00:00,3,0,0,151,224.7,8,0
2025-01-03T23:00:00,3,3,0,154,463.7,4,0
2025-01-04T00:00:00,3,4,0,158,377.9,5,0
2025-01-04T01:00:00,3,5,1,162,649.1,3,0
2025-01-04T02:00:00,3,1,2,161,240.7,8,0
2025-01-04T03:00:00,3,3,2,162,277.0,7,0
2025-01-04T04:00:00,3,6,5,163,278.1,7,0
2025-01-04T05:00:00,3,3,2,164,657.9,3,0
2025-01-04T06:00:00,3,9,6,167,332.9,6,0
2025-01-04T07:00:00,3,3,2,168,251.2,8,0
2025-01-04T08:00:00,3,5,1,172,515.1,4,0
2025-01-04T09:00:00,3,11,10,173,296.6,7,0
2025-01-04T10:00:00,3,12,8,177,706.5,3,0
2025-01-04T11:00:00,3,10,11,176,351.6,6,0
2025-01-04T12:00:00,3,15,11,180,359.9,6,0
2025-01-04T13:00:00,3,14,10,184,277.2,8,0
2025-01-04T14:00:00,3,13,6,191,765.6,3,0
2025-01-04T15:00:00,3,16,12,195,294.1,8,0
2025-01-04T16:00:00,3,12,5,202,402.1,6,0
2025-01-04T17:00:00,3,2,2,202,808.9,3,0
2025-01-04T18:00:00,3,5,4,203,304.7,8,0
2025-01-04T19:00:00,3,3,4,202,807.8,3,0
2025-01-04T20:00:00,3,6,6,202,304.0,8,0
2025-01-04T21:00:00,3,1,0,203,1218.8,2,0
2025-01-04T22:00:00,3,10,4,209,416.5,6,0
2025-01-04T23:00:00,3,0,0,209,417.1,6,0
2025-01-05T00:00:00,3,2,1,210,315.8,8,0
2025-01-05T01:00:00,3,2,6,206,309.6,8,0
2025-01-05T02:00:00,3,5,5,206,310.9,8,0
2025-01-05T03:00:00,3,0,3,203,813.0,3,0
2025-01-05T04:00:00,3,2,0,205,615.8,4,0
2025-01-05T05:00:00,3,0,0,205,614.4,4,0
2025-01-05T06:00:00,3,7,5,207,495.4,5,0
2025-01-05T07:00:00,3,3,2,208,624.9,4,0
2025-01-05T08:00:00,3,4,2,210,631.2,4,0
2025-01-05T09:00:00,3,13,10,213,640.4,4,0
2025-01-05T10:00:00,3,15,11,217,650.3,4,0
2025-01-05T11:00:00,3,21,13,225,541.3,5,0
2025-01-05T12:00:00,3,15,9,231,694.2,4,0
2025-01-05T13:00:00,3,15,12,234,352.0,8,0
2025-01-05T14:00:00,3,19,16,237,473.7,6,0
2025-01-05T15:00:00,3,13,9,241,480.5,6,0
2025-01-05T16:00:00,3,10,6,245,586.6,5,0
2025-01-05T17:00:00,3,2,2,245,368.8,8,0
2025-01-05T18:00:00,3,0,0,245,366.3,8,0
2025-01-05T19:00:00,3,6,2,249,747.1,4,0
2025-01-05T20:00:00,3,5,3,251,375.5,8,0
2025-01-05T21:00:00,3,4,2,253,1519.3,2,0
2025-01-05T22:00:00,3,8,9,252,1513.8,2,0
2025-01-05T23:00:00,3,1,0,253,378.7,8,0
2025-01-06T00:00:00,3,1,0,254,1522.5,2,0
2025-01-06T01:00:00,3,0,0,254,1523.6,2,0
2025-01-06T02:00:00,3,3,0,257,1540.4,2,0
2025-01-06T03:00:00,3,4,1,260,1561.4,2,0
2025-01-06T04:00:00,3,1,0,261,520.0,6,0
2025-01-06T05:00:00,3,6,5,262,391.5,8,0
2025-01-06T06:00:00,3,4,3,263,1053.8,3,0
2025-01-06T07:00:00,3,1,0,264,451.5,7,0
2025-01-06T08:00:00,3,1,0,265,1591.5,2,0
2025-01-06T09:00:00,3,11,11,265,398.4,8,0
2025-01-06T10:00:00,3,16,13,268,537.3,6,0
2025-01-06T11:00:00,3,15,14,269,1614.5,2,0
2025-01-06T12:00:00,3,15,16,268,1609.7,2,0
2025-01-06T13:00:00,3,9,7,270,649.7,5,0
2025-01-06T14:00:00,3,13,9,274,547.7,6,0
2025-01-06T15:00:00,3,18,13,279,836.9,4,0
2025-01-06T16:00:00,3,19,16,282,422.2,8,0
2025-01-06T17:00:00,3,3,3,282,565.2,6,0
2025-01-06T18:00:00,3,0,0,282,481.7,7,0
2025-01-06T19:00:00,3,6,2,286,685.8,5,0
2025-01-06T20:00:00,3,2,4,284,1136.7,3,0
2025-01-06T21:00:00,3,6,7,283,1697.1,2,0
2025-01-06T22:00:00,3,2,2,283,565.9,6,0
2025-01-06T23:00:00,3,11,11,283,1696.1,2,0
2025-01-07T00:00:00,3,0,1,282,1129.1,3,0
2025-01-07T01:00:00,3,11,8,285,1138.9,3,0
2025-01-07T02:00:00,3,8,8,285,855.0,4,0
2025-01-07T03:00:00,3,3,2,286,428.6,8,0
2025-01-07T04:00:00,3,5,6,285,853.8,4,0
2025-01-07T05:00:00,3,3,1,287,575.9,6,0
2025-01-07T06:00:00,3,0,0,287,575.2,6,0
2025-01-07T07:00:00,3,2,4,285,488.9,7,0
2025-01-07T08:00:00,3,4,5,284,680.3,5,0
2025-01-07T09:00:00,3,16,13,287,859.6,4,0
2025-01-07T10:00:00,3,16,12,291,698.6,5,0
2025-01-07T11:00:00,3,13,8,296,442.4,8,0
2025-01-07T12:00:00,3,14,8,302,1209.6,3,0
2025-01-07T13:00:00,3,14,10,306,917.3,4,0
2025-01-07T14:00:00,3,11,9,308,529.6,7,0
2025-01-07T15:00:00,3,18,14,312,467.2,8,0
2025-01-07T16:00:00,3,16,14,314,1884.7,2,0
2025-01-07T17:00:00,3,0,0,314,941.1,4,0
2025-01-07T18:00:00,3,3,2,315,628.1,6,0
2025-01-07T19:00:00,3,5,2,318,543.7,7,0
2025-01-07T20:00:00,3,4,1,321,551.2,7,0
2025-01-07T21:00:00,3,1,2,320,478.7,8,0
2025-01-07T22:00:00,3,0,0,320,1920.8,2,0
2025-01-07T23:00:00,3,3,0,323,1291.0,3,0
2025-01-08T00:00:00,3,6,4,325,1949.1,2,0
2025-01-08T01:00:00,3,3,3,325,974.3,4,0
2025-01-08T02:00:00,3,5,7,323,967.0,4,0
2025-01-08T03:00:00,3,5,5,323,1938.3,2,0
2025-01-08T04:00:00,3,0,2,321,1283.5,3,0
2025-01-08T05:00:00,3,1,2,320,1918.6,2,0
2025-01-08T06:00:00,3,2,0,322,967.8,4,0
2025-01-08T07:00:00,3,5,7,320,1278.1,3,0
2025-01-08T08:00:00,3,6,5,321,480.8,8,0
2025-01-08T09:00:00,3,14,14,321,643.8,6,0
2025-01-08T10:00:00,3,14,10,325,649.5,6,0
2025-01-08T11:00:00,3,11,11,325,778.8,5,0
2025-01-08T12:00:00,3,14,14,325,648.5,6,0
2025-01-08T13:00:00,3,13,10,328,1313.7,3,0
2025-01-08T14:00:00,3,15,9,334,501.9,8,0
2025-01-08T15:00:00,3,18,12,340,681.7,6,0
2025-01-08T16:00:00,3,16,17,339,1017.2,4,0
2025-01-08T17:00:00,3,2,2,339,676.7,6,0
2025-01-08T18:00:00,3,8,6,341,1362.5,3,0
2025-01-08T19:00:00,3,5,5,341,1363.5,3,0
2025-01-08T20:00:00,3,0,0,341,1364.8,3,0
2025-01-08T21:00:00,3,1,3,339,509.8,8,0
2025-01-08T22:00:00,3,1,0,340,1021.5,4,0
2025-01-08T23:00:00,3,3,2,341,681.1,6,0
2025-01-09T00:00:00,3,5,5,341,583.0,7,0
2025-01-09T01:00:00,3,0,0,341,680.5,6,0
2025-01-09T02:00:00,3,3,3,341,585.4,7,0
2025-01-09T03:00:00,3,1,2,340,816.5,5,0
2025-01-09T04:00:00,3,2,0,342,684.9,6,0
2025-01-09T05:00:00,3,0,1,341,2046.5,2,0
2025-01-09T06:00:00,3,2,0,343,687.1,6,0
2025-01-09T07:00:00,3,3,4,342,683.1,6,0
2025-01-09T08:00:00,3,1,0,343,821.4,5,0
2025-01-09T09:00:00,3,13,15,341,585.2,7,0
2025-01-09T10:00:00,3,20,18,343,587.1,7,0
2025-01-09T11:00:00,3,14,14,343,2056.8,2,0
2025-01-09T12:00:00,3,19,16,346,829.5,5,0
2025-01-09T13:00:00,3,16,12,350,526.4,8,0
2025-01-09T14:00:00,3,11,11,350,2098.5,2,0
2025-01-09T15:00:00,3,11,8,353,1057.1,4,0
2025-01-09T16:00:00,3,17,12,358,1072.1,4,0
2025-01-09T17:00:00,3,0,0,358,535.4,8,0
2025-01-09T18:00:00,3,5,0,363,1452.3,3,0
2025-01-09T19:00:00,3,8,8,363,1088.0,4,0
2025-01-09T20:00:00,3,9,5,367,1099.2,4,0
2025-01-09T21:00:00,3,0,0,367,550.5,8,0
2025-01-09T22:00:00,3,7,9,365,1461.0,3,0
2025-01-09T23:00:00,3,8,5,368,1471.6,3,0
2025-01-10T00:00:00,3,5,4,369,554.9,8,0
2025-01-10T01:00:00,3,3,0,372,639.3,7,0
2025-01-10T02:00:00,3,0,1,371,2225.7,2,0
2025-01-10T03:00:00,3,5,1,375,901.9,5,0
2025-01-10T04:00:00,3,7,5,377,1132.7,4,0
2025-01-10T05:00:00,3,6,2,381,652.0,7,0
2025-01-10T06:00:00,3,7,3,385,924.9,5,0
2025-01-10T07:00:00,3,0,0,385,1153.5,4,0
2025-01-10T08:00:00,3,4,0,389,2335.3,2,0
2025-01-10T09:00:00,3,17,15,391,586.5,8,0
2025-01-10T10:00:00,3,12,13,390,2339.8,2,0
2025-01-10T11:00:00,3,14,10,394,946.9,5,0
2025-01-10T12:00:00,3,13,11,396,1582.0,3,0
2025-01-10T13:00:00,3,14,13,397,596.9,8,0
2025-01-10T14:00:00,3,14,12,399,1595.4,3,0
2025-01-10T15:00:00,3,13,10,402,690.9,7,0
2025-01-10T16:00:00,3,16,12,406,810.9,6,0
2025-01-10T17:00:00,3,2,0,408,981.0,5,0
2025-01-10T18:00:00,3,2,0,410,820.2,6,0
2025-01-10T19:00:00,3,10,7,413,1653.4,3,0
2025-01-10T20:00:00,3,10,8,415,1245.5,4,0
2025-01-10T21:00:00,3,4,5,414,1240.8,4,0
2025-01-10T22:00:00,3,0,0,414,708.7,7,0
2025-01-10T23:00:00,3,6,2,418,1004.8,5,0
2025-01-11T00:00:00,3,1,0,419,1258.6,4,0
2025-01-11T01:00:00,3,4,5,418,1002.5,5,0
2025-01-11T02:00:00,3,2,0,420,628.2,8,0
2025-01-11T03:00:00,3,6,7,419,1256.1,4,0
2025-01-11T04:00:00,3,8,7,420,2518.8,2,0
2025-01-11T05:00:00,3,1,0,421,1684.4,3,0
2025-01-11T06:00:00,3,5,5,421,1263.7,4,0
2025-01-11T07:00:00,3,4,0,425,2548.8,2,0
2025-01-11T08:00:00,3,2,4,423,1690.7,3,0
2025-01-11T09:00:00,3,17,13,427,852.3,6,0
2025-01-11T10:00:00,3,13,12,428,1282.2,4,0
2025-01-11T11:00:00,3,10,6,432,2593.9,2,0
2025-01-11T12:00:00,3,12,10,434,2602.9,2,0
2025-01-11T13:00:00,3,9,8,435,2610.2,2,0
2025-01-11T14:00:00,3,12,10,437,747.6,7,0
2025-01-11T15:00:00,3,16,9,444,1330.3,4,0
2025-01-11T16:00:00,3,14,10,448,896.1,6,0
2025-01-11T17:00:00,3,0,0,448,1791.7,3,0
2025-01-11T18:00:00,3,2,2,448,896.5,6,0
2025-01-11T19:00:00,3,4,3,449,672.2,8,0
2025-01-11T20:00:00,3,6,8,447,1787.4,3,0
2025-01-11T21:00:00,3,8,5,450,2700.9,2,0
2025-01-11T22:00:00,3,3,3,450,1080.5,5,0
2025-01-11T23:00:00,3,0,1,449,1795.3,3,0
2025-01-12T00:00:00,3,5,3,451,772.7,7,0
2025-01-12T01:00:00,3,7,7,451,2706.0,2,0
2025-01-12T02:00:00,3,4,4,451,1082.4,5,0
2025-01-12T03:00:00,3,0,0,451,771.2,7,0
2025-01-12T04:00:00,3,0,0,451,1804.3,3,0
2025-01-12T05:00:00,3,5,1,455,781.0,7,0
2025-01-12T06:00:00,3,5,5,455,1365.6,4,0
2025-01-12T07:00:00,3,7,4,458,2749.4,2,0
2025-01-12T08:00:00,3,9,11,456,910.5,6,0
2025-01-12T09:00:00,3,19,17,458,914.8,6,0
2025-01-12T10:00:00,3,18,14,462,1387.1,4,0
2025-01-12T11:00:00,3,16,16,462,691.0,8,0
2025-01-12T12:00:00,3,13,11,464,926.6,6,0
2025-01-12T13:00:00,3,15,9,470,2820.4,2,0
2025-01-12T14:00:00,3,16,14,472,1417.7,4,0
2025-01-12T15:00:00,3,19,17,474,947.9,6,0
2025-01-12T16:00:00,3,12,9,477,1146.1,5,0
2025-01-12T17:00:00,3,0,0,477,1430.8,4,0
2025-01-12T18:00:00,3,7,5,479,1148.8,5,0
2025-01-12T19:00:00,3,2,1,480,721.0,8,0
2025-01-12T20:00:00,3,2,6,476,1904.1,3,0
2025-01-12T21:00:00,3,3,4,475,948.2,6,0
2025-01-12T22:00:00,3,0,0,475,2851.1,2,0
2025-01-12T23:00:00,3,4,5,474,2845.4,2,0
2025-01-13T00:00:00,3,8,5,477,1906.3,3,0
2025-01-13T01:00:00,3,4,0,481,963.3,6,0
2025-01-13T02:00:00,3,4,0,485,833.3,7,0
2025-01-13T03:00:00,3,0,0,485,830.0,7,0
2025-01-13T04:00:00,3,1,3,483,1159.4,5,0
2025-01-13T05:00:00,3,5,3,485,2911.2,2,0
2025-01-13T06:00:00,3,8,6,487,1948.7,3,0
2025-01-13T07:00:00,3,5,2,490,1471.7,4,0
2025-01-13T08:00:00,3,2,3,489,2935.3,2,0
2025-01-13T09:00:00,3,15,12,492,1968.1,3,0
2025-01-13T10:00:00,3,17,14,495,743.3,8,0
2025-01-13T11:00:00,3,14,12,497,850.2,7,0
2025-01-13T12:00:00,3,10,4,503,1509.4,4,0
2025-01-13T13:00:00,3,11,8,506,760.4,8,0
2025-01-13T14:00:00,3,15,8,513,1229.4,5,0
2025-01-13T15:00:00,3,13,11,515,884.1,7,0
2025-01-13T16:00:00,3,25,20,520,1041.7,6,0
2025-01-13T17:00:00,3,7,1,526,1261.4,5,0
2025-01-13T18:00:00,3,10,8,528,3167.8,2,0
2025-01-13T19:00:00,3,3,6,525,899.9,7,0
2025-01-13T20:00:00,3,1,1,525,899.7,7,0
2025-01-13T21:00:00,3,0,0,525,786.4,8,0
2025-01-13T22:00:00,3,3,7,521,892.0,7,0
2025-01-13T23:00:00,3,12,6,527,2106.2,3,0
2025-01-14T00:00:00,3,0,0,527,1054.0,6,0
2025-01-14T01:00:00,3,10,7,530,1059.5,6,0
2025-01-14T02:00:00,3,0,0,530,1061.5,6,0
2025-01-14T03:00:00,3,1,3,528,791.6,8,0
2025-01-14T04:00:00,3,5,2,531,796.6,8,0
2025-01-14T05:00:00,3,7,9,529,907.6,7,0
2025-01-14T06:00:00,3,3,3,529,1585.1,4,0
2025-01-14T07:00:00,3,4,3,530,3178.0,2,0
2025-01-14T08:00:00,3,3,2,531,795.9,8,0
2025-01-14T09:00:00,3,14,10,535,2141.6,3,0
2025-01-14T10:00:00,3,18,15,538,2153.5,3,0
2025-01-14T11:00:00,3,20,17,541,1622.0,4,0
2025-01-14T12:00:00,3,17,12,546,934.1,7,0
2025-01-14T13:00:00,3,12,11,547,1094.9,6,0
2025-01-14T14:00:00,3,18,15,550,826.8,8,0
2025-01-14T15:00:00,3,18,14,554,2215.4,3,0
2025-01-14T16:00:00,3,8,8,554,1107.5,6,0
2025-01-14T17:00:00,3,4,5,553,1105.7,6,0
2025-01-14T18:00:00,3,3,4,552,1323.1,5,0
2025-01-14T19:00:00,3,2,0,554,948.6,7,0
2025-01-14T20:00:00,3,4,3,555,3329.5,2,0
2025-01-14T21:00:00,3,0,0,555,833.3,8,0
2025-01-14T22:00:00,3,2,0,557,954.3,7,0
2025-01-14T23:00:00,3,4,6,555,1111.3,6,0
2025-01-15T00:00:00,3,3,3,555,1666.0,4,0
2025-01-15T01:00:00,3,7,4,558,3346.2,2,0
2025-01-15T02:00:00,3,5,4,559,839.6,8,0
2025-01-15T03:00:00,3,7,5,561,1682.2,4,0
2025-01-15T04:00:00,3,3,0,564,1353.7,5,0
2025-01-15T05:00:00,3,0,0,564,1691.9,4,0
2025-01-15T06:00:00,3,4,3,565,3391.7,2,0
2025-01-15T07:00:00,3,0,0,565,2260.1,3,0
2025-01-15T08:00:00,3,4,4,565,2260.7,3,0
2025-01-15T09:00:00,3,18,14,569,3414.6,2,0
2025-01-15T10:00:00,3,11,5,575,3450.1,2,0
2025-01-15T11:00:00,3,8,9,574,1376.9,5,0
2025-01-15T12:00:00,3,11,7,578,992.1,7,0
2025-01-15T13:00:00,3,20,18,580,1160.0,6,0
2025-01-15T14:00:00,3,20,16,584,1166.9,6,0
2025-01-15T15:00:00,3,17,12,589,881.6,8,0
2025-01-15T16:00:00,3,13,7,595,893.2,8,0
2025-01-15T17:00:00,3,6,6,595,3570.2,2,0
2025-01-15T18:00:00,3,4,2,597,895.6,8,0
2025-01-15T19:00:00,3,4,3,598,2392.8,3,0
2025-01-15T20:00:00,3,0,0,598,1433.4,5,0
2025-01-15T21:00:00,3,3,7,594,1188.2,6,0
2025-01-15T22:00:00,3,6,6,594,1783.9,4,0
2025-01-15T23:00:00,3,1,0,595,2380.9,3,0
2025-01-16T00:00:00,3,8,5,598,1435.1,5,0
2025-01-16T01:00:00,3,4,2,600,1027.0,7,0
2025-01-16T02:00:00,3,1,2,599,1199.1,6,0
2025-01-16T03:00:00,3,5,5,599,2394.7,3,0
2025-01-16T04:00:00,3,6,1,604,905.9,8,0
2025-01-16T05:00:00,3,6,3,607,911.3,8,0
2025-01-16T06:00:00,3,5,2,610,1220.1,6,0
2025-01-16T07:00:00,3,3,0,613,920.2,8,0
2025-01-16T08:00:00,3,5,1,617,2469.0,3,0
2025-01-16T09:00:00,3,13,11,619,3714.0,2,0
2025-01-16T10:00:00,3,14,11,622,3731.4,2,0
2025-01-16T11:00:00,3,14,10,626,1502.6,5,0
2025-01-16T12:00:00,3,16,9,633,1520.6,5,0
2025-01-16T13:00:00,3,13,14,632,2527.6,3,0
2025-01-16T14:00:00,3,7,9,630,1891.5,4,0
2025-01-16T15:00:00,3,13,10,633,2533.8,3,0
2025-01-16T16:00:00,3,12,9,636,1909.9,4,0
2025-01-16T17:00:00,3,1,0,637,1911.7,4,0
2025-01-16T18:00:00,3,3,0,640,1921.5,4,0
2025-01-16T19:00:00,3,3,2,641,1539.3,5,0
2025-01-16T20:00:00,3,2,1,642,1282.7,6,0
2025-01-16T21:00:00,3,7,5,644,2576.1,3,0
2025-01-16T22:00:00,3,5,3,646,1105.8,7,0
2025-01-16T23:00:00,3,8,6,648,1297.0,6,0
2025-01-17T00:00:00,3,0,2,646,3876.0,2,0
2025-01-17T01:00:00,3,5,2,649,1948.1,4,0
2025-01-17T02:00:00,3,0,0,649,973.3,8,0
2025-01-17T03:00:00,3,6,6,649,1948.4,4,0
2025-01-17T04:00:00,3,2,1,650,1950.5,4,0
2025-01-17T05:00:00,3,4,3,651,1954.9,4,0
2025-01-17T06:00:00,3,3,3,651,1951.7,4,0
2025-01-17T07:00:00,3,0,0,651,1117.8,7,0
2025-01-17T08:00:00,3,7,5,653,980.5,8,0
2025-01-17T09:00:00,3,16,14,655,2621.7,3,0
2025-01-17T10:00:00,3,15,15,655,981.2,8,0
2025-01-17T11:00:00,3,11,11,655,1573.9,5,0
2025-01-17T12:00:00,3,15,14,656,1124.9,7,0
2025-01-17T13:00:00,3,17,16,657,1312.0,6,0
2025-01-17T14:00:00,3,14,12,659,1581.4,5,0
2025-01-17T15:00:00,3,11,9,661,992.6,8,0
2025-01-17T16:00:00,3,13,11,663,1590.8,5,0
2025-01-17T17:00:00,3,7,6,664,1993.4,4,0
2025-01-17T18:00:00,3,0,0,664,1990.5,4,0
2025-01-17T19:00:00,3,0,1,663,1325.7,6,0
2025-01-17T20:00:00,3,6,7,662,1588.8,5,0
2025-01-17T21:00:00,3,5,1,666,1999.6,4,0
2025-01-17T22:00:00,3,2,1,667,2001.0,4,0
2025-01-17T23:00:00,3,6,4,669,2675.1,3,0
2025-01-18T00:00:00,3,3,2,670,1003.2,8,0
2025-01-18T01:00:00,3,0,0,670,2678.1,3,0
2025-01-18T02:00:00,3,3,0,673,1154.9,7,0
2025-01-18T03:00:00,3,6,0,679,1016.9,8,0
2025-01-18T04:00:00,3,0,0,679,2038.2,4,0
2025-01-18T05:00:00,3,8,2,685,1026.8,8,0
2025-01-18T06:00:00,3,1,0,686,1176.2,7,0
2025-01-18T07:00:00,3,5,6,685,1370.9,6,0
2025-01-18T08:00:00,3,5,0,690,1656.8,5,0
2025-01-18T09:00:00,3,12,11,691,2763.8,3,0
2025-01-18T10:00:00,3,15,10,696,1044.5,8,0
2025-01-18T11:00:00,3,16,11,701,2802.3,3,0
2025-01-18T12:00:00,3,7,3,705,1411.0,6,0
2025-01-18T13:00:00,3,18,15,708,1212.2,7,0
2025-01-18T14:00:00,3,11,8,711,1705.3,5,0
2025-01-18T15:00:00,3,16,12,715,1074.5,8,0
2025-01-18T16:00:00,3,18,15,718,1077.9,8,0
2025-01-18T17:00:00,3,2,1,719,1077.4,8,0
2025-01-18T18:00:00,3,0,1,718,4308.5,2,0
2025-01-18T19:00:00,3,2,0,720,1440.4,6,0
2025-01-18T20:00:00,3,4,2,722,2887.2,3,0
2025-01-18T21:00:00,3,1,0,723,2167.4,4,0
2025-01-18T22:00:00,3,5,5,723,1237.9,7,0
2025-01-18T23:00:00,3,0,1,722,2889.3,3,0
2025-01-19T00:00:00,3,3,3,722,1732.2,5,0
2025-01-19T01:00:00,3,2,0,724,2173.0,4,0
2025-01-19T02:00:00,3,5,5,724,1447.6,6,0
2025-01-19T03:00:00,3,11,8,727,2906.4,3,0
2025-01-19T04:00:00,3,7,3,731,1254.9,7,0
2025-01-19T05:00:00,3,5,7,729,1751.3,5,0
2025-01-19T06:00:00,3,6,3,732,1255.5,7,0
2025-01-19T07:00:00,3,2,0,734,1259.1,7,0
2025-01-19T08:00:00,3,5,0,739,4432.3,2,0
2025-01-19T09:00:00,3,16,15,740,4441.6,2,0
2025-01-19T10:00:00,3,13,10,743,1781.8,5,0
2025-01-19T11:00:00,3,22,17,748,2245.9,4,0
2025-01-19T12:00:00,3,18,13,753,1131.0,8,0
2025-01-19T13:00:00,3,11,8,756,1134.4,8,0
2025-01-19T14:00:00,3,14,12,758,2274.3,4,0
2025-01-19T15:00:00,3,7,3,762,3049.0,3,0
2025-01-19T16:00:00,3,11,9,764,3055.0,3,0
2025-01-19T17:00:00,3,5,3,766,2299.3,4,0
2025-01-19T18:00:00,3,8,6,768,1535.0,6,0
2025-01-19T19:00:00,3,5,3,770,2310.1,4,0
2025-01-19T20:00:00,3,2,4,768,3072.2,3,0
2025-01-19T21:00:00,3,0,0,768,3071.6,3,0
2025-01-19T22:00:00,3,1,1,768,4607.1,2,0
2025-01-19T23:00:00,3,9,4,773,1545.0,6,0
2025-01-20T00:00:00,3,2,3,772,4633.8,2,0
2025-01-20T01:00:00,3,7,5,774,1162.5,8,0
2025-01-20T02:00:00,3,3,1,776,3104.3,3,0
2025-01-20T03:00:00,3,0,0,776,2328.1,4,0
2025-01-20T04:00:00,3,6,5,777,1166.2,8,0
2025-01-20T05:00:00,3,4,6,775,1551.1,6,0
2025-01-20T06:00:00,3,5,2,778,1165.8,8,0
2025-01-20T07:00:00,3,3,2,779,1169.2,8,0
2025-01-20T08:00:00,3,3,3,779,1558.0,6,0
2025-01-20T09:00:00,3,11,9,781,1170.9,8,0
2025-01-20T10:00:00,3,18,15,784,1345.5,7,0
2025-01-20T11:00:00,3,14,11,787,2362.0,4,0
2025-01-20T12:00:00,3,11,10,788,2365.7,4,0
2025-01-20T13:00:00,3,10,6,792,1583.5,6,0
2025-01-20T14:00:00,3,8,6,794,3177.5,3,0
2025-01-20T15:00:00,3,15,7,802,2404.4,4,0
2025-01-20T16:00:00,3,12,9,805,4829.5,2,0
2025-01-20T17:00:00,3,5,1,809,2428.5,4,0
2025-01-20T18:00:00,3,0,0,809,4855.7,2,0
2025-01-20T19:00:00,3,6,3,812,1950.6,5,0
2025-01-20T20:00:00,3,2,1,813,1951.2,5,0
2025-01-20T21:00:00,3,5,2,816,1222.1,8,0
2025-01-20T22:00:00,3,8,8,816,1957.2,5,0
2025-01-20T23:00:00,3,2,1,817,1960.1,5,0
2025-01-21T00:00:00,3,5,6,816,1631.9,6,0
2025-01-21T01:00:00,3,6,5,817,1400.5,7,0
2025-01-21T02:00:00,3,7,7,817,1401.9,7,0
2025-01-21T03:00:00,3,4,3,818,3273.0,3,0
2025-01-21T04:00:00,3,5,6,817,1399.7,7,0
2025-01-21T05:00:00,3,0,0,817,3267.1,3,0
2025-01-21T06:00:00,3,2,4,815,4888.7,2,0
2025-01-21T07:00:00,3,3,0,818,1402.7,7,0
2025-01-21T08:00:00,3,5,4,819,1227.3,8,0
2025-01-21T09:00:00,3,17,16,820,2459.1,4,0
2025-01-21T10:00:00,3,12,5,827,1242.2,8,0
2025-01-21T11:00:00,3,21,19,829,1659.0,6,0
2025-01-21T12:00:00,3,14,9,834,1669.9,6,0
2025-01-21T13:00:00,3,9,6,837,1672.2,6,0
2025-01-21T14:00:00,3,21,16,842,1684.1,6,0
2025-01-21T15:00:00,3,14,12,844,1265.0,8,0
2025-01-21T16:00:00,3,17,14,847,1269.6,8,0
2025-01-21T17:00:00,3,9,5,851,1701.3,6,0
2025-01-21T18:00:00,3,0,3,848,2543.7,4,0
2025-01-21T19:00:00,3,6,4,850,5101.2,2,0
2025-01-21T20:00:00,3,0,0,850,2041.9,5,0
2025-01-21T21:00:00,3,1,1,850,1458.4,7,0
2025-01-21T22:00:00,3,0,0,850,2551.5,4,0
2025-01-21T23:00:00,3,3,4,849,1275.0,8,0
2025-01-22T00:00:00,3,4,7,846,5074.0,2,0
2025-01-22T01:00:00,3,5,0,851,2042.8,5,0
2025-01-22T02:00:00,3,2,3,850,5101.0,2,0
2025-01-22T03:00:00,3,4,2,852,3409.8,3,0
2025-01-22T04:00:00,3,6,5,853,1278.4,8,0
2025-01-22T05:00:00,3,5,3,855,1467.0,7,0
2025-01-22T06:00:00,3,8,6,857,1715.5,6,0
2025-01-22T07:00:00,3,3,0,860,5160.5,2,0
2025-01-22T08:00:00,3,0,0,860,5158.8,2,0
2025-01-22T09:00:00,3,15,11,864,3455.5,3,0
2025-01-22T10:00:00,3,12,11,865,2075.3,5,0
2025-01-22T11:00:00,3,14,10,869,1737.9,6,0
2025-01-22T12:00:00,3,16,10,875,5251.5,2,0
2025-01-22T13:00:00,3,15,9,881,1508.8,7,0
2025-01-22T14:00:00,3,12,6,887,3548.0,3,0
2025-01-22T15:00:00,3,11,7,891,1335.8,8,0
2025-01-22T16:00:00,3,8,7,892,1339.9,8,0
2025-01-22T17:00:00,3,2,0,894,1532.6,7,0
2025-01-22T18:00:00,3,4,2,896,1344.1,8,0
2025-01-22T19:00:00,3,3,2,897,2154.6,5,0
2025-01-22T20:00:00,3,1,0,898,2692.3,4,0
2025-01-22T21:00:00,3,4,0,902,2163.5,5,0
2025-01-22T22:00:00,3,0,0,902,2163.9,5,0
2025-01-22T23:00:00,3,5,0,907,2175.6,5,0
2025-01-23T00:00:00,3,1,2,906,2716.4,4,0
2025-01-23T01:00:00,3,2,1,907,1553.8,7,0
2025-01-23T02:00:00,3,0,0,907,5443.8,2,0
2025-01-23T03:00:00,3,3,3,907,1814.9,6,0
2025-01-23T04:00:00,3,6,3,910,1560.6,7,0
2025-01-23T05:00:00,3,6,6,910,1559.4,7,0
2025-01-23T06:00:00,3,6,2,914,1567.1,7,0
2025-01-23T07:00:00,3,3,3,914,2191.9,5,0
2025-01-23T08:00:00,3,0,0,914,5482.2,2,0
2025-01-23T09:00:00,3,11,10,915,3659.7,3,0
2025-01-23T10:00:00,3,14,8,921,2763.2,4,0
2025-01-23T11:00:00,3,14,13,922,2212.4,5,0
2025-01-23T12:00:00,3,14,7,929,5574.5,2,0
2025-01-23T13:00:00,3,18,16,931,1595.9,7,0
2025-01-23T14:00:00,3,15,10,936,2809.5,4,0
2025-01-23T15:00:00,3,16,15,937,2247.1,5,0
2025-01-23T16:00:00,3,16,10,943,1416.5,8,0
2025-01-23T17:00:00,3,4,2,945,1416.7,8,0
2025-01-23T18:00:00,3,0,0,945,2269.9,5,0
2025-01-23T19:00:00,3,3,2,946,3782.0,3,0
2025-01-23T20:00:00,3,4,1,949,2847.0,4,0
2025-01-23T21:00:00,3,6,3,952,3807.1,3,0
2025-01-23T22:00:00,3,7,9,950,2851.6,4,0
2025-01-23T23:00:00,3,5,4,951,1632.2,7,0
2025-01-24T00:00:00,3,9,10,950,2850.0,4,0
2025-01-24T01:00:00,3,4,3,951,1629.4,7,0
2025-01-24T02:00:00,3,3,2,952,1427.5,8,0
2025-01-24T03:00:00,3,6,3,955,2293.2,5,0
2025-01-24T04:00:00,3,10,7,958,2300.9,5,0
2025-01-24T05:00:00,3,3,2,959,2878.9,4,0
2025-01-24T06:00:00,3,1,2,958,2875.4,4,0
2025-01-24T07:00:00,3,1,1,958,2297.8,5,0
2025-01-24T08:00:00,3,2,5,955,2863.9,4,0
2025-01-24T09:00:00,3,13,9,959,5752.1,2,0
2025-01-24T10:00:00,3,16,14,961,3845.2,3,0
2025-01-24T11:00:00,3,10,8,963,1445.0,8,0
2025-01-24T12:00:00,3,11,9,965,3858.5,3,0
2025-01-24T13:00:00,3,12,9,968,1660.9,7,0
2025-01-24T14:00:00,3,13,9,972,1459.0,8,0
2025-01-24T15:00:00,3,13,11,974,3896.1,3,0
2025-01-24T16:00:00,3,17,15,976,1465.6,8,0
2025-01-24T17:00:00,3,3,3,976,2341.2,5,0
2025-01-24T18:00:00,3,2,2,976,1462.8,8,0
2025-01-24T19:00:00,3,5,6,975,1672.4,7,0
2025-01-24T20:00:00,3,0,1,974,2922.3,4,0
2025-01-24T21:00:00,3,1,3,972,3889.4,3,0
2025-01-24T22:00:00,3,1,0,973,1461.5,8,0
2025-01-24T23:00:00,3,9,7,975,3901.8,3,0
2025-01-25T00:00:00,3,8,3,980,1681.2,7,0
2025-01-25T01:00:00,3,0,0,980,3919.3,3,0
2025-01-25T02:00:00,3,4,1,983,3933.8,3,0
2025-01-25T03:00:00,3,6,6,983,1965.3,6,0
2025-01-25T04:00:00,3,0,0,983,1964.9,6,0
2025-01-25T05:00:00,3,0,1,982,1681.6,7,0
2025-01-25T06:00:00,3,1,1,982,5893.6,2,0
2025-01-25T07:00:00,3,1,0,983,1686.5,7,0
2025-01-25T08:00:00,3,8,4,987,2960.9,4,0
2025-01-25T09:00:00,3,11,6,992,2975.5,4,0
2025-01-25T10:00:00,3,14,13,993,2382.6,5,0
2025-01-25T11:00:00,3,16,16,993,2384.6,5,0
2025-01-25T12:00:00,3,22,17,998,3991.3,3,0
2025-01-25T13:00:00,3,16,14,1000,1714.2,7,0
2025-01-25T14:00:00,3,13,9,1004,4016.2,3,0
2025-01-25T15:00:00,3,9,6,1007,6040.3,2,0
2025-01-25T16:00:00,3,14,8,1013,4050.1,3,0
2025-01-25T17:00:00,3,2,0,1015,1741.7,7,0
2025-01-25T18:00:00,3,0,0,1015,3045.4,4,0
2025-01-25T19:00:00,3,10,9,1016,3048.8,4,0
2025-01-25T20:00:00,3,5,1,1020,1529.4,8,0
2025-01-25T21:00:00,3,9,7,1022,4087.3,3,0
2025-01-25T22:00:00,3,4,4,1022,2044.2,6,0
2025-01-25T23:00:00,3,5,3,1024,2459.0,5,0
2025-01-26T00:00:00,3,6,4,1026,3076.7,4,0
2025-01-26T01:00:00,3,5,1,1030,3089.4,4,0
2025-01-26T02:00:00,3,1,1,1030,2473.3,5,0
2025-01-26T03:00:00,3,1,1,1030,6180.8,2,0
2025-01-26T04:00:00,3,5,6,1029,3088.5,4,0
2025-01-26T05:00:00,3,4,7,1026,1537.5,8,0
2025-01-26T06:00:00,3,6,7,1025,1755.7,7,0
2025-01-26T07:00:00,3,1,1,1025,1758.4,7,0
2025-01-26T08:00:00,3,0,0,1025,2460.1,5,0
2025-01-26T09:00:00,3,17,12,1030,6178.1,2,0
2025-01-26T10:00:00,3,14,13,1031,2062.2,6,0
2025-01-26T11:00:00,3,19,16,1034,2069.8,6,0
2025-01-26T12:00:00,3,15,14,1035,2070.7,6,0
2025-01-26T13:00:00,3,18,13,1040,1781.4,7,0
2025-01-26T14:00:00,3,12,4,1048,1797.6,7,0
2025-01-26T15:00:00,3,13,12,1049,1797.8,7,0
2025-01-26T16:00:00,3,14,15,1048,2513.3,5,0
2025-01-26T17:00:00,3,0,0,1048,2095.0,6,0
2025-01-26T18:00:00,3,7,8,1047,2513.4,5,0
2025-01-26T19:00:00,3,5,5,1047,1795.8,7,0
2025-01-26T20:00:00,3,4,0,1051,4204.4,3,0
2025-01-26T21:00:00,3,8,8,1051,6305.1,2,0
2025-01-26T22:00:00,3,7,7,1051,1577.5,8,0
2025-01-26T23:00:00,3,6,3,1054,1805.2,7,0
2025-01-27T00:00:00,3,6,0,1060,6358.2,2,0
2025-01-27T01:00:00,3,4,4,1060,1817.4,7,0
2025-01-27T02:00:00,3,4,3,1061,6367.6,2,0
2025-01-27T03:00:00,3,10,8,1063,6379.3,2,0
2025-01-27T04:00:00,3,6,5,1064,6382.4,2,0
2025-01-27T05:00:00,3,8,6,1066,1600.4,8,0
2025-01-27T06:00:00,3,4,1,1069,3208.7,4,0
2025-01-27T07:00:00,3,4,1,1072,1839.1,7,0
2025-01-27T08:00:00,3,4,2,1074,3223.1,4,0
2025-01-27T09:00:00,3,21,17,1078,1848.7,7,0
2025-01-27T10:00:00,3,15,15,1078,1619.0,8,0
2025-01-27T11:00:00,3,17,18,1077,3230.5,4,0
2025-01-27T12:00:00,3,14,11,1080,3240.3,4,0
2025-01-27T13:00:00,3,16,16,1080,4320.8,3,0
2025-01-27T14:00:00,3,14,12,1082,1623.4,8,0
2025-01-27T15:00:00,3,12,10,1084,1856.4,7,0
2025-01-27T16:00:00,3,11,10,1085,2171.2,6,0
2025-01-27T17:00:00,3,4,3,1086,4343.5,3,0
2025-01-27T18:00:00,3,3,0,1089,4356.0,3,0
2025-01-27T19:00:00,3,4,1,1092,1639.0,8,0
2025-01-27T20:00:00,3,5,4,1093,3279.2,4,0
2025-01-27T21:00:00,3,2,1,1094,1874.9,7,0
2025-01-27T22:00:00,3,9,8,1095,2629.7,5,0
2025-01-27T23:00:00,3,1,0,1096,4386.0,3,0
2025-01-28T00:00:00,3,3,2,1097,4386.4,3,0
2025-01-28T01:00:00,3,5,6,1096,2629.1,5,0
2025-01-28T02:00:00,3,0,0,1096,1880.5,7,0
2025-01-28T03:00:00,3,4,2,1098,6588.7,2,0
2025-01-28T04:00:00,3,4,5,1097,2631.4,5,0
2025-01-28T05:00:00,3,2,0,1099,2198.7,6,0
2025-01-28T06:00:00,3,3,1,1101,1651.2,8,0
2025-01-28T07:00:00,3,4,2,1103,4410.8,3,0
2025-01-28T08:00:00,3,3,2,1104,3313.8,4,0
2025-01-28T09:00:00,3,14,11,1107,1662.3,8,0
2025-01-28T10:00:00,3,8,5,1110,2665.9,5,0
2025-01-28T11:00:00,3,17,10,1117,6700.1,2,0
2025-01-28T12:00:00,3,19,14,1122,2243.8,6,0
2025-01-28T13:00:00,3,17,9,1130,4520.8,3,0
2025-01-28T14:00:00,3,16,13,1133,1944.0,7,0
2025-01-28T15:00:00,3,16,10,1139,2279.5,6,0
2025-01-28T16:00:00,3,12,10,1141,1710.7,8,0
2025-01-28T17:00:00,3,2,0,1143,2286.0,6,0
2025-01-28T18:00:00,3,6,3,1146,1963.8,7,0
2025-01-28T19:00:00,3,1,0,1147,3442.7,4,0
2025-01-28T20:00:00,3,6,5,1148,1720.3,8,0
2025-01-28T21:00:00,3,2,1,1149,6892.2,2,0
2025-01-28T22:00:00,3,0,0,1149,1971.2,7,0
2025-01-28T23:00:00,3,1,0,1150,1973.3,7,0
2025-01-29T00:00:00,3,3,0,1153,2306.2,6,0
2025-01-29T01:00:00,3,1,1,1153,4612.2,3,0
2025-01-29T02:00:00,3,0,0,1153,6918.9,2,0
2025-01-29T03:00:00,3,2,1,1154,6925.6,2,0
2025-01-29T04:00:00,3,6,7,1153,2765.2,5,0
2025-01-29T05:00:00,3,6,6,1153,6918.4,2,0
2025-01-29T06:00:00,3,0,1,1152,2764.5,5,0
2025-01-29T07:00:00,3,4,2,1154,1976.6,7,0
2025-01-29T08:00:00,3,4,1,1157,1981.6,7,0
2025-01-29T09:00:00,3,14,11,1160,2783.7,5,0
2025-01-29T10:00:00,3,15,11,1164,2795.5,5,0
2025-01-29T11:00:00,3,13,11,1166,1997.6,7,0
2025-01-29T12:00:00,3,15,12,1169,2004.8,7,0
2025-01-29T13:00:00,3,15,13,1171,1756.8,8,0
2025-01-29T14:00:00,3,14,13,1172,4688.5,3,0
2025-01-29T15:00:00,3,14,13,1173,4693.5,3,0
2025-01-29T16:00:00,3,20,16,1177,3532.8,4,0
2025-01-29T17:00:00,3,9,7,1179,2020.0,7,0
2025-01-29T18:00:00,3,4,3,1180,2834.0,5,0
2025-01-29T19:00:00,3,10,6,1184,2843.4,5,0
2025-01-29T20:00:00,3,5,3,1186,3558.5,4,0
2025-01-29T21:00:00,3,7,5,1188,3562.4,4,0
2025-01-29T22:00:00,3,1,1,1188,7127.1,2,0
2025-01-29T23:00:00,3,5,0,1193,2864.6,5,0
2025-01-30T00:00:00,3,6,3,1196,4782.6,3,0
2025-01-30T01:00:00,3,5,1,1200,7200.1,2,0
2025-01-30T02:00:00,3,5,5,1200,2400.8,6,0
2025-01-30T03:00:00,3,5,6,1199,7195.6,2,0
2025-01-30T04:00:00,3,4,1,1202,2405.1,6,0
2025-01-30T05:00:00,3,6,6,1202,1801.1,8,0
2025-01-30T06:00:00,3,6,5,1203,2885.7,5,0
2025-01-30T07:00:00,3,2,5,1200,7198.7,2,0
2025-01-30T08:00:00,3,4,1,1203,2407.5,6,0
2025-01-30T09:00:00,3,20,16,1207,3622.8,4,0
2025-01-30T10:00:00,3,19,15,1211,2077.3,7,0
2025-01-30T11:00:00,3,14,12,1213,2078.2,7,0
2025-01-30T12:00:00,3,15,11,1217,2919.3,5,0
2025-01-30T13:00:00,3,15,10,1222,7333.0,2,0
2025-01-30T14:00:00,3,13,13,1222,1833.9,8,0
2025-01-30T15:00:00,3,16,12,1226,4904.1,3,0
2025-01-30T16:00:00,3,17,13,1230,3691.1,4,0
2025-01-30T17:00:00,3,6,4,1232,2463.2,6,0
2025-01-30T18:00:00,3,0,0,1232,1847.2,8,0
2025-01-30T19:00:00,3,2,1,1233,7396.0,2,0
2025-01-30T20:00:00,3,4,1,1236,4945.8,3,0
2025-01-30T21:00:00,3,4,6,1234,4935.2,3,0
2025-01-30T22:00:00,3,2,1,1235,1852.0,8,0
2025-01-30T23:00:00,3,7,3,1239,4956.9,3,0
2025-01-31T00:00:00,3,1,0,1240,1859.7,8,0
2025-01-31T01:00:00,3,0,0,1240,1858.6,8,0
2025-01-31T02:00:00,3,6,2,1244,1864.5,8,0
2025-01-31T03:00:00,3,4,3,1245,3735.0,4,0
2025-01-31T04:00:00,3,8,4,1249,2496.8,6,0
2025-01-31T05:00:00,3,4,9,1244,2489.5,6,0
2025-01-31T06:00:00,3,6,6,1244,1864.7,8,0
2025-01-31T07:00:00,3,5,3,1246,4982.2,3,0
2025-01-31T08:00:00,3,8,5,1249,7495.8,2,0
2025-01-31T09:00:00,3,16,13,1252,1878.8,8,0
2025-01-31T10:00:00,3,16,13,1255,2509.1,6,0
2025-01-31T11:00:00,3,15,10,1260,2519.8,6,0
2025-01-31T12:00:00,3,14,10,1264,3033.2,5,0
2025-01-31T13:00:00,3,17,11,1270,3046.8,5,0
2025-01-31T14:00:00,3,15,12,1273,3054.6,5,0
2025-01-31T15:00:00,3,17,10,1280,2560.9,6,0
2025-01-31T16:00:00,3,15,12,1283,2198.3,7,0
2025-01-31T17:00:00,3,0,0,1283,2198.0,7,0
2025-01-31T18:00:00,3,2,0,1285,2201.5,7,0
2025-01-31T19:00:00,3,0,0,1285,2570.8,6,0
2025-01-31T20:00:00,3,4,7,1282,2563.6,6,0
2025-01-31T21:00:00,3,7,3,1286,2202.8,7,0
2025-01-31T22:00:00,3,4,3,1287,7720.7,2,0
2025-01-31T23:00:00,3,6,2,1291,1936.4,8,0
2025-02-01T00:00:00,3,5,2,1294,7763.0,2,0
2025-02-01T01:00:00,3,1,0,1295,1941.8,8,0
2025-02-01T02:00:00,3,2,1,1296,3887.5,4,0
2025-02-01T03:00:00,3,4,5,1295,3884.9,4,0
2025-02-01T04:00:00,3,1,3,1293,7759.7,2,0
2025-02-01T05:00:00,3,7,2,1298,3894.6,4,0
2025-02-01T06:00:00,3,0,0,1298,2597.1,6,0
2025-02-01T07:00:00,3,0,0,1298,3893.2,4,0
2025-02-01T08:00:00,3,1,0,1299,5196.2,3,0
2025-02-01T09:00:00,3,13,10,1302,5209.7,3,0
2025-02-01T10:00:00,3,16,15,1303,5210.0,3,0
2025-02-01T11:00:00,3,20,16,1307,3137.8,5,0
2025-02-01T12:00:00,3,14,8,1313,3940.2,4,0
2025-02-01T13:00:00,3,17,11,1319,7915.2,2,0
2025-02-01T14:00:00,3,14,11,1322,1983.3,8,0
2025-02-01T15:00:00,3,13,12,1323,5292.8,3,0
2025-02-01T16:00:00,3,12,7,1328,5313.9,3,0
2025-02-01T17:00:00,3,3,5,1326,1988.7,8,0
2025-02-01T18:00:00,3,9,6,1329,3190.7,5,0
2025-02-01T19:00:00,3,0,2,1327,5309.2,3,0
2025-02-01T20:00:00,3,8,5,1330,3191.2,5,0
2025-02-01T21:00:00,3,4,2,1332,2284.0,7,0
2025-02-01T22:00:00,3,9,5,1336,5345.0,3,0
2025-02-01T23:00:00,3,1,0,1337,4009.3,4,0
2025-02-02T00:00:00,3,3,2,1338,3211.7,5,0
2025-02-02T01:00:00,3,4,4,1338,8027.4,2,0
2025-02-02T02:00:00,3,10,4,1344,8064.7,2,0
2025-02-02T03:00:00,3,3,0,1347,8083.5,2,0
2025-02-02T04:00:00,3,4,1,1350,5399.3,3,0
2025-02-02T05:00:00,3,0,0,1350,8100.7,2,0
2025-02-02T06:00:00,3,6,2,1354,2320.6,7,0
2025-02-02T07:00:00,3,2,2,1354,2320.1,7,0
2025-02-02T08:00:00,3,2,1,1355,8131.2,2,0
2025-02-02T09:00:00,3,15,9,1361,2333.6,7,0
2025-02-02T10:00:00,3,14,11,1364,4092.3,4,0
2025-02-02T11:00:00,3,11,9,1366,2343.4,7,0
2025-02-02T12:00:00,3,13,6,1373,2060.8,8,0
2025-02-02T13:00:00,3,16,10,1379,3307.7,5,0
2025-02-02T14:00:00,3,11,7,1383,2768.0,6,0
2025-02-02T15:00:00,3,17,15,1385,2771.0,6,0
2025-02-02T16:00:00,3,14,12,1387,4161.2,4,0
2025-02-02T17:00:00,3,1,0,1388,2381.4,7,0
2025-02-02T18:00:00,3,9,8,1389,2779.1,6,0
2025-02-02T19:00:00,3,2,2,1389,8332.8,2,0
2025-02-02T20:00:00,3,4,6,1387,5547.2,3,0
2025-02-02T21:00:00,3,9,6,1390,4170.0,4,0
2025-02-02T22:00:00,3,5,2,1393,2389.8,7,0
2025-02-02T23:00:00,3,3,2,1394,4183.6,4,0
2025-02-03T00:00:00,3,5,2,1397,2094.1,8,0
2025-02-03T01:00:00,3,3,2,1398,2797.9,6,0
2025-02-03T02:00:00,3,4,2,1400,4199.0,4,0
2025-02-03T03:00:00,3,3,5,1398,2397.2,7,0
2025-02-03T04:00:00,3,3,2,1399,2396.5,7,0
2025-02-03T05:00:00,3,1,0,1400,2400.9,7,0
2025-02-03T06:00:00,3,3,4,1399,8393.6,2,0
2025-02-03T07:00:00,3,3,3,1399,5596.4,3,0
2025-02-03T08:00:00,3,1,2,1398,2098.0,8,0
2025-02-03T09:00:00,3,19,18,1399,2799.8,6,0
2025-02-03T10:00:00,3,19,15,1403,4210.5,4,0
2025-02-03T11:00:00,3,16,14,1405,5621.0,3,0
2025-02-03T12:00:00,3,16,14,1407,4221.3,4,0
2025-02-03T13:00:00,3,16,11,1412,5648.7,3,0
2025-02-03T14:00:00,3,15,10,1417,2833.2,6,0
2025-02-03T15:00:00,3,15,9,1423,8539.0,2,0
2025-02-03T16:00:00,3,15,13,1425,3419.5,5,0
2025-02-03T17:00:00,3,0,1,1424,2136.6,8,0
2025-02-03T18:00:00,3,6,4,1426,8556.0,2,0
2025-02-03T19:00:00,3,5,4,1427,5709.3,3,0
2025-02-03T20:00:00,3,5,5,1427,2854.0,6,0
2025-02-03T21:00:00,3,7,0,1434,2149.9,8,0
2025-02-03T22:00:00,3,6,6,1434,2150.3,8,0
2025-02-03T23:00:00,3,2,1,1435,2152.0,8,0
2025-02-04T00:00:00,3,3,2,1436,2153.4,8,0
2025-02-04T01:00:00,3,5,5,1436,8617.1,2,0
2025-02-04T02:00:00,3,3,4,1435,3445.0,5,0
2025-02-04T03:00:00,3,3,4,1434,5735.4,3,0
2025-02-04T04:00:00,3,4,4,1434,8606.0,2,0
2025-02-04T05:00:00,3,4,2,1436,2870.1,6,0
2025-02-04T06:00:00,3,6,3,1439,2879.4,6,0
2025-02-04T07:00:00,3,5,2,1442,8651.1,2,0
2025-02-04T08:00:00,3,0,2,1440,2160.4,8,0
2025-02-04T09:00:00,3,16,14,1442,2882.0,6,0
2025-02-04T10:00:00,3,12,12,1442,8650.5,2,0
2025-02-04T11:00:00,3,14,11,1445,2889.2,6,0
2025-02-04T12:00:00,3,12,8,1449,4346.3,4,0
2025-02-04T13:00:00,3,14,12,1451,5805.8,3,0
2025-02-04T14:00:00,3,19,15,1455,2909.8,6,0
2025-02-04T15:00:00,3,16,12,1459,2188.1,8,0
2025-02-04T16:00:00,3,16,13,1462,2925.2,6,0
2025-02-04T17:00:00,3,0,3,1459,5834.5,3,0
2025-02-04T18:00:00,3,0,0,1459,8754.0,2,0
2025-02-04T19:00:00,3,8,7,1460,2502.6,7,0
2025-02-04T20:00:00,3,3,4,1459,8753.6,2,0
2025-02-04T21:00:00,3,0,0,1459,8753.1,2,0
2025-02-04T22:00:00,3,2,1,1460,3503.5,5,0
2025-02-04T23:00:00,3,4,3,1461,2922.9,6,0
2025-02-05T00:00:00,3,5,1,1465,4396.3,4,0
2025-02-05T01:00:00,3,2,4,1463,2193.7,8,0
2025-02-05T02:00:00,3,2,1,1464,2195.1,8,0
2025-02-05T03:00:00,3,11,10,1465,3517.2,5,0
2025-02-05T04:00:00,3,3,3,1465,2510.0,7,0
2025-02-05T05:00:00,3,5,4,1466,2197.8,8,0
2025-02-05T06:00:00,3,1,0,1467,4400.6,4,0
2025-02-05T07:00:00,3,5,3,1469,2936.4,6,0
2025-02-05T08:00:00,3,9,6,1472,5888.1,3,0
2025-02-05T09:00:00,3,11,8,1475,2950.4,6,0
2025-02-05T10:00:00,3,10,7,1478,2955.6,6,0
2025-02-05T11:00:00,3,16,15,1479,2956.1,6,0
2025-02-05T12:00:00,3,10,8,1481,4445.0,4,0
2025-02-05T13:00:00,3,12,10,1483,2965.1,6,0
2025-02-05T14:00:00,3,11,9,1485,4455.0,4,0
2025-02-05T15:00:00,3,18,12,1491,2980.2,6,0
2025-02-05T16:00:00,3,12,11,1492,2982.5,6,0
2025-02-05T17:00:00,3,3,1,1494,2561.9,7,0
2025-02-05T18:00:00,3,1,2,1493,8958.0,2,0
2025-02-05T19:00:00,3,5,3,1495,8970.6,2,0
2025-02-05T20:00:00,3,0,0,1495,3586.8,5,0
2025-02-05T21:00:00,3,3,0,1498,2566.8,7,0
2025-02-05T22:00:00,3,9,7,1500,6001.4,3,0
2025-02-05T23:00:00,3,2,1,1501,2572.7,7,0
2025-02-06T00:00:00,3,2,3,1500,2572.2,7,0
2025-02-06T01:00:00,3,7,5,1502,3003.0,6,0
2025-02-06T02:00:00,3,0,3,1499,3599.4,5,0
2025-02-06T03:00:00,3,7,5,1501,6002.9,3,0
2025-02-06T04:00:00,3,2,0,1503,4510.6,4,0
2025-02-06T05:00:00,3,5,4,1504,4513.7,4,0
2025-02-06T06:00:00,3,9,4,1509,6035.4,3,0
2025-02-06T07:00:00,3,5,0,1514,4541.7,4,0
2025-02-06T08:00:00,3,0,0,1514,3027.2,6,0
2025-02-06T09:00:00,3,13,9,1518,3037.3,6,0
2025-02-06T10:00:00,3,15,11,1522,9132.8,2,0
2025-02-06T11:00:00,3,19,15,1526,9154.2,2,0
2025-02-06T12:00:00,3,12,9,1529,3670.2,5,0
2025-02-06T13:00:00,3,14,11,1532,3063.1,6,0
2025-02-06T14:00:00,3,11,7,1536,2304.6,8,0
2025-02-06T15:00:00,3,18,16,1538,2635.5,7,0
2025-02-06T16:00:00,3,14,10,1542,3699.5,5,0
2025-02-06T17:00:00,3,6,7,1541,9247.4,2,0
2025-02-06T18:00:00,3,3,1,1543,6171.2,3,0
2025-02-06T19:00:00,3,4,0,1547,9282.3,2,0
2025-02-06T20:00:00,3,8,11,1544,6174.9,3,0
2025-02-06T21:00:00,3,4,4,1544,6174.4,3,0
2025-02-06T22:00:00,3,4,2,1546,2651.1,7,0
2025-02-06T23:00:00,3,7,6,1547,6189.4,3,0
2025-02-07T00:00:00,3,4,1,1550,9301.5,2,0
2025-02-07T01:00:00,3,4,0,1554,2663.8,7,0
2025-02-07T02:00:00,3,9,8,1555,6221.1,3,0
2025-02-07T03:00:00,3,3,0,1558,9348.3,2,0
2025-02-07T04:00:00,3,2,0,1560,3120.8,6,0
2025-02-07T05:00:00,3,0,0,1560,4680.8,4,0
2025-02-07T06:00:00,3,5,2,1563,2680.7,7,0
2025-02-07T07:00:00,3,7,7,1563,4687.1,4,0
2025-02-07T08:00:00,3,2,2,1563,4690.8,4,0
2025-02-07T09:00:00,3,16,9,1570,9420.6,2,0
2025-02-07T10:00:00,3,16,10,1576,2702.5,7,0
2025-02-07T11:00:00,3,17,10,1583,4749.3,4,0
2025-02-07T12:00:00,3,12,7,1588,3175.2,6,0
2025-02-07T13:00:00,3,19,15,1592,9551.1,2,0
2025-02-07T14:00:00,3,15,11,1596,3192.9,6,0
2025-02-07T15:00:00,3,12,9,1599,4796.8,4,0
2025-02-07T16:00:00,3,18,11,1606,3852.8,5,0
2025-02-07T17:00:00,3,9,5,1610,9658.2,2,0
2025-02-07T18:00:00,3,1,0,1611,3222.2,6,0
2025-02-07T19:00:00,3,2,1,1612,6446.2,3,0
2025-02-07T20:00:00,3,7,5,1614,3226.5,6,0
2025-02-07T21:00:00,3,7,5,1616,3880.1,5,0
2025-02-07T22:00:00,3,2,2,1616,6465.3,3,0
2025-02-07T23:00:00,3,3,4,1615,3874.6,5,0
2025-02-08T00:00:00,3,6,1,1620,6478.4,3,0
2025-02-08T01:00:00,3,0,0,1620,3240.4,6,0
2025-02-08T02:00:00,3,1,0,1621,3891.7,5,0
2025-02-08T03:00:00,3,5,5,1621,2431.9,8,0
2025-02-08T04:00:00,3,6,4,1623,9736.3,2,0
2025-02-08T05:00:00,3,0,0,1623,2781.5,7,0
2025-02-08T06:00:00,3,0,0,1623,2784.1,7,0
2025-02-08T07:00:00,3,4,6,1621,9727.6,2,0
2025-02-08T08:00:00,3,2,0,1623,2783.1,7,0
2025-02-08T09:00:00,3,18,14,1627,9762.0,2,0
2025-02-08T10:00:00,3,16,14,1629,2791.6,7,0
2025-02-08T11:00:00,3,11,5,1635,3925.9,5,0
2025-02-08T12:00:00,3,14,9,1640,3935.1,5,0
2025-02-08T13:00:00,3,17,14,1643,2816.6,7,0
2025-02-08T14:00:00,3,10,10,1643,9856.2,2,0
2025-02-08T15:00:00,3,18,14,1647,9880.1,2,0
2025-02-08T16:00:00,3,14,9,1652,3303.3,6,0
2025-02-08T17:00:00,3,3,4,1651,2831.0,7,0
2025-02-08T18:00:00,3,0,2,1649,3297.4,6,0
2025-02-08T19:00:00,3,0,0,1649,3298.8,6,0
2025-02-08T20:00:00,3,5,6,1648,4943.5,4,0
2025-02-08T21:00:00,3,5,2,1651,9907.0,2,0
2025-02-08T22:00:00,3,4,2,1653,6612.9,3,0
2025-02-08T23:00:00,3,4,2,1655,4964.1,4,0
2025-02-09T00:00:00,3,3,2,1656,9937.6,2,0
2025-02-09T01:00:00,3,3,4,1655,2838.2,7,0
2025-02-09T02:00:00,3,2,0,1657,6629.7,3,0
2025-02-09T03:00:00,3,3,0,1660,6639.8,3,0
2025-02-09T04:00:00,3,5,3,1662,3322.1,6,0
2025-02-09T05:00:00,3,2,4,1660,3318.9,6,0
2025-02-09T06:00:00,3,6,0,1666,3331.6,6,0
2025-02-09T07:00:00,3,7,4,1669,2860.3,7,0
2025-02-09T08:00:00,3,6,2,1673,4013.8,5,0
2025-02-09T09:00:00,3,10,8,1675,2512.9,8,0
2025-02-09T10:00:00,3,8,6,1677,2874.8,7,0
2025-02-09T11:00:00,3,13,11,1679,2516.8,8,0
2025-02-09T12:00:00,3,12,9,1682,10093.6,2,0
2025-02-09T13:00:00,3,12,8,1686,2890.8,7,0
2025-02-09T14:00:00,3,14,10,1690,6760.8,3,0
2025-02-09T15:00:00,3,11,7,1694,10164.2,2,0
2025-02-09T16:00:00,3,15,10,1699,3397.7,6,0
2025-02-09T17:00:00,3,0,2,1697,3393.6,6,0
2025-02-09T18:00:00,3,3,5,1695,6781.4,3,0
2025-02-09T19:00:00,3,1,0,1696,2543.5,8,0
2025-02-09T20:00:00,3,0,0,1696,4070.6,5,0
2025-02-09T21:00:00,3,3,0,1699,2914.5,7,0
2025-02-09T22:00:00,3,4,2,1701,5103.5,4,0
2025-02-09T23:00:00,3,7,3,1705,4093.2,5,0
2025-02-10T00:00:00,3,6,8,1703,2554.6,8,0
2025-02-10T01:00:00,3,9,5,1707,6827.1,3,0
2025-02-10T02:00:00,3,0,0,1707,5120.5,4,0
2025-02-10T03:00:00,3,0,2,1705,3408.0,6,0
2025-02-10T04:00:00,3,4,4,1705,5114.8,4,0
2025-02-10T05:00:00,3,4,0,1709,3418.1,6,0
2025-02-10T06:00:00,3,5,3,1711,5131.0,4,0
2025-02-10T07:00:00,3,6,5,1712,6847.8,3,0
2025-02-10T08:00:00,3,3,2,1713,4109.5,5,0
2025-02-10T09:00:00,3,15,8,1720,3440.2,6,0
2025-02-10T10:00:00,3,16,16,1720,3441.1,6,0
2025-02-10T11:00:00,3,13,9,1724,2957.3,7,0
2025-02-10T12:00:00,3,15,12,1727,2591.0,8,0
2025-02-10T13:00:00,3,14,12,1729,3459.5,6,0
2025-02-10T14:00:00,3,9,7,1731,3461.6,6,0
2025-02-10T15:00:00,3,14,10,1735,2974.4,7,0
2025-02-10T16:00:00,3,11,8,1738,4170.1,5,0
2025-02-10T17:00:00,3,1,0,1739,2610.1,8,0
2025-02-10T18:00:00,3,5,3,1741,2983.0,7,0
2025-02-10T19:00:00,3,2,0,1743,2987.4,7,0
2025-02-10T20:00:00,3,4,2,1745,6979.8,3,0
2025-02-10T21:00:00,3,5,3,1747,2993.6,7,0
2025-02-10T22:00:00,3,2,1,1748,2621.1,8,0
2025-02-10T23:00:00,3,6,5,1749,3499.5,6,0
2025-02-11T00:00:00,3,5,7,1747,6990.0,3,0
2025-02-11T01:00:00,3,3,1,1749,4199.5,5,0
2025-02-11T02:00:00,3,7,5,1751,3002.0,7,0
2025-02-11T03:00:00,3,3,2,1752,2629.9,8,0
2025-02-11T04:00:00,3,2,3,1751,5253.1,4,0
2025-02-11T05:00:00,3,6,5,1752,5258.0,4,0
2025-02-11T06:00:00,3,1,1,1752,5257.7,4,0
2025-02-11T07:00:00,3,2,3,1751,5253.4,4,0
2025-02-11T08:00:00,3,0,0,1751,3500.4,6,0
2025-02-11T09:00:00,3,8,6,1753,5257.2,4,0
2025-02-11T10:00:00,3,15,9,1759,5278.5,4,0
2025-02-11T11:00:00,3,15,13,1761,3017.7,7,0
2025-02-11T12:00:00,3,14,13,1762,10572.1,2,0
2025-02-11T13:00:00,3,14,6,1770,4247.6,5,0
2025-02-11T14:00:00,3,14,11,1773,7093.0,3,0
2025-02-11T15:00:00,3,12,8,1777,3044.6,7,0
2025-02-11T16:00:00,3,18,10,1785,3569.4,6,0
2025-02-11T17:00:00,3,0,3,1782,2674.4,8,0
2025-02-11T18:00:00,3,4,4,1782,4275.3,5,0
2025-02-11T19:00:00,3,6,4,1784,3566.9,6,0
2025-02-11T20:00:00,3,6,4,1786,2678.1,8,0
2025-02-11T21:00:00,3,8,5,1789,2685.4,8,0
2025-02-11T22:00:00,3,0,2,1787,10720.3,2,0
2025-02-11T23:00:00,3,0,0,1787,3575.8,6,0
2025-02-12T00:00:00,3,8,4,1791,4298.8,5,0
2025-02-12T01:00:00,3,4,4,1791,2687.6,8,0
2025-02-12T02:00:00,3,2,0,1793,10758.0,2,0
2025-02-12T03:00:00,3,3,0,1796,3080.0,7,0
2025-02-12T04:00:00,3,5,4,1797,10783.2,2,0
2025-02-12T05:00:00,3,2,1,1798,4313.4,5,0
2025-02-12T06:00:00,3,6,5,1799,2699.4,8,0
2025-02-12T07:00:00,3,0,0,1799,10795.3,2,0
2025-02-12T08:00:00,3,1,0,1800,3601.3,6,0
2025-02-12T09:00:00,3,14,11,1803,2703.0,8,0
2025-02-12T10:00:00,3,10,7,1806,2709.0,8,0
2025-02-12T11:00:00,3,13,13,1806,5417.8,4,0
2025-02-12T12:00:00,3,21,20,1807,3614.1,6,0
2025-02-12T13:00:00,3,14,12,1809,10855.1,2,0
2025-02-12T14:00:00,3,14,11,1812,10871.4,2,0
2025-02-12T15:00:00,3,12,9,1815,3112.5,7,0
2025-02-12T16:00:00,3,19,13,1821,4370.8,5,0
2025-02-12T17:00:00,3,0,1,1820,2731.4,8,0
2025-02-12T18:00:00,3,6,5,1821,3121.3,7,0
2025-02-12T19:00:00,3,1,2,1820,3641.2,6,0
2025-02-12T20:00:00,3,4,1,1823,3646.2,6,0
2025-02-12T21:00:00,3,0,0,1823,2733.2,8,0
2025-02-12T22:00:00,3,8,5,1826,4382.5,5,0
2025-02-12T23:00:00,3,5,3,1828,2740.4,8,0
2025-02-13T00:00:00,3,3,3,1828,5483.4,4,0
2025-02-13T01:00:00,3,10,6,1832,5495.1,4,0
2025-02-13T02:00:00,3,0,1,1831,10985.6,2,0
2025-02-13T03:00:00,3,0,0,1831,3140.2,7,0
2025-02-13T04:00:00,3,5,5,1831,4394.4,5,0
2025-02-13T05:00:00,3,7,8,1830,4392.7,5,0
2025-02-13T06:00:00,3,6,3,1833,2750.6,8,0
2025-02-13T07:00:00,3,6,5,1834,4401.5,5,0
2025-02-13T08:00:00,3,2,5,1831,3663.3,6,0
2025-02-13T09:00:00,3,17,14,1834,5503.4,4,0
2025-02-13T10:00:00,3,17,13,1838,4412.0,5,0
2025-02-13T11:00:00,3,13,9,1842,11052.4,2,0
2025-02-13T12:00:00,3,11,12,1841,5524.3,4,0
2025-02-13T13:00:00,3,14,13,1842,3685.3,6,0
2025-02-13T14:00:00,3,19,19,1842,3159.5,7,0
2025-02-13T15:00:00,3,15,14,1843,11058.4,2,0
2025-02-13T16:00:00,3,9,4,1848,7390.1,3,0
2025-02-13T17:00:00,3,4,0,1852,2778.0,8,0
2025-02-13T18:00:00,3,5,9,1848,4436.0,5,0
2025-02-13T19:00:00,3,3,1,1850,5549.3,4,0
2025-02-13T20:00:00,3,9,12,1847,11083.8,2,0
2025-02-13T21:00:00,3,4,5,1846,3693.9,6,0
2025-02-13T22:00:00,3,2,4,1844,3689.0,6,0
2025-02-13T23:00:00,3,3,0,1847,7386.3,3,0
2025-02-14T00:00:00,3,5,5,1847,5539.3,4,0
2025-02-14T01:00:00,3,5,1,1851,4443.4,5,0
2025-02-14T02:00:00,3,4,2,1853,3707.0,6,0
2025-02-14T03:00:00,3,1,0,1854,5564.0,4,0
2025-02-14T04:00:00,3,3,2,1855,7421.1,3,0
2025-02-14T05:00:00,3,0,0,1855,2783.1,8,0
2025-02-14T06:00:00,3,3,4,1854,3178.7,7,0
2025-02-14T07:00:00,3,7,8,1853,5558.4,4,0
2025-02-14T08:00:00,3,9,8,1854,2781.6,8,0
2025-02-14T09:00:00,3,16,11,1859,11154.6,2,0
2025-02-14T10:00:00,3,10,10,1859,3188.7,7,0
2025-02-14T11:00:00,3,18,15,1862,3723.7,6,0
2025-02-14T12:00:00,3,10,9,1863,3192.0,7,0
2025-02-14T13:00:00,3,17,13,1867,3733.1,6,0
2025-02-14T14:00:00,3,17,16,1868,11208.2,2,0
2025-02-14T15:00:00,3,15,9,1874,3212.0,7,0
2025-02-14T16:00:00,3,17,15,1876,5629.0,4,0
2025-02-14T17:00:00,3,5,2,1879,11273.3,2,0
2025-02-14T18:00:00,3,4,2,1881,3762.1,6,0
2025-02-14T19:00:00,3,2,0,1883,5650.6,4,0
2025-02-14T20:00:00,3,2,0,1885,2828.1,8,0
2025-02-14T21:00:00,3,8,6,1887,3233.4,7,0
2025-02-14T22:00:00,3,3,0,1890,3781.8,6,0
2025-02-14T23:00:00,3,3,2,1891,11346.3,2,0
2025-02-15T00:00:00,3,4,3,1892,3782.8,6,0
2025-02-15T01:00:00,3,3,3,1892,4539.3,5,0
2025-02-15T02:00:00,3,3,6,1889,5668.9,4,0
2025-02-15T03:00:00,3,3,3,1889,7554.2,3,0
2025-02-15T04:00:00,3,3,0,1892,3244.8,7,0
2025-02-15T05:00:00,3,8,6,1894,5681.2,4,0
2025-02-15T06:00:00,3,0,0,1894,11362.8,2,0
2025-02-15T07:00:00,3,0,2,1892,7567.9,3,0
2025-02-15T08:00:00,3,2,1,1893,3786.8,6,0
2025-02-15T09:00:00,3,17,15,1895,3248.1,7,0
2025-02-15T10:00:00,3,14,10,1899,3254.1,7,0
2025-02-15T11:00:00,3,13,9,1903,11419.3,2,0
2025-02-15T12:00:00,3,18,16,1905,5715.7,4,0
2025-02-15T13:00:00,3,10,10,1905,2858.9,8,0
2025-02-15T14:00:00,3,17,15,1907,2862.4,8,0
2025-02-15T15:00:00,3,11,10,1908,3271.0,7,0
2025-02-15T16:00:00,3,10,9,1909,5728.3,4,0
2025-02-15T17:00:00,3,0,0,1909,2864.1,8,0
2025-02-15T18:00:00,3,3,2,1910,5728.0,4,0
2025-02-15T19:00:00,3,5,7,1908,5725.4,4,0
2025-02-15T20:00:00,3,5,5,1908,11447.0,2,0
2025-02-15T21:00:00,3,6,1,1913,11477.3,2,0
2025-02-15T22:00:00,3,9,4,1918,3836.8,6,0
2025-02-15T23:00:00,3,7,4,1921,4611.8,5,0
2025-02-16T00:00:00,3,3,1,1923,2886.1,8,0
2025-02-16T01:00:00,3,0,0,1923,3845.8,6,0
2025-02-16T02:00:00,3,3,3,1923,11537.7,2,0
2025-02-16T03:00:00,3,7,0,1930,11578.7,2,0
2025-02-16T04:00:00,3,6,6,1930,4630.4,5,0
2025-02-16T05:00:00,3,7,4,1933,2897.7,8,0
2025-02-16T06:00:00,3,0,2,1931,5794.4,4,0
2025-02-16T07:00:00,3,7,5,1933,4639.2,5,0
2025-02-16T08:00:00,3,6,6,1933,2900.8,8,0
2025-02-16T09:00:00,3,12,7,1938,3876.0,6,0
2025-02-16T10:00:00,3,13,14,1937,4650.0,5,0
2025-02-16T11:00:00,3,13,9,1941,7762.3,3,0
2025-02-16T12:00:00,3,14,8,1947,11680.7,2,0
2025-02-16T13:00:00,3,21,15,1953,2930.2,8,0
2025-02-16T14:00:00,3,14,9,1958,3355.7,7,0
2025-02-16T15:00:00,3,14,9,1963,7852.2,3,0
2025-02-16T16:00:00,3,16,13,1966,3368.7,7,0
2025-02-16T17:00:00,3,3,4,1965,2946.2,8,0
2025-02-16T18:00:00,3,0,1,1964,7855.0,3,0
2025-02-16T19:00:00,3,5,7,1962,3925.3,6,0
2025-02-16T20:00:00,3,6,3,1965,11790.6,2,0
2025-02-16T21:00:00,3,6,4,1967,5902.1,4,0
2025-02-16T22:00:00,3,6,7,1966,11796.4,2,0
2025-02-16T23:00:00,3,6,1,1971,4730.5,5,0
2025-02-17T00:00:00,3,7,6,1972,3380.4,7,0
2025-02-17T01:00:00,3,0,0,1972,7886.3,3,0
2025-02-17T02:00:00,3,8,9,1971,5914.7,4,0
2025-02-17T03:00:00,3,5,5,1971,5912.0,4,0
2025-02-17T04:00:00,3,1,1,1971,2957.5,8,0
2025-02-17T05:00:00,3,4,0,1975,2962.6,8,0
2025-02-17T06:00:00,3,3,0,1978,7913.1,3,0
2025-02-17T07:00:00,3,0,1,1977,3389.7,7,0
2025-02-17T08:00:00,3,6,5,1978,5935.0,4,0
2025-02-17T09:00:00,3,10,7,1981,4754.0,5,0
2025-02-17T10:00:00,3,13,9,1985,2979.3,8,0
2025-02-17T11:00:00,3,21,17,1989,3978.5,6,0
2025-02-17T12:00:00,3,13,10,1992,3413.4,7,0
2025-02-17T13:00:00,3,9,8,1993,7971.6,3,0
2025-02-17T14:00:00,3,16,15,1994,3417.5,7,0
2025-02-17T15:00:00,3,12,11,1995,11969.6,2,0
2025-02-17T16:00:00,3,15,14,1996,7985.2,3,0
2025-02-17T17:00:00,3,9,5,2000,12001.4,2,0
2025-02-17T18:00:00,3,2,4,1998,11988.3,2,0
2025-02-17T19:00:00,3,5,2,2001,12006.5,2,0
2025-02-17T20:00:00,3,2,0,2003,6010.8,4,0
2025-02-17T21:00:00,3,0,0,2003,12017.2,2,0
2025-02-17T22:00:00,3,3,0,2006,3440.6,7,0
2025-02-17T23:00:00,3,10,7,2009,3443.0,7,0
2025-02-18T00:00:00,3,0,0,2009,8036.7,3,0
2025-02-18T01:00:00,3,3,4,2008,3440.4,7,0
2025-02-18T02:00:00,3,7,2,2013,6038.1,4,0
2025-02-18T03:00:00,3,4,0,2017,3456.5,7,0
2025-02-18T04:00:00,3,2,0,2019,4845.1,5,0
2025-02-18T05:00:00,3,1,3,2017,12103.1,2,0
2025-02-18T06:00:00,3,3,1,2019,12114.0,2,0
2025-02-18T07:00:00,3,0,0,2019,4843.8,5,0
2025-02-18T08:00:00,3,4,5,2018,4843.8,5,0
2025-02-18T09:00:00,3,12,10,2020,3462.4,7,0
2025-02-18T10:00:00,3,11,8,2023,8093.2,3,0
2025-02-18T11:00:00,3,21,15,2029,8115.6,3,0
2025-02-18T12:00:00,3,14,13,2030,8119.5,3,0
2025-02-18T13:00:00,3,13,11,2032,8126.2,3,0
2025-02-18T14:00:00,3,15,9,2038,8151.8,3,0
2025-02-18T15:00:00,3,18,10,2046,3070.1,8,0
2025-02-18T16:00:00,3,13,9,2050,4099.6,6,0
2025-02-18T17:00:00,3,5,4,2051,4102.7,6,0
2025-02-18T18:00:00,3,0,0,2051,12305.3,2,0
2025-02-18T19:00:00,3,5,2,2054,12325.0,2,0
2025-02-18T20:00:00,3,0,0,2054,4106.5,6,0
2025-02-18T21:00:00,3,10,6,2058,12347.3,2,0
2025-02-18T22:00:00,3,9,9,2058,8231.0,3,0
2025-02-18T23:00:00,3,2,0,2060,8241.2,3,0
2025-02-19T00:00:00,3,10,9,2061,4122.0,6,0
2025-02-19T01:00:00,3,10,9,2062,6185.9,4,0
2025-02-19T02:00:00,3,5,3,2064,3538.2,7,0
2025-02-19T03:00:00,3,2,1,2065,3538.1,7,0
2025-02-19T04:00:00,3,7,2,2070,3549.2,7,0
2025-02-19T05:00:00,3,5,5,2070,4966.3,5,0
2025-02-19T06:00:00,3,2,1,2071,12425.0,2,0
2025-02-19T07:00:00,3,0,0,2071,3549.0,7,0
2025-02-19T08:00:00,3,6,5,2072,12432.2,2,0
2025-02-19T09:00:00,3,13,8,2077,8307.0,3,0
2025-02-19T10:00:00,3,15,13,2079,6235.6,4,0
2025-02-19T11:00:00,3,19,14,2084,3570.8,7,0
2025-02-19T12:00:00,3,17,12,2089,5013.6,5,0
2025-02-19T13:00:00,3,15,8,2096,4190.6,6,0
2025-02-19T14:00:00,3,9,5,2100,8398.8,3,0
2025-02-19T15:00:00,3,8,7,2101,6304.0,4,0
2025-02-19T16:00:00,3,13,10,2104,8417.4,3,0
2025-02-19T17:00:00,3,3,3,2104,4206.7,6,0
2025-02-19T18:00:00,3,8,6,2106,12635.2,2,0
2025-02-19T19:00:00,3,4,4,2106,5053.2,5,0
2025-02-19T20:00:00,3,4,0,2110,4221.1,6,0
2025-02-19T21:00:00,3,4,1,2113,8451.0,3,0
2025-02-19T22:00:00,3,4,5,2112,5070.0,5,0
2025-02-19T23:00:00,3,4,3,2113,3171.1,8,0
2025-02-20T00:00:00,3,3,0,2116,12697.0,2,0
2025-02-20T01:00:00,3,4,2,2118,5084.9,5,0
2025-02-20T02:00:00,3,7,7,2118,3629.1,7,0
2025-02-20T03:00:00,3,3,1,2120,8480.4,3,0
2025-02-20T04:00:00,3,0,0,2120,3632.4,7,0
2025-02-20T05:00:00,3,6,4,2122,3181.2,8,0
2025-02-20T06:00:00,3,1,0,2123,3637.6,7,0
2025-02-20T07:00:00,3,3,2,2124,3187.6,8,0
2025-02-20T08:00:00,3,4,6,2122,6364.8,4,0
2025-02-20T09:00:00,3,13,9,2126,6379.9,4,0
2025-02-20T10:00:00,3,12,14,2124,6373.7,4,0
2025-02-20T11:00:00,3,16,14,2126,4251.8,6,0
2025-02-20T12:00:00,3,13,10,2129,6386.0,4,0
2025-02-20T13:00:00,3,15,10,2134,12805.0,2,0
2025-02-20T14:00:00,3,17,15,2136,12814.9,2,0
2025-02-20T15:00:00,3,17,12,2141,12847.1,2,0
2025-02-20T16:00:00,3,11,9,2143,8571.8,3,0
2025-02-20T17:00:00,3,3,0,2146,3220.4,8,0
2025-02-20T18:00:00,3,0,0,2146,3220.9,8,0
2025-02-20T19:00:00,3,4,6,2144,8575.5,3,0
2025-02-20T20:00:00,3,5,2,2147,5152.6,5,0
2025-02-20T21:00:00,3,1,0,2148,6445.9,4,0
2025-02-20T22:00:00,3,0,1,2147,8586.8,3,0
2025-02-20T23:00:00,3,6,5,2148,4297.3,6,0
2025-02-21T00:00:00,3,4,0,2152,3689.9,7,0
2025-02-21T01:00:00,3,6,4,2154,3229.3,8,0
2025-02-21T02:00:00,3,0,0,2154,6462.3,4,0
2025-02-21T03:00:00,3,0,0,2154,12922.2,2,0
2025-02-21T04:00:00,3,1,0,2155,3233.6,8,0
2025-02-21T05:00:00,3,8,5,2158,5180.1,5,0
2025-02-21T06:00:00,3,7,6,2159,3239.8,8,0
2025-02-21T07:00:00,3,5,4,2160,5183.2,5,0
2025-02-21T08:00:00,3,6,2,2164,5193.2,5,0
2025-02-21T09:00:00,3,15,11,2168,8672.9,3,0
2025-02-21T10:00:00,3,14,10,2172,3723.1,7,0
2025-02-21T11:00:00,3,16,13,2175,5219.4,5,0
2025-02-21T12:00:00,3,14,8,2181,3738.7,7,0
2025-02-21T13:00:00,3,11,8,2184,13105.7,2,0
2025-02-21T14:00:00,3,11,8,2187,3750.2,7,0
2025-02-21T15:00:00,3,18,11,2194,8774.8,3,0
2025-02-21T16:00:00,3,19,17,2196,8783.2,3,0
2025-02-21T17:00:00,3,5,5,2196,3292.2,8,0
2025-02-21T18:00:00,3,5,1,2200,3769.9,7,0
2025-02-21T19:00:00,3,4,3,2201,3772.7,7,0
2025-02-21T20:00:00,3,3,7,2197,4395.1,6,0
2025-02-21T21:00:00,3,5,0,2202,4403.4,6,0
2025-02-21T22:00:00,3,2,1,2203,5285.3,5,0
2025-02-21T23:00:00,3,5,4,2204,4406.6,6,0
2025-02-22T00:00:00,3,2,0,2206,6616.9,4,0
2025-02-22T01:00:00,3,7,7,2206,5293.7,5,0
2025-02-22T02:00:00,3,5,0,2211,3316.5,8,0
2025-02-22T03:00:00,3,9,7,2213,5309.3,5,0
2025-02-22T04:00:00,3,6,6,2213,13278.9,2,0
2025-02-22T05:00:00,3,0,2,2211,5307.0,5,0
2025-02-22T06:00:00,3,0,0,2211,5306.5,5,0
2025-02-22T07:00:00,3,3,5,2209,5303.5,5,0
2025-02-22T08:00:00,3,4,0,2213,6640.3,4,0
2025-02-22T09:00:00,3,16,12,2217,4435.1,6,0
2025-02-22T10:00:00,3,14,8,2223,4444.7,6,0
2025-02-22T11:00:00,3,21,19,2225,3336.6,8,0
2025-02-22T12:00:00,3,19,13,2231,6692.1,4,0
2025-02-22T13:00:00,3,16,11,2236,3834.0,7,0
2025-02-22T14:00:00,3,15,12,2239,13433.4,2,0
2025-02-22T15:00:00,3,8,7,2240,4480.6,6,0
2025-02-22T16:00:00,3,20,16,2244,3847.5,7,0
2025-02-22T17:00:00,3,10,6,2248,6743.6,4,0
2025-02-22T18:00:00,3,4,0,2252,4504.2,6,0
2025-02-22T19:00:00,3,3,4,2251,3378.2,8,0
2025-02-22T20:00:00,3,2,2,2251,4502.6,6,0
2025-02-22T21:00:00,3,0,0,2251,6753.6,4,0
2025-02-22T22:00:00,3,2,3,2250,4500.8,6,0
2025-02-22T23:00:00,3,5,3,2252,3861.1,7,0
2025-02-23T00:00:00,3,6,2,2256,4510.1,6,0
2025-02-23T01:00:00,3,8,6,2258,3385.0,8,0
2025-02-23T02:00:00,3,1,1,2258,5419.7,5,0
2025-02-23T03:00:00,3,6,3,2261,4523.2,6,0
2025-02-23T04:00:00,3,4,0,2265,4528.8,6,0
2025-02-23T05:00:00,3,4,6,2263,4526.9,6,0
2025-02-23T06:00:00,3,3,2,2264,6792.3,4,0
2025-02-23T07:00:00,3,7,4,2267,9066.3,3,0
2025-02-23T08:00:00,3,5,4,2268,13606.8,2,0
2025-02-23T09:00:00,3,15,14,2269,6808.7,4,0
2025-02-23T10:00:00,3,11,5,2275,9098.6,3,0
2025-02-23T11:00:00,3,15,12,2278,4554.1,6,0
2025-02-23T12:00:00,3,17,9,2286,4573.0,6,0
2025-02-23T13:00:00,3,15,10,2291,9165.9,3,0
2025-02-23T14:00:00,3,19,12,2298,13789.0,2,0
2025-02-23T15:00:00,3,14,12,2300,3942.4,7,0
2025-02-23T16:00:00,3,16,10,2306,5534.8,5,0
2025-02-23T17:00:00,3,1,0,2307,3954.7,7,0
2025-02-23T18:00:00,3,0,2,2305,9220.4,3,0
2025-02-23T19:00:00,3,2,0,2307,6919.9,4,0
2025-02-23T20:00:00,3,0,1,2306,3951.4,7,0
2025-02-23T21:00:00,3,1,0,2307,3955.1,7,0
2025-02-23T22:00:00,3,0,0,2307,9226.7,3,0
2025-02-23T23:00:00,3,4,3,2308,13849.9,2,0
2025-02-24T00:00:00,3,1,0,2309,13854.2,2,0
2025-02-24T01:00:00,3,3,1,2311,4622.6,6,0
2025-02-24T02:00:00,3,1,0,2312,5549.0,5,0
2025-02-24T03:00:00,3,3,2,2313,5550.0,5,0
2025-02-24T04:00:00,3,4,2,2315,6943.1,4,0
2025-02-24T05:00:00,3,0,1,2314,6940.7,4,0
2025-02-24T06:00:00,3,0,1,2313,5549.3,5,0
2025-02-24T07:00:00,3,4,3,2314,13882.6,2,0
2025-02-24T08:00:00,3,3,3,2314,5552.2,5,0
2025-02-24T09:00:00,3,12,12,2314,4626.3,6,0
2025-02-24T10:00:00,3,15,13,2316,3970.0,7,0
2025-02-24T11:00:00,3,16,9,2323,3486.3,8,0
2025-02-24T12:00:00,3,13,8,2328,9313.5,3,0
2025-02-24T13:00:00,3,11,8,2331,6993.9,4,0
2025-02-24T14:00:00,3,15,7,2339,14034.5,2,0
2025-02-24T15:00:00,3,13,11,2341,4011.9,7,0
2025-02-24T16:00:00,3,21,16,2346,4692.2,6,0
2025-02-24T17:00:00,3,1,0,2347,5631.6,5,0
2025-02-24T18:00:00,3,5,3,2349,14094.8,2,0
2025-02-24T19:00:00,3,5,6,2348,7042.8,4,0
2025-02-24T20:00:00,3,4,2,2350,3523.7,8,0
2025-02-24T21:00:00,3,5,4,2351,9404.5,3,0
2025-02-24T22:00:00,3,3,2,2352,3528.6,8,0
2025-02-24T23:00:00,3,1,1,2352,3527.2,8,0
2025-02-25T00:00:00,3,6,2,2356,9423.3,3,0
2025-02-25T01:00:00,3,1,0,2357,3537.1,8,0
2025-02-25T02:00:00,3,8,6,2359,4718.5,6,0
2025-02-25T03:00:00,3,2,0,2361,9442.2,3,0
2025-02-25T04:00:00,3,1,0,2362,4050.7,7,0
2025-02-25T05:00:00,3,1,0,2363,4724.3,6,0
2025-02-25T06:00:00,3,8,7,2364,5675.2,5,0
2025-02-25T07:00:00,3,5,3,2366,9464.0,3,0
2025-02-25T08:00:00,3,1,0,2367,3549.7,8,0
2025-02-25T09:00:00,3,10,6,2371,14224.0,2,0
2025-02-25T10:00:00,3,13,12,2372,9487.7,3,0
2025-02-25T11:00:00,3,17,13,2376,9502.8,3,0
2025-02-25T12:00:00,3,19,15,2380,9521.2,3,0
2025-02-25T13:00:00,3,17,10,2387,7160.0,4,0
2025-02-25T14:00:00,3,11,4,2394,9576.4,3,0
2025-02-25T15:00:00,3,18,14,2398,14389.6,2,0
2025-02-25T16:00:00,3,17,13,2402,5765.4,5,0
2025-02-25T17:00:00,3,4,1,2405,3609.3,8,0
2025-02-25T18:00:00,3,2,0,2407,14442.8,2,0
2025-02-25T19:00:00,3,9,7,2409,4818.9,6,0
2025-02-25T20:00:00,3,9,6,2412,7236.9,4,0
2025-02-25T21:00:00,3,3,1,2414,4138.8,7,0
2025-02-25T22:00:00,3,4,1,2417,4835.7,6,0
2025-02-25T23:00:00,3,4,3,2418,5803.7,5,0
2025-02-26T00:00:00,3,0,0,2418,4145.6,7,0
2025-02-26T01:00:00,3,0,1,2417,3627.1,8,0
2025-02-26T02:00:00,3,5,3,2419,4148.4,7,0
2025-02-26T03:00:00,3,7,8,2418,7255.4,4,0
2025-02-26T04:00:00,3,1,0,2419,3629.5,8,0
2025-02-26T05:00:00,3,1,3,2417,4141.8,7,0
2025-02-26T06:00:00,3,4,0,2421,3630.7,8,0
2025-02-26T07:00:00,3,2,3,2420,7261.5,4,0
2025-02-26T08:00:00,3,2,0,2422,7265.7,4,0
2025-02-26T09:00:00,3,18,14,2426,7279.6,4,0
2025-02-26T10:00:00,3,18,14,2430,9721.0,3,0
2025-02-26T11:00:00,3,19,16,2433,4864.9,6,0
2025-02-26T12:00:00,3,23,17,2439,7316.0,4,0
2025-02-26T13:00:00,3,17,10,2446,5872.3,5,0
2025-02-26T14:00:00,3,15,12,2449,14693.8,2,0
2025-02-26T15:00:00,3,15,14,2450,4199.7,7,0
2025-02-26T16:00:00,3,16,9,2457,7371.3,4,0
2025-02-26T17:00:00,3,1,5,2453,4205.6,7,0
2025-02-26T18:00:00,3,2,1,2454,7363.6,4,0
2025-02-26T19:00:00,3,3,0,2457,3683.8,8,0
2025-02-26T20:00:00,3,6,5,2458,3687.8,8,0
2025-02-26T21:00:00,3,3,0,2461,4217.3,7,0
2025-02-26T22:00:00,3,2,0,2463,4924.0,6,0
2025-02-26T23:00:00,3,3,3,2463,9851.4,3,0
2025-02-27T00:00:00,3,0,0,2463,7387.4,4,0
2025-02-27T01:00:00,3,2,0,2465,4928.7,6,0
2025-02-27T02:00:00,3,6,8,2463,7390.8,4,0
2025-02-27T03:00:00,3,0,0,2463,5911.4,5,0
2025-02-27T04:00:00,3,4,1,2466,9865.1,3,0
2025-02-27T05:00:00,3,0,1,2465,7395.3,4,0
2025-02-27T06:00:00,3,7,3,2469,14813.1,2,0
2025-02-27T07:00:00,3,1,0,2470,4234.1,7,0
2025-02-27T08:00:00,3,1,4,2467,7399.2,4,0
2025-02-27T09:00:00,3,20,12,2475,4242.6,7,0
2025-02-27T10:00:00,3,16,13,2478,9913.6,3,0
2025-02-27T11:00:00,3,11,6,2483,9932.4,3,0
2025-02-27T12:00:00,3,18,12,2489,4268.8,7,0
2025-02-27T13:00:00,3,14,14,2489,4265.6,7,0
2025-02-27T14:00:00,3,20,17,2492,4273.3,7,0
2025-02-27T15:00:00,3,13,12,2493,3740.2,8,0
2025-02-27T16:00:00,3,16,11,2498,9993.1,3,0
2025-02-27T17:00:00,3,4,7,2495,14971.4,2,0
2025-02-27T18:00:00,3,8,6,2497,9987.1,3,0
2025-02-27T19:00:00,3,9,6,2500,7501.9,4,0
2025-02-27T20:00:00,3,6,3,2503,5007.3,6,0
2025-02-27T21:00:00,3,8,4,2507,5015.6,6,0
2025-02-27T22:00:00,3,7,4,2510,4303.1,7,0
2025-02-27T23:00:00,3,8,8,2510,15060.3,2,0
2025-02-28T00:00:00,3,4,1,2513,3771.4,8,0
2025-02-28T01:00:00,3,5,6,2512,15073.8,2,0
2025-02-28T02:00:00,3,2,0,2514,3772.3,8,0
2025-02-28T03:00:00,3,8,7,2515,6037.2,5,0
2025-02-28T04:00:00,3,6,5,2516,15096.1,2,0
2025-02-28T05:00:00,3,0,0,2516,4315.1,7,0
2025-02-28T06:00:00,3,0,0,2516,4312.0,7,0
2025-02-28T07:00:00,3,4,4,2516,15096.3,2,0
2025-02-28T08:00:00,3,0,0,2516,10065.1,3,0
2025-02-28T09:00:00,3,17,14,2519,7555.9,4,0
2025-02-28T10:00:00,3,12,6,2525,7575.3,4,0
2025-02-28T11:00:00,3,18,14,2529,15174.3,2,0
2025-02-28T12:00:00,3,8,7,2530,7588.4,4,0
2025-02-28T13:00:00,3,13,9,2534,10134.4,3,0
2025-02-28T14:00:00,3,14,10,2538,15227.8,2,0
2025-02-28T15:00:00,3,11,6,2543,7630.9,4,0
2025-02-28T16:00:00,3,13,10,2546,5092.6,6,0
2025-02-28T17:00:00,3,3,2,2547,7642.5,4,0
2025-02-28T18:00:00,3,4,3,2548,4368.0,7,0
2025-02-28T19:00:00,3,7,5,2550,15298.2,2,0
2025-02-28T20:00:00,3,0,3,2547,3820.6,8,0
2025-02-28T21:00:00,3,8,7,2548,4368.7,7,0
2025-02-28T22:00:00,3,6,7,2547,7642.9,4,0
2025-02-28T23:00:00,3,5,6,2546,4364.4,7,0
2025-03-01T00:00:00,3,0,5,2541,15247.5,2,0
2025-03-01T01:00:00,3,4,4,2541,4355.8,7,0
2025-03-01T02:00:00,3,2,0,2543,3815.8,8,0
2025-03-01T03:00:00,3,0,2,2541,10163.8,3,0
2025-03-01T04:00:00,3,8,6,2543,15258.6,2,0
2025-03-01T05:00:00,3,0,0,2543,4358.3,7,0
2025-03-01T06:00:00,3,2,1,2544,7631.3,4,0
2025-03-01T07:00:00,3,10,9,2545,7634.3,4,0
2025-03-01T08:00:00,3,3,5,2543,15257.5,2,0
2025-03-01T09:00:00,3,13,9,2547,7642.2,4,0
2025-03-01T10:00:00,3,13,12,2548,6113.4,5,0
2025-03-01T11:00:00,3,13,11,2550,4372.4,7,0
2025-03-01T12:00:00,3,22,15,2557,7669.8,4,0
2025-03-01T13:00:00,3,12,9,2560,3840.8,8,0
2025-03-01T14:00:00,3,19,13,2566,7698.8,4,0
2025-03-01T15:00:00,3,5,3,2568,7703.8,4,0
2025-03-01T16:00:00,3,16,14,2570,15419.6,2,0
2025-03-01T17:00:00,3,7,6,2571,10283.6,3,0
2025-03-01T18:00:00,3,5,1,2575,3861.2,8,0
2025-03-01T19:00:00,3,5,6,2574,5149.3,6,0
2025-03-01T20:00:00,3,5,3,2576,3866.0,8,0
2025-03-01T21:00:00,3,1,3,2574,15444.5,2,0
2025-03-01T22:00:00,3,7,2,2579,6188.3,5,0
2025-03-01T23:00:00,3,7,7,2579,10314.4,3,0
2025-03-02T00:00:00,3,3,0,2582,10328.7,3,0
2025-03-02T01:00:00,3,7,5,2584,10336.7,3,0
2025-03-02T02:00:00,3,3,1,2586,7757.9,4,0
2025-03-02T03:00:00,3,2,0,2588,5177.3,6,0
2025-03-02T04:00:00,3,3,3,2588,7765.3,4,0
2025-03-02T05:00:00,3,2,0,2590,15539.0,2,0
2025-03-02T06:00:00,3,5,3,2592,3886.4,8,0
2025-03-02T07:00:00,3,4,4,2592,10366.7,3,0
2025-03-02T08:00:00,3,2,0,2594,10377.8,3,0
2025-03-02T09:00:00,3,15,10,2599,6235.9,5,0
2025-03-02T10:00:00,3,12,11,2600,7799.9,4,0
2025-03-02T11:00:00,3,22,15,2607,4470.6,7,0
2025-03-02T12:00:00,3,14,9,2612,7836.3,4,0
2025-03-02T13:00:00,3,15,14,2613,3920.9,8,0
2025-03-02T14:00:00,3,14,13,2614,7840.5,4,0
2025-03-02T15:00:00,3,13,10,2617,15700.1,2,0
2025-03-02T16:00:00,3,11,6,2622,15733.2,2,0
2025-03-02T17:00:00,3,4,1,2625,7875.3,4,0
2025-03-02T18:00:00,3,0,0,2625,7876.2,4,0
2025-03-02T19:00:00,3,3,2,2626,15754.3,2,0
2025-03-02T20:00:00,3,5,0,2631,3947.9,8,0
2025-03-02T21:00:00,3,3,2,2632,4513.6,7,0
2025-03-02T22:00:00,3,4,4,2632,15790.3,2,0
2025-03-02T23:00:00,3,6,5,2633,3949.4,8,0
2025-03-03T00:00:00,3,2,0,2635,5271.9,6,0
2025-03-03T01:00:00,3,2,1,2636,10545.3,3,0
2025-03-03T02:00:00,3,0,2,2634,7901.4,4,0
2025-03-03T03:00:00,3,7,7,2634,4514.8,7,0
2025-03-03T04:00:00,3,3,3,2634,10537.0,3,0
2025-03-03T05:00:00,3,5,4,2635,4518.9,7,0
2025-03-03T06:00:00,3,2,1,2636,5272.3,6,0
2025-03-03T07:00:00,3,4,0,2640,10559.3,3,0
2025-03-03T08:00:00,3,7,4,2643,6344.7,5,0
2025-03-03T09:00:00,3,15,10,2648,3970.1,8,0
2025-03-03T10:00:00,3,13,11,2650,3975.0,8,0
2025-03-03T11:00:00,3,11,8,2653,5304.3,6,0
2025-03-03T12:00:00,3,16,12,2657,4552.9,7,0
2025-03-03T13:00:00,3,13,7,2663,3994.7,8,0
2025-03-03T14:00:00,3,15,12,2666,15994.2,2,0
2025-03-03T15:00:00,3,18,13,2671,6411.4,5,0
2025-03-03T16:00:00,3,15,11,2675,4011.1,8,0
2025-03-03T17:00:00,3,4,1,2678,6426.8,5,0
2025-03-03T18:00:00,3,6,2,2682,8044.1,4,0
2025-03-03T19:00:00,3,4,4,2682,4596.3,7,0
2025-03-03T20:00:00,3,9,9,2682,6436.1,5,0
2025-03-03T21:00:00,3,5,0,2687,8062.1,4,0
2025-03-03T22:00:00,3,0,0,2687,4031.1,8,0
2025-03-03T23:00:00,3,2,2,2687,5373.0,6,0
2025-03-04T00:00:00,3,5,4,2688,10753.8,3,0
2025-03-04T01:00:00,3,1,2,2687,4605.1,7,0
2025-03-04T02:00:00,3,4,4,2687,5372.9,6,0
2025-03-04T03:00:00,3,1,0,2688,16126.5,2,0
2025-03-04T04:00:00,3,2,1,2689,8068.8,4,0
2025-03-04T05:00:00,3,7,3,2693,5387.6,6,0
2025-03-04T06:00:00,3,6,6,2693,10771.0,3,0
2025-03-04T07:00:00,3,8,3,2698,4624.0,7,0
2025-03-04T08:00:00,3,5,5,2698,4047.0,8,0
2025-03-04T09:00:00,3,15,17,2696,8088.5,4,0
2025-03-04T10:00:00,3,15,9,2702,8106.4,4,0
2025-03-04T11:00:00,3,15,8,2709,5416.1,6,0
2025-03-04T12:00:00,3,15,13,2711,5421.0,6,0
2025-03-04T13:00:00,3,12,10,2713,6512.0,5,0
2025-03-04T14:00:00,3,16,12,2717,6519.9,5,0
2025-03-04T15:00:00,3,13,10,2720,4079.0,8,0
2025-03-04T16:00:00,3,15,11,2724,8171.4,4,0
2025-03-04T17:00:00,3,4,2,2726,8176.4,4,0
2025-03-04T18:00:00,3,7,7,2726,16354.4,2,0
2025-03-04T19:00:00,3,7,6,2727,4089.2,8,0
2025-03-04T20:00:00,3,0,3,2724,8171.7,4,0
2025-03-04T21:00:00,3,5,2,2727,8180.5,4,0
2025-03-04T22:00:00,3,4,7,2724,5448.1,6,0
2025-03-04T23:00:00,3,3,3,2724,5446.7,6,0
2025-03-05T00:00:00,3,5,3,2726,5452.1,6,0
2025-03-05T01:00:00,3,3,1,2728,4677.2,7,0
2025-03-05T02:00:00,3,0,0,2728,10910.3,3,0
2025-03-05T03:00:00,3,2,1,2729,4678.5,7,0
2025-03-05T04:00:00,3,4,0,2733,10932.8,3,0
2025-03-05T05:00:00,3,6,0,2739,10955.8,3,0
2025-03-05T06:00:00,3,4,0,2743,16456.6,2,0
2025-03-05T07:00:00,3,3,3,2743,5486.3,6,0
2025-03-05T08:00:00,3,5,3,2745,4707.4,7,0
2025-03-05T09:00:00,3,20,14,2751,16507.3,2,0
2025-03-05T10:00:00,3,15,9,2757,11028.2,3,0
2025-03-05T11:00:00,3,21,17,2761,11045.1,3,0
2025-03-05T12:00:00,3,16,11,2766,5533.9,6,0
2025-03-05T13:00:00,3,14,11,2769,8306.5,4,0
2025-03-05T14:00:00,3,8,5,2772,11086.0,3,0
2025-03-05T15:00:00,3,14,11,2775,5550.9,6,0
2025-03-05T16:00:00,3,15,14,2776,6661.0,5,0
2025-03-05T17:00:00,3,2,4,2774,11094.7,3,0
2025-03-05T18:00:00,3,0,4,2770,4748.0,7,0
2025-03-05T19:00:00,3,8,8,2770,16618.4,2,0
2025-03-05T20:00:00,3,8,8,2770,5539.7,6,0
2025-03-05T21:00:00,3,8,8,2770,4747.9,7,0
2025-03-05T22:00:00,3,3,5,2768,16609.7,2,0
2025-03-05T23:00:00,3,4,4,2768,5536.1,6,0
2025-03-06T00:00:00,3,0,0,2768,5535.7,6,0
2025-03-06T01:00:00,3,3,2,2769,4153.0,8,0
2025-03-06T02:00:00,3,8,7,2770,4155.0,8,0
2025-03-06T03:00:00,3,0,2,2768,8303.0,4,0
2025-03-06T04:00:00,3,2,1,2769,5537.7,6,0
2025-03-06T05:00:00,3,0,0,2769,4745.8,7,0
2025-03-06T06:00:00,3,3,1,2771,5541.4,6,0
2025-03-06T07:00:00,3,7,9,2769,6645.5,5,0
2025-03-06T08:00:00,3,2,4,2767,11069.0,3,0
2025-03-06T09:00:00,3,16,9,2774,4160.2,8,0
2025-03-06T10:00:00,3,18,16,2776,11105.2,3,0
2025-03-06T11:00:00,3,18,12,2782,11129.2,3,0
2025-03-06T12:00:00,3,10,5,2787,16723.3,2,0
2025-03-06T13:00:00,3,10,7,2790,4781.1,7,0
2025-03-06T14:00:00,3,13,8,2795,11180.8,3,0
2025-03-06T15:00:00,3,11,11,2795,8386.1,4,0
2025-03-06T16:00:00,3,14,10,2799,4197.1,8,0
2025-03-06T17:00:00,3,4,4,2799,8398.4,4,0
2025-03-06T18:00:00,3,0,3,2796,4195.1,8,0
2025-03-06T19:00:00,3,3,0,2799,8397.2,4,0
2025-03-06T20:00:00,3,0,3,2796,16775.0,2,0
2025-03-06T21:00:00,3,8,6,2798,6716.8,5,0
2025-03-06T22:00:00,3,6,3,2801,11203.1,3,0
2025-03-06T23:00:00,3,7,5,2803,6725.7,5,0
2025-03-07T00:00:00,3,1,1,2803,8408.4,4,0
2025-03-07T01:00:00,3,5,0,2808,4210.5,8,0
2025-03-07T02:00:00,3,4,3,2809,6740.9,5,0
2025-03-07T03:00:00,3,6,4,2811,8434.4,4,0
2025-03-07T04:00:00,3,0,0,2811,6747.7,5,0
2025-03-07T05:00:00,3,0,0,2811,8431.8,4,0
2025-03-07T06:00:00,3,2,0,2813,4820.4,7,0
2025-03-07T07:00:00,3,3,1,2815,11259.9,3,0
2025-03-07T08:00:00,3,3,4,2814,4219.8,8,0
2025-03-07T09:00:00,3,16,11,2819,8457.8,4,0
2025-03-07T10:00:00,3,10,6,2823,4234.8,8,0
2025-03-07T11:00:00,3,19,16,2826,16956.1,2,0
2025-03-07T12:00:00,3,11,7,2830,8491.4,4,0
2025-03-07T13:00:00,3,23,20,2833,4855.5,7,0
2025-03-07T14:00:00,3,18,13,2838,4255.8,8,0
2025-03-07T15:00:00,3,13,8,2843,8529.9,4,0
2025-03-07T16:00:00,3,15,15,2843,5687.2,6,0
2025-03-07T17:00:00,3,3,3,2843,6823.6,5,0
2025-03-07T18:00:00,3,2,3,2842,6821.5,5,0
2025-03-07T19:00:00,3,2,2,2842,5685.9,6,0
2025-03-07T20:00:00,3,2,0,2844,4267.9,8,0
2025-03-07T21:00:00,3,5,11,2838,5674.2,6,0
2025-03-07T22:00:00,3,6,5,2839,4257.8,8,0
2025-03-07T23:00:00,3,3,1,2841,8521.2,4,0
2025-03-08T00:00:00,3,6,3,2844,4264.8,8,0
2025-03-08T01:00:00,3,5,2,2847,17083.2,2,0
2025-03-08T02:00:00,3,2,1,2848,4883.8,7,0
2025-03-08T03:00:00,3,4,4,2848,8542.7,4,0
2025-03-08T04:00:00,3,2,3,2847,4882.0,7,0
2025-03-08T05:00:00,3,6,6,2847,4271.9,8,0
2025-03-08T06:00:00,3,5,2,2850,5701.1,6,0
2025-03-08T07:00:00,3,6,1,2855,6851.7,5,0
2025-03-08T08:00:00,3,5,5,2855,17131.2,2,0
2025-03-08T09:00:00,3,14,13,2856,8566.6,4,0
2025-03-08T10:00:00,3,14,12,2858,11431.3,3,0
2025-03-08T11:00:00,3,14,13,2859,8576.3,4,0
2025-03-08T12:00:00,3,11,8,2862,4907.1,7,0
2025-03-08T13:00:00,3,25,22,2865,5729.8,6,0
2025-03-08T14:00:00,3,15,9,2871,4920.6,7,0
2025-03-08T15:00:00,3,12,9,2874,6896.4,5,0
2025-03-08T16:00:00,3,17,14,2877,4933.1,7,0
2025-03-08T17:00:00,3,5,1,2881,11522.9,3,0
2025-03-08T18:00:00,3,3,3,2881,11523.7,3,0
2025-03-08T19:00:00,3,3,0,2884,11536.6,3,0
2025-03-08T20:00:00,3,0,0,2884,4943.4,7,0
2025-03-08T21:00:00,3,6,6,2884,5769.6,6,0
2025-03-08T22:00:00,3,5,6,2883,8648.6,4,0
2025-03-08T23:00:00,3,4,2,2885,6923.0,5,0
2025-03-09T00:00:00,3,0,2,2883,4943.7,7,0
2025-03-09T01:00:00,3,6,6,2883,4940.6,7,0
2025-03-09T02:00:00,3,7,7,2883,4940.9,7,0
2025-03-09T03:00:00,3,3,2,2884,5767.2,6,0
2025-03-09T04:00:00,3,1,0,2885,8654.1,4,0
2025-03-09T05:00:00,3,6,0,2891,4955.1,7,0
2025-03-09T06:00:00,3,5,4,2892,17353.0,2,0
2025-03-09T07:00:00,3,2,0,2894,8681.8,4,0
2025-03-09T08:00:00,3,6,3,2897,8691.3,4,0
2025-03-09T09:00:00,3,15,14,2898,4967.4,7,0
2025-03-09T10:00:00,3,16,14,2900,4348.4,8,0
2025-03-09T11:00:00,3,17,13,2904,4356.7,8,0
2025-03-09T12:00:00,3,9,9,2904,4357.2,8,0
2025-03-09T13:00:00,3,12,9,2907,17443.4,2,0
2025-03-09T14:00:00,3,14,11,2910,6985.7,5,0
2025-03-09T15:00:00,3,16,15,2911,6986.7,5,0
2025-03-09T16:00:00,3,14,12,2913,5825.7,6,0
2025-03-09T17:00:00,3,2,4,2911,5823.4,6,0
2025-03-09T18:00:00,3,9,8,2912,8736.2,4,0
2025-03-09T19:00:00,3,1,1,2912,17470.8,2,0
2025-03-09T20:00:00,3,0,0,2912,11647.5,3,0
2025-03-09T21:00:00,3,7,6,2913,4370.2,8,0
2025-03-09T22:00:00,3,1,1,2913,5827.2,6,0
2025-03-09T23:00:00,3,7,2,2918,8753.5,4,0
2025-03-10T00:00:00,3,9,10,2917,4998.7,7,0
2025-03-10T01:00:00,3,8,10,2915,5830.4,6,0
2025-03-10T02:00:00,3,7,5,2917,8750.1,4,0
2025-03-10T03:00:00,3,5,3,2919,5003.5,7,0
2025-03-10T04:00:00,3,0,2,2917,17502.5,2,0
2025-03-10T05:00:00,3,2,0,2919,4379.2,8,0
2025-03-10T06:00:00,3,6,2,2923,7013.3,5,0
2025-03-10T07:00:00,3,7,1,2929,11717.4,3,0
2025-03-10T08:00:00,3,7,5,2931,8792.0,4,0
2025-03-10T09:00:00,3,12,7,2936,17616.5,2,0
2025-03-10T10:00:00,3,19,15,2940,4410.6,8,0
2025-03-10T11:00:00,3,8,5,2943,7061.8,5,0
2025-03-10T12:00:00,3,15,15,2943,11773.8,3,0
2025-03-10T13:00:00,3,19,13,2949,4424.8,8,0
2025-03-10T14:00:00,3,13,12,2950,4426.1,8,0
2025-03-10T15:00:00,3,15,15,2950,4424.6,8,0
2025-03-10T16:00:00,3,12,5,2957,11826.6,3,0
2025-03-10T17:00:00,3,7,8,2956,4435.2,8,0
2025-03-10T18:00:00,3,0,0,2956,8869.7,4,0
2025-03-10T19:00:00,3,7,6,2957,8869.6,4,0
2025-03-10T20:00:00,3,2,1,2958,17749.7,2,0
2025-03-10T21:00:00,3,0,1,2957,7098.4,5,0
2025-03-10T22:00:00,3,7,4,2960,5075.9,7,0
2025-03-10T23:00:00,3,3,2,2961,17767.5,2,0
2025-03-11T00:00:00,3,7,1,2967,11868.0,3,0
2025-03-11T01:00:00,3,5,3,2969,8906.3,4,0
2025-03-11T02:00:00,3,9,7,2971,5093.1,7,0
2025-03-11T03:00:00,3,4,0,2975,11898.9,3,0
2025-03-11T04:00:00,3,4,5,2974,7139.6,5,0
2025-03-11T05:00:00,3,0,0,2974,5097.0,7,0
2025-03-11T06:00:00,3,8,6,2976,17854.4,2,0
2025-03-11T07:00:00,3,6,2,2980,17879.8,2,0
2025-03-11T08:00:00,3,0,0,2980,7152.6,5,0
2025-03-11T09:00:00,3,12,12,2980,5959.4,6,0
2025-03-11T10:00:00,3,8,4,2984,8952.7,4,0
2025-03-11T11:00:00,3,16,13,2987,5974.5,6,0
2025-03-11T12:00:00,3,11,9,2989,11954.4,3,0
2025-03-11T13:00:00,3,13,10,2992,8974.2,4,0
2025-03-11T14:00:00,3,13,14,2991,5983.9,6,0
2025-03-11T15:00:00,3,16,12,2995,5133.1,7,0
2025-03-11T16:00:00,3,16,12,2999,7199.4,5,0
2025-03-11T17:00:00,3,4,6,2997,7190.9,5,0
2025-03-11T18:00:00,3,0,2,2995,7189.8,5,0
2025-03-11T19:00:00,3,0,0,2995,11978.7,3,0
2025-03-11T20:00:00,3,3,6,2992,5983.1,6,0
2025-03-11T21:00:00,3,2,0,2994,5986.3,6,0
2025-03-11T22:00:00,3,5,1,2998,17987.8,2,0
2025-03-11T23:00:00,3,6,6,2998,7195.4,5,0
2025-03-12T00:00:00,3,10,9,2999,5140.1,7,0
2025-03-12T01:00:00,3,0,0,2999,8998.6,4,0
2025-03-12T02:00:00,3,5,6,2998,7197.1,5,0
2025-03-12T03:00:00,3,5,2,3001,7203.7,5,0
2025-03-12T04:00:00,3,1,0,3002,4503.0,8,0
2025-03-12T05:00:00,3,2,1,3003,12012.3,3,0
2025-03-12T06:00:00,3,8,4,3007,5155.9,7,0
2025-03-12T07:00:00,3,2,0,3009,12036.0,3,0
2025-03-12T08:00:00,3,7,4,3012,18071.0,2,0
2025-03-12T09:00:00,3,15,10,3017,18103.6,2,0
2025-03-12T10:00:00,3,19,15,3021,7252.1,5,0
2025-03-12T11:00:00,3,14,12,3023,18140.0,2,0
2025-03-12T12:00:00,3,11,10,3024,18142.5,2,0
2025-03-12T13:00:00,3,20,17,3027,7265.6,5,0
2025-03-12T14:00:00,3,10,8,3029,6058.6,6,0
2025-03-12T15:00:00,3,17,15,3031,9092.3,4,0
2025-03-12T16:00:00,3,12,9,3034,9103.4,4,0
2025-03-12T17:00:00,3,1,0,3035,9105.3,4,0
2025-03-12T18:00:00,3,4,3,3036,7285.3,5,0
2025-03-12T19:00:00,3,3,4,3035,18211.9,2,0
2025-03-12T20:00:00,3,0,0,3035,12138.8,3,0
2025-03-12T21:00:00,3,2,0,3037,9109.6,4,0
2025-03-12T22:00:00,3,0,0,3037,12146.4,3,0
2025-03-12T23:00:00,3,3,0,3040,18240.6,2,0
2025-03-13T00:00:00,3,3,0,3043,7302.1,5,0
2025-03-13T01:00:00,3,3,4,3042,7301.1,5,0
2025-03-13T02:00:00,3,4,3,3043,7305.2,5,0
2025-03-13T03:00:00,3,6,5,3044,6089.6,6,0
2025-03-13T04:00:00,3,4,2,3046,12185.5,3,0
2025-03-13T05:00:00,3,0,0,3046,18277.5,2,0
2025-03-13T06:00:00,3,0,0,3046,12185.0,3,0
2025-03-13T07:00:00,3,7,4,3049,5228.5,7,0
2025-03-13T08:00:00,3,3,1,3051,5228.6,7,0
2025-03-13T09:00:00,3,20,18,3053,6106.9,6,0
2025-03-13T10:00:00,3,13,8,3058,4586.4,8,0
2025-03-13T11:00:00,3,16,11,3063,9188.5,4,0
2025-03-13T12:00:00,3,16,11,3068,7362.0,5,0
2025-03-13T13:00:00,3,14,10,3072,18430.8,2,0
2025-03-13T14:00:00,3,15,10,3077,7384.2,5,0
2025-03-13T15:00:00,3,14,13,3078,6157.4,6,0
2025-03-13T16:00:00,3,17,11,3084,4627.7,8,0
2025-03-13T17:00:00,3,4,3,3085,9255.1,4,0
2025-03-13T18:00:00,3,4,3,3086,7405.1,5,0
2025-03-13T19:00:00,3,4,5,3085,7403.3,5,0
2025-03-13T20:00:00,3,0,3,3082,5282.6,7,0
2025-03-13T21:00:00,3,4,3,3083,5283.4,7,0
2025-03-13T22:00:00,3,0,0,3083,9250.9,4,0
2025-03-13T23:00:00,3,4,1,3086,6170.1,6,0
2025-03-14T00:00:00,3,2,4,3084,9252.2,4,0
2025-03-14T01:00:00,3,4,1,3087,18520.9,2,0
2025-03-14T02:00:00,3,4,2,3089,7415.4,5,0
2025-03-14T03:00:00,3,4,6,3087,9261.0,4,0
2025-03-14T04:00:00,3,7,3,3091,18546.8,2,0
2025-03-14T05:00:00,3,6,4,3093,12373.1,3,0
2025-03-14T06:00:00,3,2,3,3092,9277.2,4,0
2025-03-14T07:00:00,3,5,3,3094,6186.3,6,0
2025-03-14T08:00:00,3,3,4,3093,4640.6,8,0
2025-03-14T09:00:00,3,15,12,3096,18576.4,2,0
2025-03-14T10:00:00,3,12,6,3102,18613.5,2,0
2025-03-14T11:00:00,3,11,10,3103,4656.0,8,0
2025-03-14T12:00:00,3,12,10,3105,5321.2,7,0
2025-03-14T13:00:00,3,13,13,3105,9315.6,4,0
2025-03-14T14:00:00,3,14,9,3110,7465.5,5,0
2025-03-14T15:00:00,3,18,18,3110,5329.8,7,0
2025-03-14T16:00:00,3,14,11,3113,4670.4,8,0
2025-03-14T17:00:00,3,9,2,3120,9359.8,4,0
2025-03-14T18:00:00,3,3,5,3118,7481.9,5,0
2025-03-14T19:00:00,3,7,4,3121,12485.1,3,0
2025-03-14T20:00:00,3,3,0,3124,5355.6,7,0
2025-03-14T21:00:00,3,5,0,3129,12514.9,3,0
2025-03-14T22:00:00,3,5,6,3128,6256.8,6,0
2025-03-14T23:00:00,3,0,2,3126,7500.5,5,0
2025-03-15T00:00:00,3,0,1,3125,12500.5,3,0
2025-03-15T01:00:00,3,0,0,3125,5358.2,7,0
2025-03-15T02:00:00,3,1,0,3126,9379.4,4,0
2025-03-15T03:00:00,3,0,0,3126,12502.4,3,0
2025-03-15T04:00:00,3,4,3,3127,18760.0,2,0
2025-03-15T05:00:00,3,3,0,3130,6258.7,6,0
2025-03-15T06:00:00,3,6,4,3132,12527.4,3,0
2025-03-15T07:00:00,3,2,2,3132,7515.7,5,0
2025-03-15T08:00:00,3,0,0,3132,6264.5,6,0
2025-03-15T09:00:00,3,16,12,3136,18816.6,2,0
2025-03-15T10:00:00,3,16,13,3139,5381.6,7,0
2025-03-15T11:00:00,3,10,5,3144,18865.2,2,0
2025-03-15T12:00:00,3,12,8,3148,7556.1,5,0
2025-03-15T13:00:00,3,13,12,3149,18894.3,2,0
2025-03-15T14:00:00,3,15,12,3152,12606.6,3,0
2025-03-15T15:00:00,3,21,14,3159,18953.6,2,0
2025-03-15T16:00:00,3,16,11,3164,12656.8,3,0
2025-03-15T17:00:00,3,4,3,3165,6329.9,6,0
2025-03-15T18:00:00,3,7,9,3163,18978.0,2,0
2025-03-15T19:00:00,3,4,3,3164,9492.9,4,0
2025-03-15T20:00:00,3,5,5,3164,4745.9,8,0
2025-03-15T21:00:00,3,3,5,3162,6324.8,6,0
2025-03-15T22:00:00,3,7,7,3162,5422.0,7,0
2025-03-15T23:00:00,3,7,6,3163,4745.6,8,0
2025-03-16T00:00:00,3,9,8,3164,5425.0,7,0
2025-03-16T01:00:00,3,3,2,3165,4748.8,8,0
2025-03-16T02:00:00,3,0,1,3164,12657.8,3,0
2025-03-16T03:00:00,3,0,1,3163,12652.6,3,0
2025-03-16T04:00:00,3,5,1,3167,5428.6,7,0
2025-03-16T05:00:00,3,5,5,3167,6332.9,6,0
2025-03-16T06:00:00,3,8,9,3166,7599.6,5,0
2025-03-16T07:00:00,3,1,0,3167,6332.4,6,0
2025-03-16T08:00:00,3,5,4,3168,19008.8,2,0
2025-03-16T09:00:00,3,15,11,3172,6342.8,6,0
2025-03-16T10:00:00,3,14,8,3178,9532.3,4,0
2025-03-16T11:00:00,3,17,13,3182,19090.9,2,0
2025-03-16T12:00:00,3,14,9,3187,4781.0,8,0
2025-03-16T13:00:00,3,12,9,3190,5468.9,7,0
2025-03-16T14:00:00,3,11,9,3192,19151.7,2,0
2025-03-16T15:00:00,3,14,9,3197,4796.4,8,0
2025-03-16T16:00:00,3,10,9,3198,9594.3,4,0
2025-03-16T17:00:00,3,0,1,3197,7673.1,5,0
2025-03-16T18:00:00,3,6,5,3198,5481.4,7,0
2025-03-16T19:00:00,3,5,1,3202,4804.7,8,0
2025-03-16T20:00:00,3,5,1,3206,7692.4,5,0
2025-03-16T21:00:00,3,0,1,3205,6411.3,6,0
2025-03-16T22:00:00,3,1,1,3205,4808.5,8,0
2025-03-16T23:00:00,3,2,0,3207,5498.2,7,0
2025-03-17T00:00:00,3,2,0,3209,9626.8,4,0
2025-03-17T01:00:00,3,9,8,3210,9630.0,4,0
2025-03-17T02:00:00,3,7,12,3205,4806.1,8,0
2025-03-17T03:00:00,3,2,1,3206,7694.8,5,0
2025-03-17T04:00:00,3,3,1,3208,5497.9,7,0
2025-03-17T05:00:00,3,1,2,3207,12827.5,3,0
2025-03-17T06:00:00,3,2,0,3209,19255.0,2,0
2025-03-17T07:00:00,3,5,3,3211,6422.8,6,0
2025-03-17T08:00:00,3,2,3,3210,9629.5,4,0
2025-03-17T09:00:00,3,11,8,3213,6427.6,6,0
2025-03-17T10:00:00,3,14,13,3214,12856.5,3,0
2025-03-17T11:00:00,3,11,10,3215,12860.4,3,0
2025-03-17T12:00:00,3,14,9,3220,6440.2,6,0
2025-03-17T13:00:00,3,15,15,3220,6439.5,6,0
2025-03-17T14:00:00,3,14,12,3222,9665.2,4,0
2025-03-17T15:00:00,3,17,15,3224,9672.6,4,0
2025-03-17T16:00:00,3,11,7,3228,12912.0,3,0
2025-03-17T17:00:00,3,0,1,3227,4840.7,8,0
2025-03-17T18:00:00,3,1,2,3226,7741.0,5,0
2025-03-17T19:00:00,3,5,3,3228,5534.1,7,0
2025-03-17T20:00:00,3,6,6,3228,4843.0,8,0
2025-03-17T21:00:00,3,2,1,3229,7748.5,5,0
2025-03-17T22:00:00,3,1,0,3230,7751.9,5,0
2025-03-17T23:00:00,3,6,5,3231,4847.8,8,0
2025-03-18T00:00:00,3,3,2,3232,9697.5,4,0
2025-03-18T01:00:00,3,9,11,3230,6460.5,6,0
2025-03-18T02:00:00,3,2,3,3229,4844.0,8,0
2025-03-18T03:00:00,3,6,4,3231,7753.2,5,0
2025-03-18T04:00:00,3,4,3,3232,6465.5,6,0
2025-03-18T05:00:00,3,2,4,3230,6460.5,6,0
2025-03-18T06:00:00,3,7,6,3231,5540.4,7,0
2025-03-18T07:00:00,3,5,5,3231,9692.4,4,0
2025-03-18T08:00:00,3,5,3,3233,5540.4,7,0
2025-03-18T09:00:00,3,10,5,3238,5549.9,7,0
2025-03-18T10:00:00,3,15,8,3245,4867.7,8,0
2025-03-18T11:00:00,3,11,8,3248,12991.0,3,0
2025-03-18T12:00:00,3,13,6,3255,9765.8,4,0
2025-03-18T13:00:00,3,16,13,3258,6514.2,6,0
2025-03-18T14:00:00,3,15,8,3265,19591.9,2,0
2025-03-18T15:00:00,3,14,11,3268,6535.3,6,0
2025-03-18T16:00:00,3,16,13,3271,4905.0,8,0
2025-03-18T17:00:00,3,6,8,3269,13076.0,3,0
2025-03-18T18:00:00,3,1,0,3270,19620.2,2,0
2025-03-18T19:00:00,3,4,3,3271,5606.7,7,0
2025-03-18T20:00:00,3,1,2,3270,6539.4,6,0
2025-03-18T21:00:00,3,10,7,3273,9820.4,4,0
2025-03-18T22:00:00,3,3,1,3275,13099.8,3,0
2025-03-18T23:00:00,3,1,0,3276,13104.3,3,0
2025-03-19T00:00:00,3,4,4,3276,13102.6,3,0
2025-03-19T01:00:00,3,1,0,3277,5619.0,7,0
2025-03-19T02:00:00,3,1,0,3278,5621.0,7,0
2025-03-19T03:00:00,3,5,5,3278,9833.7,4,0
2025-03-19T04:00:00,3,0,0,3278,4915.8,8,0
2025-03-19T05:00:00,3,5,4,3279,9835.2,4,0
2025-03-19T06:00:00,3,4,2,3281,13124.7,3,0
2025-03-19T07:00:00,3,4,2,3283,7877.8,5,0
2025-03-19T08:00:00,3,2,1,3284,4925.2,8,0
2025-03-19T09:00:00,3,14,9,3289,5637.2,7,0
2025-03-19T10:00:00,3,23,19,3293,9880.3,4,0
2025-03-19T11:00:00,3,16,10,3299,5656.0,7,0
2025-03-19T12:00:00,3,18,14,3303,19817.7,2,0
2025-03-19T13:00:00,3,20,15,3308,13231.0,3,0
2025-03-19T14:00:00,3,12,9,3311,13245.9,3,0
2025-03-19T15:00:00,3,10,6,3315,7956.1,5,0
2025-03-19T16:00:00,3,15,10,3320,7969.1,5,0
2025-03-19T17:00:00,3,4,3,3321,5691.5,7,0
2025-03-19T18:00:00,3,7,4,3324,6648.4,6,0
2025-03-19T19:00:00,3,3,0,3327,7983.3,5,0
2025-03-19T20:00:00,3,1,0,3328,4991.7,8,0
2025-03-19T21:00:00,3,3,0,3331,13323.2,3,0
2025-03-19T22:00:00,3,5,5,3331,6661.7,6,0
2025-03-19T23:00:00,3,6,4,3333,6666.5,6,0
2025-03-20T00:00:00,3,8,2,3339,10016.6,4,0
2025-03-20T01:00:00,3,4,6,3337,5007.0,8,0
2025-03-20T02:00:00,3,0,0,3337,13349.7,3,0
2025-03-20T03:00:00,3,1,0,3338,20027.1,2,0
2025-03-20T04:00:00,3,1,0,3339,8011.7,5,0
2025-03-20T05:00:00,3,1,0,3340,5011.9,8,0
2025-03-20T06:00:00,3,2,4,3338,13351.9,3,0
2025-03-20T07:00:00,3,5,5,3338,5721.0,7,0
2025-03-20T08:00:00,3,2,1,3339,5006.6,8,0
2025-03-20T09:00:00,3,16,11,3344,5014.3,8,0
2025-03-20T10:00:00,3,10,9,3345,5016.1,8,0
2025-03-20T11:00:00,3,20,17,3348,5020.4,8,0
2025-03-20T12:00:00,3,10,6,3352,10055.2,4,0
2025-03-20T13:00:00,3,12,8,3356,5753.9,7,0
2025-03-20T14:00:00,3,13,10,3359,10077.1,4,0
2025-03-20T15:00:00,3,15,9,3365,5767.3,7,0
2025-03-20T16:00:00,3,16,13,3368,5053.1,8,0
2025-03-20T17:00:00,3,4,3,3369,5777.0,7,0
2025-03-20T18:00:00,3,3,3,3369,20215.0,2,0
2025-03-20T19:00:00,3,10,10,3369,13477.3,3,0
2025-03-20T20:00:00,3,5,3,3371,5056.6,8,0
2025-03-20T21:00:00,3,0,1,3370,5056.3,8,0
2025-03-20T22:00:00,3,1,1,3370,10109.3,4,0
2025-03-20T23:00:00,3,6,3,3373,20240.0,2,0
2025-03-21T00:00:00,3,6,3,3376,5788.0,7,0
2025-03-21T01:00:00,3,1,2,3375,20249.5,2,0
2025-03-21T02:00:00,3,6,4,3377,6753.1,6,0
2025-03-21T03:00:00,3,3,3,3377,5063.6,8,0
2025-03-21T04:00:00,3,3,1,3379,10136.2,4,0
2025-03-21T05:00:00,3,5,5,3379,6758.8,6,0
2025-03-21T06:00:00,3,5,4,3380,5795.9,7,0
2025-03-21T07:00:00,3,5,0,3385,5077.3,8,0
2025-03-21T08:00:00,3,5,6,3384,5800.9,7,0
2025-03-21T09:00:00,3,14,8,3390,13561.1,3,0
2025-03-21T10:00:00,3,16,16,3390,13560.9,3,0
2025-03-21T11:00:00,3,14,10,3394,8145.2,5,0
2025-03-21T12:00:00,3,12,11,3395,10186.3,4,0
2025-03-21T13:00:00,3,11,7,3399,20394.7,2,0
2025-03-21T14:00:00,3,9,6,3402,5102.3,8,0
2025-03-21T15:00:00,3,19,14,3407,13626.3,3,0
2025-03-21T16:00:00,3,16,10,3413,6827.9,6,0
2025-03-21T17:00:00,3,9,6,3416,6830.5,6,0
2025-03-21T18:00:00,3,2,3,3415,8197.4,5,0
2025-03-21T19:00:00,3,8,8,3415,10244.1,4,0
2025-03-21T20:00:00,3,5,4,3416,5855.5,7,0
2025-03-21T21:00:00,3,3,2,3417,6834.0,6,0
2025-03-21T22:00:00,3,4,2,3419,13676.0,3,0
2025-03-21T23:00:00,3,0,0,3419,10256.0,4,0
2025-03-22T00:00:00,3,0,2,3417,20502.4,2,0
2025-03-22T01:00:00,3,4,5,3416,8197.6,5,0
2025-03-22T02:00:00,3,7,4,3419,5130.0,8,0
2025-03-22T03:00:00,3,3,1,3421,8209.5,5,0
2025-03-22T04:00:00,3,7,7,3421,10261.0,4,0
2025-03-22T05:00:00,3,7,1,3427,5875.5,7,0
2025-03-22T06:00:00,3,8,3,3432,13728.1,3,0
2025-03-22T07:00:00,3,3,2,3433,8240.2,5,0
2025-03-22T08:00:00,3,6,6,3433,13731.3,3,0
2025-03-22T09:00:00,3,16,15,3434,20602.5,2,0
2025-03-22T10:00:00,3,19,13,3440,10319.2,4,0
2025-03-22T11:00:00,3,13,9,3444,5166.6,8,0
2025-03-22T12:00:00,3,13,9,3448,10344.1,4,0
2025-03-22T13:00:00,3,14,11,3451,5914.4,7,0
2025-03-22T14:00:00,3,13,11,3453,13813.2,3,0
2025-03-22T15:00:00,3,18,15,3456,10366.3,4,0
2025-03-22T16:00:00,3,14,8,3462,20770.2,2,0
2025-03-22T17:00:00,3,5,5,3462,13849.6,3,0
2025-03-22T18:00:00,3,2,2,3462,6924.1,6,0
2025-03-22T19:00:00,3,5,4,3463,6927.6,6,0
2025-03-22T20:00:00,3,7,6,3464,20785.0,2,0
2025-03-22T21:00:00,3,3,3,3464,5939.2,7,0
2025-03-22T22:00:00,3,9,5,3468,8322.8,5,0
2025-03-22T23:00:00,3,3,0,3471,5951.5,7,0
2025-03-23T00:00:00,3,1,0,3472,8334.0,5,0
2025-03-23T01:00:00,3,1,0,3473,6945.5,6,0
2025-03-23T02:00:00,3,0,0,3473,6945.6,6,0
2025-03-23T03:00:00,3,3,0,3476,5958.6,7,0
2025-03-23T04:00:00,3,6,6,3476,8344.2,5,0
2025-03-23T05:00:00,3,0,1,3475,20848.0,2,0
2025-03-23T06:00:00,3,2,0,3477,8344.2,5,0
2025-03-23T07:00:00,3,2,2,3477,20863.2,2,0
2025-03-23T08:00:00,3,6,3,3480,13919.3,3,0
2025-03-23T09:00:00,3,17,14,3483,13933.0,3,0
2025-03-23T10:00:00,3,16,12,3487,5976.1,7,0
2025-03-23T11:00:00,3,11,13,3485,8365.6,5,0
2025-03-23T12:00:00,3,19,13,3491,20947.8,2,0
2025-03-23T13:00:00,3,14,10,3495,6988.8,6,0
2025-03-23T14:00:00,3,15,9,3501,7003.6,6,0
2025-03-23T15:00:00,3,14,11,3504,8410.4,5,0
2025-03-23T16:00:00,3,8,4,3508,7017.3,6,0
2025-03-23T17:00:00,3,6,2,3512,21071.6,2,0
2025-03-23T18:00:00,3,5,4,3513,14052.9,3,0
2025-03-23T19:00:00,3,1,4,3510,8422.6,5,0
2025-03-23T20:00:00,3,3,2,3511,7022.5,6,0
2025-03-23T21:00:00,3,6,5,3512,21070.1,2,0
2025-03-23T22:00:00,3,0,0,3512,14048.8,3,0
2025-03-23T23:00:00,3,0,0,3512,7025.6,6,0
2025-03-24T00:00:00,3,0,0,3512,14049.5,3,0
2025-03-24T01:00:00,3,0,0,3512,8428.9,5,0
2025-03-24T02:00:00,3,6,3,3515,14060.1,3,0
2025-03-24T03:00:00,3,5,3,3517,8438.9,5,0
2025-03-24T04:00:00,3,0,0,3517,10550.9,4,0
2025-03-24T05:00:00,3,1,5,3513,7025.4,6,0
2025-03-24T06:00:00,3,1,0,3514,7027.0,6,0
2025-03-24T07:00:00,3,0,0,3514,6023.5,7,0
2025-03-24T08:00:00,3,0,0,3514,7027.9,6,0
2025-03-24T09:00:00,3,11,7,3518,14071.7,3,0
2025-03-24T10:00:00,3,6,3,3521,14085.8,3,0
2025-03-24T11:00:00,3,13,11,3523,21137.6,2,0
2025-03-24T12:00:00,3,19,15,3527,10580.5,4,0
2025-03-24T13:00:00,3,18,14,3531,5296.5,8,0
2025-03-24T14:00:00,3,22,19,3534,10600.9,4,0
2025-03-24T15:00:00,3,16,13,3537,5305.9,8,0
2025-03-24T16:00:00,3,13,10,3540,7079.3,6,0
2025-03-24T17:00:00,3,0,0,3540,21238.6,2,0
2025-03-24T18:00:00,3,2,2,3540,8497.3,5,0
2025-03-24T19:00:00,3,5,3,3542,21250.1,2,0
2025-03-24T20:00:00,3,8,6,3544,8504.4,5,0
2025-03-24T21:00:00,3,4,5,3543,5316.3,8,0
2025-03-24T22:00:00,3,2,1,3544,21263.0,2,0
2025-03-24T23:00:00,3,4,4,3544,10632.5,4,0
2025-03-25T00:00:00,3,1,0,3545,21268.6,2,0
2025-03-25T01:00:00,3,2,1,3546,7092.4,6,0
2025-03-25T02:00:00,3,9,7,3548,10645.5,4,0
2025-03-25T03:00:00,3,7,2,3553,21319.6,2,0
2025-03-25T04:00:00,3,6,6,3553,7104.6,6,0
2025-03-25T05:00:00,3,7,6,3554,7108.6,6,0
2025-03-25T06:00:00,3,2,3,3553,10659.6,4,0
2025-03-25T07:00:00,3,4,0,3557,21343.6,2,0
2025-01-01T00:00:00,4,9,5,10,17.6,7,26
2025-01-01T01:00:00,4,3,6,7,13.8,7,28
2025-01-01T02:00:00,4,1,6,2,4.5,8,30
2025-01-01T03:00:00,4,0,0,2,4.8,7,30
2025-01-01T04:00:00,4,2,1,3,18.5,2,29
2025-01-01T05:00:00,4,9,6,6,10.5,6,28
2025-01-01T06:00:00,4,9,8,7,27.3,3,28
2025-01-01T07:00:00,4,0,1,6,12.6,5,28
2025-01-01T08:00:00,4,9,6,9,55.3,2,27
2025-01-01T09:00:00,4,16,13,12,73.7,2,26
2025-01-01T10:00:00,4,15,9,18,27.6,8,23
2025-01-01T11:00:00,4,13,6,25,51.0,6,20
2025-01-01T12:00:00,4,11,8,28,111.5,3,19
2025-01-01T13:00:00,4,17,12,33,132.7,3,17
2025-01-01T14:00:00,4,11,7,37,89.1,5,16
2025-01-01T15:00:00,4,9,5,41,80.2,6,14
2025-01-01T16:00:00,4,14,6,49,75.2,8,11
2025-01-01T17:00:00,4,8,7,50,75.0,8,10
2025-01-01T18:00:00,4,4,2,52,123.4,5,10
2025-01-01T19:00:00,4,4,0,56,94.3,7,8
2025-01-01T20:00:00,4,2,0,58,85.4,8,7
2025-01-01T21:00:00,4,5,1,62,187.2,4,6
2025-01-01T22:00:00,4,5,4,63,188.8,4,5
2025-01-01T23:00:00,4,1,0,64,385.4,2,5
2025-01-02T00:00:00,4,0,1,63,252.2,3,5
2025-01-02T01:00:00,4,3,4,62,187.5,4,6
2025-01-02T02:00:00,4,3,1,64,97.3,8,5
2025-01-02T03:00:00,4,6,6,64,192.2,4,5
2025-01-02T04:00:00,4,5,4,65,194.7,4,4
2025-01-02T05:00:00,4,3,3,65,95.7,8,4
2025-01-02T06:00:00,4,0,0,65,112.7,7,4
2025-01-02T07:00:00,4,2,0,67,112.9,7,4
2025-01-02T08:00:00,4,0,0,67,199.4,4,4
2025-01-02T09:00:00,4,17,15,69,117.7,7,3
2025-01-02T10:00:00,4,17,15,71,425.3,2,2
2025-01-02T11:00:00,4,17,17,71,212.5,4,2
2025-01-02T12:00:00,4,11,9,73,110.7,8,1
2025-01-02T13:00:00,4,14,14,73,439.5,2,1
2025-01-02T14:00:00,4,16,12,77,183.1,5,0
2025-01-02T15:00:00,4,15,11,81,119.8,8,0
2025-01-02T16:00:00,4,18,15,84,126.0,8,0
2025-01-02T17:00:00,4,1,2,83,125.0,8,0
2025-01-02T18:00:00,4,2,3,82,195.5,5,0
2025-01-02T19:00:00,4,1,0,83,331.4,3,0
2025-01-02T20:00:00,4,4,5,82,140.4,7,0
2025-01-02T21:00:00,4,5,2,85,205.1,5,0
2025-01-02T22:00:00,4,3,1,87,130.4,8,0
2025-01-02T23:00:00,4,3,1,89,176.8,6,0
2025-01-03T00:00:00,4,2,2,89,267.3,4,0
2025-01-03T01:00:00,4,6,7,88,528.7,2,0
2025-01-03T02:00:00,4,8,5,91,180.2,6,0
2025-01-03T03:00:00,4,2,3,90,539.2,2,0
2025-01-03T04:00:00,4,3,0,93,559.6,2,0
2025-01-03T05:00:00,4,0,0,93,224.5,5,0
2025-01-03T06:00:00,4,3,2,94,140.2,8,0
2025-01-03T07:00:00,4,4,3,95,569.7,2,0
2025-01-03T08:00:00,4,9,9,95,379.3,3,0
2025-01-03T09:00:00,4,12,13,94,563.9,2,0
2025-01-03T10:00:00,4,11,9,96,191.7,6,0
2025-01-03T11:00:00,4,15,12,99,592.4,2,0
2025-01-03T12:00:00,4,13,8,104,249.7,5,0
2025-01-03T13:00:00,4,12,6,110,439.3,3,0
2025-01-03T14:00:00,4,13,11,112,166.9,8,0
2025-01-03T15:00:00,4,15,11,116,463.5,3,0
2025-01-03T16:00:00,4,17,8,125,250.0,6,0
2025-01-03T17:00:00,4,4,7,122,732.8,2,0
2025-01-03T18:00:00,4,0,0,122,732.2,2,0
2025-01-03T19:00:00,4,10,2,130,388.2,4,0
2025-01-03T20:00:00,4,2,0,132,530.0,3,0
2025-01-03T21:00:00,4,0,0,132,199.6,8,0
2025-01-03T22:00:00,4,0,0,132,394.1,4,0
2025-01-03T23:00:00,4,6,3,135,230.3,7,0
2025-01-04T00:00:00,4,2,2,135,271.1,6,0
2025-01-04T01:00:00,4,1,0,136,816.6,2,0
2025-01-04T02:00:00,4,3,4,135,539.2,3,0
2025-01-04T03:00:00,4,5,5,135,271.6,6,0
2025-01-04T04:00:00,4,9,7,137,206.5,8,0
2025-01-04T05:00:00,4,3,1,139,334.7,5,0
2025-01-04T06:00:00,4,3,0,142,567.7,3,0
2025-01-04T07:00:00,4,6,3,145,869.1,2,0
2025-01-04T08:00:00,4,3,2,146,293.3,6,0
2025-01-04T09:00:00,4,19,14,151,453.6,4,0
2025-01-04T10:00:00,4,15,12,154,370.8,5,0
2025-01-04T11:00:00,4,15,10,159,477.3,4,0
2025-01-04T12:00:00,4,20,16,163,278.7,7,0
2025-01-04T13:00:00,4,16,13,166,996.8,2,0
2025-01-04T14:00:00,4,15,13,168,337.4,6,0
2025-01-04T15:00:00,4,14,9,173,416.2,5,0
2025-01-04T16:00:00,4,14,12,175,263.8,8,0
2025-01-04T17:00:00,4,4,3,176,300.4,7,0
2025-01-04T18:00:00,4,3,3,176,303.3,7,0
2025-01-04T19:00:00,4,3,0,179,267.7,8,0
2025-01-04T20:00:00,4,1,1,179,538.0,4,0
2025-01-04T21:00:00,4,4,4,179,536.9,4,0
2025-01-04T22:00:00,4,6,4,181,433.5,5,0
2025-01-04T23:00:00,4,2,0,183,440.4,5,0
2025-01-05T00:00:00,4,4,2,185,739.1,3,0
2025-01-05T01:00:00,4,9,6,188,281.3,8,0
2025-01-05T02:00:00,4,5,5,188,1127.7,2,0
2025-01-05T03:00:00,4,6,1,193,463.1,5,0
2025-01-05T04:00:00,4,7,5,195,780.3,3,0
2025-01-05T05:00:00,4,8,5,198,339.9,7,0
2025-01-05T06:00:00,4,4,6,196,294.4,8,0
2025-01-05T07:00:00,4,4,6,194,1165.1,2,0
2025-01-05T08:00:00,4,1,1,194,776.7,3,0
2025-01-05T09:00:00,4,9,8,195,1172.0,2,0
2025-01-05T10:00:00,4,12,13,194,331.6,7,0
2025-01-05T11:00:00,4,12,12,194,581.6,4,0
2025-01-05T12:00:00,4,15,12,197,295.8,8,0
2025-01-05T13:00:00,4,13,10,200,298.9,8,0
2025-01-05T14:00:00,4,16,14,202,301.5,8,0
2025-01-05T15:00:00,4,13,10,205,411.4,6,0
2025-01-05T16:00:00,4,18,14,209,628.3,4,0
2025-01-05T17:00:00,4,5,4,210,361.3,7,0
2025-01-05T18:00:00,4,5,1,214,365.0,7,0
2025-01-05T19:00:00,4,0,3,211,423.1,6,0
2025-01-05T20:00:00,4,0,0,211,423.7,6,0
2025-01-05T21:00:00,4,4,0,215,367.6,7,0
2025-01-05T22:00:00,4,5,6,214,856.3,3,0
2025-01-05T23:00:00,4,2,2,214,367.4,7,0
2025-01-06T00:00:00,4,4,2,216,324.8,8,0
2025-01-06T01:00:00,4,4,3,217,371.4,7,0
2025-01-06T02:00:00,4,7,2,222,332.7,8,0
2025-01-06T03:00:00,4,0,1,221,531.5,5,0
2025-01-06T04:00:00,4,2,2,221,530.9,5,0
2025-01-06T05:00:00,4,2,2,221,1326.9,2,0
2025-01-06T06:00:00,4,5,2,224,384.9,7,0
2025-01-06T07:00:00,4,6,7,223,447.1,6,0
2025-01-06T08:00:00,4,8,5,226,387.1,7,0
2025-01-06T09:00:00,4,14,10,230,1379.8,2,0
2025-01-06T10:00:00,4,10,10,230,691.2,4,0
2025-01-06T11:00:00,4,11,5,236,405.5,7,0
2025-01-06T12:00:00,4,16,10,242,579.1,5,0
2025-01-06T13:00:00,4,9,2,249,995.3,3,0
2025-01-06T14:00:00,4,17,14,252,379.7,8,0
2025-01-06T15:00:00,4,14,9,257,772.1,4,0
2025-01-06T16:00:00,4,14,10,261,783.0,4,0
2025-01-06T17:00:00,4,5,3,263,1577.6,2,0
2025-01-06T18:00:00,4,3,3,263,526.6,6,0
2025-01-06T19:00:00,4,10,8,265,635.6,5,0
2025-01-06T20:00:00,4,4,1,268,1607.0,2,0
2025-01-06T21:00:00,4,2,3,267,1066.9,3,0
2025-01-06T22:00:00,4,4,5,266,455.7,7,0
2025-01-06T23:00:00,4,7,3,270,1081.0,3,0
2025-01-07T00:00:00,4,4,2,272,545.7,6,0
2025-01-07T01:00:00,4,1,0,273,546.6,6,0
2025-01-07T02:00:00,4,6,9,270,1079.5,3,0
2025-01-07T03:00:00,4,4,0,274,549.1,6,0
2025-01-07T04:00:00,4,0,0,274,655.8,5,0
2025-01-07T05:00:00,4,1,0,275,1099.4,3,0
2025-01-07T06:00:00,4,4,3,276,550.6,6,0
2025-01-07T07:00:00,4,5,1,280,418.7,8,0
2025-01-07T08:00:00,4,4,3,281,483.1,7,0
2025-01-07T09:00:00,4,15,13,283,849.1,4,0
2025-01-07T10:00:00,4,10,8,285,429.2,8,0
2025-01-07T11:00:00,4,21,18,288,692.5,5,0
2025-01-07T12:00:00,4,14,9,293,585.0,6,0
2025-01-07T13:00:00,4,16,11,298,447.9,8,0
2025-01-07T14:00:00,4,14,9,303,517.5,7,0
2025-01-07T15:00:00,4,17,16,304,454.4,8,0
2025-01-07T16:00:00,4,21,16,309,530.4,7,0
2025-01-07T17:00:00,4,2,0,311,465.4,8,0
2025-01-07T18:00:00,4,4,3,312,934.3,4,0
2025-01-07T19:00:00,4,7,5,314,755.0,5,0
2025-01-07T20:00:00,4,3,3,314,1885.6,2,0
2025-01-07T21:00:00,4,3,3,314,629.5,6,0
2025-01-07T22:00:00,4,5,5,314,538.5,7,0
2025-01-07T23:00:00,4,5,0,319,548.0,7,0
2025-01-08T00:00:00,4,0,0,319,766.9,5,0
2025-01-08T01:00:00,4,0,0,319,1915.9,2,0
2025-01-08T02:00:00,4,0,2,317,762.7,5,0
2025-01-08T03:00:00,4,1,1,317,760.7,5,0
2025-01-08T04:00:00,4,3,2,318,475.7,8,0
2025-01-08T05:00:00,4,4,0,322,642.7,6,0
2025-01-08T06:00:00,4,7,6,323,555.0,7,0
2025-01-08T07:00:00,4,2,0,325,651.3,6,0
2025-01-08T08:00:00,4,2,0,327,784.3,5,0
2025-01-08T09:00:00,4,15,9,333,1996.8,2,0
2025-01-08T10:00:00,4,18,15,336,2015.0,2,0
2025-01-08T11:00:00,4,13,11,338,675.9,6,0
2025-01-08T12:00:00,4,13,13,338,507.2,8,0
2025-01-08T13:00:00,4,15,15,338,2026.1,2,0
2025-01-08T14:00:00,4,16,10,344,689.2,6,0
2025-01-08T15:00:00,4,17,14,347,1386.9,3,0
2025-01-08T16:00:00,4,14,12,349,2095.3,2,0
2025-01-08T17:00:00,4,0,0,349,1394.9,3,0
2025-01-08T18:00:00,4,8,4,353,1411.0,3,0
2025-01-08T19:00:00,4,5,7,351,842.5,5,0
2025-01-08T20:00:00,4,11,11,351,526.9,8,0
2025-01-08T21:00:00,4,3,6,348,1393.4,3,0
2025-01-08T22:00:00,4,2,0,350,701.7,6,0
2025-01-08T23:00:00,4,7,3,354,532.3,8,0
2025-01-09T00:00:00,4,1,2,353,847.1,5,0
2025-01-09T01:00:00,4,0,0,353,530.7,8,0
2025-01-09T02:00:00,4,3,1,355,1066.8,4,0
2025-01-09T03:00:00,4,6,5,356,853.0,5,0
2025-01-09T04:00:00,4,2,0,358,1075.9,4,0
2025-01-09T05:00:00,4,0,0,358,2149.7,2,0
2025-01-09T06:00:00,4,6,3,361,868.2,5,0
2025-01-09T07:00:00,4,1,0,362,1084.6,4,0
2025-01-09T08:00:00,4,0,1,361,866.5,5,0
2025-01-09T09:00:00,4,18,14,365,2189.2,2,0
2025-01-09T10:00:00,4,12,8,369,738.8,6,0
2025-01-09T11:00:00,4,17,13,373,747.4,6,0
2025-01-09T12:00:00,4,15,12,376,1503.4,3,0
2025-01-09T13:00:00,4,17,13,380,1141.5,4,0
2025-01-09T14:00:00,4,18,15,383,1532.7,3,0
2025-01-09T15:00:00,4,17,15,385,1156.6,4,0
2025-01-09T16:00:00,4,12,11,386,925.9,5,0
2025-01-09T17:00:00,4,8,8,386,660.6,7,0
2025-01-09T18:00:00,4,4,2,388,2326.2,2,0
2025-01-09T19:00:00,4,0,0,388,929.8,5,0
2025-01-09T20:00:00,4,6,6,388,1162.9,4,0
2025-01-09T21:00:00,4,4,4,388,667.0,7,0
2025-01-09T22:00:00,4,2,4,386,580.1,8,0
2025-01-09T23:00:00,4,3,1,388,666.1,7,0
2025-01-10T00:00:00,4,4,3,389,1165.8,4,0
2025-01-10T01:00:00,4,6,7,388,2326.5,2,0
2025-01-10T02:00:00,4,4,3,389,582.4,8,0
2025-01-10T03:00:00,4,3,3,389,2333.4,2,0
2025-01-10T04:00:00,4,1,0,390,1168.4,4,0
2025-01-10T05:00:00,4,5,2,393,1179.8,4,0
2025-01-10T06:00:00,4,3,6,390,1561.6,3,0
2025-01-10T07:00:00,4,2,4,388,583.8,8,0
2025-01-10T08:00:00,4,9,6,391,939.8,5,0
2025-01-10T09:00:00,4,17,14,394,944.2,5,0
2025-01-10T10:00:00,4,11,7,398,680.7,7,0
2025-01-10T11:00:00,4,15,12,401,1605.3,3,0
2025-01-10T12:00:00,4,8,3,406,972.4,5,0
2025-01-10T13:00:00,4,16,11,411,823.1,6,0
2025-01-10T14:00:00,4,15,8,418,628.1,8,0
2025-01-10T15:00:00,4,18,12,424,1271.8,4,0
2025-01-10T16:00:00,4,12,11,425,2550.1,2,0
2025-01-10T17:00:00,4,1,2,424,1270.6,4,0
2025-01-10T18:00:00,4,3,5,422,634.7,8,0
2025-01-10T19:00:00,4,0,2,420,2520.3,2,0
2025-01-10T20:00:00,4,5,1,424,1018.9,5,0
2025-01-10T21:00:00,4,3,0,427,731.6,7,0
2025-01-10T22:00:00,4,7,7,427,1026.5,5,0
2025-01-10T23:00:00,4,0,2,425,1275.7,4,0
2025-01-11T00:00:00,4,4,5,424,2544.6,2,0
2025-01-11T01:00:00,4,5,2,427,1280.2,4,0
2025-01-11T02:00:00,4,0,0,427,1026.8,5,0
2025-01-11T03:00:00,4,1,1,427,855.4,6,0
2025-01-11T04:00:00,4,1,0,428,641.9,8,0
2025-01-11T05:00:00,4,3,0,431,740.1,7,0
2025-01-11T06:00:00,4,0,0,431,861.0,6,0
2025-01-11T07:00:00,4,0,0,431,739.4,7,0
2025-01-11T08:00:00,4,4,4,431,740.2,7,0
2025-01-11T09:00:00,4,8,4,435,868.1,6,0
2025-01-11T10:00:00,4,19,16,438,752.4,7,0
2025-01-11T11:00:00,4,15,11,442,1326.1,4,0
2025-01-11T12:00:00,4,15,12,445,2670.7,2,0
2025-01-11T13:00:00,4,15,14,446,2677.4,2,0
2025-01-11T14:00:00,4,14,15,445,891.3,6,0
2025-01-11T15:00:00,4,16,13,448,768.3,7,0
2025-01-11T16:00:00,4,17,16,449,898.5,6,0
2025-01-11T17:00:00,4,3,3,449,2695.4,2,0
2025-01-11T18:00:00,4,2,2,449,2695.9,2,0
2025-01-11T19:00:00,4,1,2,448,769.5,7,0
2025-01-11T20:00:00,4,5,3,450,674.7,8,0
2025-01-11T21:00:00,4,0,0,450,1081.7,5,0
2025-01-11T22:00:00,4,5,4,451,1083.9,5,0
2025-01-11T23:00:00,4,3,1,453,2718.9,2,0
2025-01-12T00:00:00,4,6,2,457,2742.7,2,0
2025-01-12T01:00:00,4,5,5,457,1370.5,4,0
2025-01-12T02:00:00,4,0,0,457,783.2,7,0
2025-01-12T03:00:00,4,3,5,455,2728.4,2,0
2025-01-12T04:00:00,4,1,5,451,2708.0,2,0
2025-01-12T05:00:00,4,6,5,452,678.5,8,0
2025-01-12T06:00:00,4,5,4,453,778.5,7,0
2025-01-12T07:00:00,4,6,3,456,1825.7,3,0
2025-01-12T08:00:00,4,2,0,458,2749.4,2,0
2025-01-12T09:00:00,4,12,8,462,1109.7,5,0
2025-01-12T10:00:00,4,15,13,464,697.6,8,0
2025-01-12T11:00:00,4,14,10,468,702.4,8,0
2025-01-12T12:00:00,4,13,9,472,945.2,6,0
2025-01-12T13:00:00,4,12,10,474,712.1,8,0
2025-01-12T14:00:00,4,12,9,477,953.8,6,0
2025-01-12T15:00:00,4,11,7,481,1155.1,5,0
2025-01-12T16:00:00,4,17,11,487,729.9,8,0
2025-01-12T17:00:00,4,3,4,486,1165.4,5,0
2025-01-12T18:00:00,4,2,3,485,726.7,8,0
2025-01-12T19:00:00,4,5,1,489,2934.1,2,0
2025-01-12T20:00:00,4,6,4,491,1177.5,5,0
2025-01-12T21:00:00,4,6,5,492,736.7,8,0
2025-01-12T22:00:00,4,0,0,492,982.2,6,0
2025-01-12T23:00:00,4,2,4,490,1960.4,3,0
2025-01-13T00:00:00,4,0,0,490,1469.8,4,0
2025-01-13T01:00:00,4,0,2,488,1169.9,5,0
2025-01-13T02:00:00,4,8,9,487,1169.6,5,0
2025-01-13T03:00:00,4,5,5,487,1948.6,3,0
2025-01-13T04:00:00,4,8,2,493,2956.3,2,0
2025-01-13T05:00:00,4,0,0,493,2956.1,2,0
2025-01-13T06:00:00,4,0,0,493,844.7,7,0
2025-01-13T07:00:00,4,0,0,493,846.3,7,0
2025-01-13T08:00:00,4,0,0,493,984.0,6,0
2025-01-13T09:00:00,4,13,11,495,2971.5,2,0
2025-01-13T10:00:00,4,19,15,499,999.7,6,0
2025-01-13T11:00:00,4,13,9,503,2012.4,3,0
2025-01-13T12:00:00,4,13,8,508,2033.2,3,0
2025-01-13T13:00:00,4,17,15,510,2040.5,3,0
2025-01-13T14:00:00,4,15,12,513,880.7,7,0
2025-01-13T15:00:00,4,12,10,515,883.1,7,0
2025-01-13T16:00:00,4,14,15,514,1027.4,6,0
2025-01-13T17:00:00,4,2,0,516,3095.7,2,0
2025-01-13T18:00:00,4,1,0,517,3102.8,2,0
2025-01-13T19:00:00,4,3,1,519,1557.3,4,0
2025-01-13T20:00:00,4,8,8,519,1037.7,6,0
2025-01-13T21:00:00,4,7,5,521,2082.0,3,0
2025-01-13T22:00:00,4,5,6,520,892.3,7,0
2025-01-13T23:00:00,4,5,2,523,1048.0,6,0
2025-01-14T00:00:00,4,1,0,524,897.6,7,0
2025-01-14T01:00:00,4,2,3,523,1045.7,6,0
2025-01-14T02:00:00,4,3,2,524,2096.1,3,0
2025-01-14T03:00:00,4,3,0,527,904.2,7,0
2025-01-14T04:00:00,4,6,5,528,2111.6,3,0
2025-01-14T05:00:00,4,3,3,528,3166.1,2,0
2025-01-14T06:00:00,4,1,3,526,1261.3,5,0
2025-01-14T07:00:00,4,0,0,526,787.8,8,0
2025-01-14T08:00:00,4,11,9,528,1269.1,5,0
2025-01-14T09:00:00,4,12,12,528,906.5,7,0
2025-01-14T10:00:00,4,15,6,537,805.7,8,0
2025-01-14T11:00:00,4,15,11,541,1296.9,5,0
2025-01-14T12:00:00,4,13,9,545,3271.4,2,0
2025-01-14T13:00:00,4,12,6,551,1102.8,6,0
2025-01-14T14:00:00,4,17,13,555,1331.4,5,0
2025-01-14T15:00:00,4,12,12,555,1108.6,6,0
2025-01-14T16:00:00,4,20,18,557,1114.7,6,0
2025-01-14T17:00:00,4,5,8,554,1330.7,5,0
2025-01-14T18:00:00,4,7,4,557,1115.9,6,0
2025-01-14T19:00:00,4,2,2,557,1338.6,5,0
2025-01-14T20:00:00,4,4,1,560,2240.5,3,0
2025-01-14T21:00:00,4,1,0,561,963.5,7,0
2025-01-14T22:00:00,4,6,5,562,964.4,7,0
2025-01-14T23:00:00,4,2,1,563,1688.8,4,0
2025-01-15T00:00:00,4,2,0,565,1131.6,6,0
2025-01-15T01:00:00,4,2,1,566,1698.9,4,0
2025-01-15T02:00:00,4,5,4,567,973.4,7,0
2025-01-15T03:00:00,4,9,6,570,1711.1,4,0
2025-01-15T04:00:00,4,8,6,572,1717.7,4,0
2025-01-15T05:00:00,4,8,2,578,1385.5,5,0
2025-01-15T06:00:00,4,4,2,580,870.9,8,0
2025-01-15T07:00:00,4,7,5,582,873.5,8,0
2025-01-15T08:00:00,4,5,7,580,1162.0,6,0
2025-01-15T09:00:00,4,12,11,581,1160.9,6,0
2025-01-15T10:00:00,4,17,16,582,1747.1,4,0
2025-01-15T11:00:00,4,13,11,584,874.8,8,0
2025-01-15T12:00:00,4,11,9,586,1404.6,5,0
2025-01-15T13:00:00,4,16,13,589,2354.6,3,0
2025-01-15T14:00:00,4,14,12,591,887.7,8,0
2025-01-15T15:00:00,4,15,11,595,1783.9,4,0
2025-01-15T16:00:00,4,15,10,600,1439.7,5,0
2025-01-15T17:00:00,4,7,6,601,3605.9,2,0
2025-01-15T18:00:00,4,7,4,604,2414.2,3,0
2025-01-15T19:00:00,4,4,5,603,1033.1,7,0
2025-01-15T20:00:00,4,5,6,602,2409.2,3,0
2025-01-15T21:00:00,4,3,3,602,1206.0,6,0
2025-01-15T22:00:00,4,4,3,603,3618.0,2,0
2025-01-15T23:00:00,4,0,2,601,1803.9,4,0
2025-01-16T00:00:00,4,3,4,600,1438.5,5,0
2025-01-16T01:00:00,4,4,7,597,1791.1,4,0
2025-01-16T02:00:00,4,3,6,594,1186.2,6,0
2025-01-16T03:00:00,4,4,4,594,3564.1,2,0
2025-01-16T04:00:00,4,2,2,594,3563.9,2,0
2025-01-16T05:00:00,4,3,1,596,2382.6,3,0
2025-01-16T06:00:00,4,3,5,594,3564.2,2,0
2025-01-16T07:00:00,4,5,4,595,893.0,8,0
2025-01-16T08:00:00,4,1,1,595,1786.5,4,0
2025-01-16T09:00:00,4,11,13,593,1186.7,6,0
2025-01-16T10:00:00,4,15,13,595,2379.6,3,0
2025-01-16T11:00:00,4,15,10,600,2399.2,3,0
2025-01-16T12:00:00,4,19,12,607,910.3,8,0
2025-01-16T13:00:00,4,10,8,609,1461.8,5,0
2025-01-16T14:00:00,4,15,10,614,1840.7,4,0
2025-01-16T15:00:00,4,12,11,615,2459.1,3,0
2025-01-16T16:00:00,4,18,16,617,2469.7,3,0
2025-01-16T17:00:00,4,2,3,616,3696.9,2,0
2025-01-16T18:00:00,4,9,6,619,1236.9,6,0
2025-01-16T19:00:00,4,3,0,622,1494.5,5,0
2025-01-16T20:00:00,4,4,7,619,1486.0,5,0
2025-01-16T21:00:00,4,2,1,620,3718.1,2,0
2025-01-16T22:00:00,4,2,1,621,932.7,8,0
2025-01-16T23:00:00,4,7,5,623,1244.2,6,0
2025-01-17T00:00:00,4,3,5,621,3725.1,2,0
2025-01-17T01:00:00,4,6,5,622,2486.4,3,0
2025-01-17T02:00:00,4,0,0,622,1065.9,7,0
2025-01-17T03:00:00,4,5,4,623,1245.6,6,0
2025-01-17T04:00:00,4,5,6,622,2486.3,3,0
2025-01-17T05:00:00,4,5,2,625,2501.4,3,0
2025-01-17T06:00:00,4,3,0,628,2511.1,3,0
2025-01-17T07:00:00,4,3,2,629,1078.3,7,0
2025-01-17T08:00:00,4,3,0,632,3791.9,2,0
2025-01-17T09:00:00,4,14,11,635,1523.6,5,0
2025-01-17T10:00:00,4,10,9,636,1907.9,4,0
2025-01-17T11:00:00,4,11,7,640,2560.8,3,0
2025-01-17T12:00:00,4,17,10,647,1109.9,7,0
2025-01-17T13:00:00,4,14,11,650,976.1,8,0
2025-01-17T14:00:00,4,14,13,651,2602.9,3,0
2025-01-17T15:00:00,4,13,8,656,1967.8,4,0
2025-01-17T16:00:00,4,16,9,663,1590.1,5,0
2025-01-17T17:00:00,4,3,5,661,1585.9,5,0
2025-01-17T18:00:00,4,4,2,663,3977.2,2,0
2025-01-17T19:00:00,4,0,0,663,3979.2,2,0
2025-01-17T20:00:00,4,1,2,662,2649.1,3,0
2025-01-17T21:00:00,4,4,4,662,1985.3,4,0
2025-01-17T22:00:00,4,1,0,663,2653.7,3,0
2025-01-17T23:00:00,4,2,1,664,994.1,8,0
2025-01-18T00:00:00,4,0,0,664,3982.8,2,0
2025-01-18T01:00:00,4,1,0,665,996.2,8,0
2025-01-18T02:00:00,4,1,0,666,2663.6,3,0
2025-01-18T03:00:00,4,7,6,667,1145.0,7,0
2025-01-18T04:00:00,4,2,3,666,1141.3,7,0
2025-01-18T05:00:00,4,2,4,664,1136.8,7,0
2025-01-18T06:00:00,4,3,0,667,2668.7,3,0
2025-01-18T07:00:00,4,2,2,667,1143.8,7,0
2025-01-18T08:00:00,4,1,0,668,2003.0,4,0
2025-01-18T09:00:00,4,17,11,674,1617.3,5,0
2025-01-18T10:00:00,4,13,12,675,4049.0,2,0
2025-01-18T11:00:00,4,14,10,679,2716.5,3,0
2025-01-18T12:00:00,4,15,13,681,1020.7,8,0
2025-01-18T13:00:00,4,18,13,686,2743.0,3,0
2025-01-18T14:00:00,4,16,12,690,1181.6,7,0
2025-01-18T15:00:00,4,10,8,692,1384.8,6,0
2025-01-18T16:00:00,4,15,11,696,1393.0,6,0
2025-01-18T17:00:00,4,6,4,698,4187.7,2,0
2025-01-18T18:00:00,4,6,2,702,1402.6,6,0
2025-01-18T19:00:00,4,4,2,704,2814.7,3,0
2025-01-18T20:00:00,4,7,5,706,1211.3,7,0
2025-01-18T21:00:00,4,7,5,708,4248.3,2,0
2025-01-18T22:00:00,4,0,0,708,1063.8,8,0
2025-01-18T23:00:00,4,6,6,708,1698.7,5,0
2025-01-19T00:00:00,4,2,3,707,4243.1,2,0
2025-01-19T01:00:00,4,1,4,704,1206.0,7,0
2025-01-19T02:00:00,4,0,0,704,2113.9,4,0
2025-01-19T03:00:00,4,5,5,704,1406.3,6,0
2025-01-19T04:00:00,4,1,3,702,1683.4,5,0
2025-01-19T05:00:00,4,7,4,705,2820.6,3,0
2025-01-19T06:00:00,4,12,8,709,1701.4,5,0
2025-01-19T07:00:00,4,7,3,713,1221.7,7,0
2025-01-19T08:00:00,4,4,3,714,2142.9,4,0
2025-01-19T09:00:00,4,15,12,717,2869.3,3,0
2025-01-19T10:00:00,4,17,14,720,2878.9,3,0
2025-01-19T11:00:00,4,19,15,724,2171.3,4,0
2025-01-19T12:00:00,4,15,14,725,2899.4,3,0
2025-01-19T13:00:00,4,14,7,732,1253.6,7,0
2025-01-19T14:00:00,4,16,11,737,1769.5,5,0
2025-01-19T15:00:00,4,15,11,741,1777.1,5,0
2025-01-19T16:00:00,4,17,11,747,1791.2,5,0
2025-01-19T17:00:00,4,0,0,747,2239.3,4,0
2025-01-19T18:00:00,4,5,3,749,2246.2,4,0
2025-01-19T19:00:00,4,4,1,752,3009.6,3,0
2025-01-19T20:00:00,4,0,0,752,1504.6,6,0
2025-01-19T21:00:00,4,8,6,754,4523.9,2,0
2025-01-19T22:00:00,4,7,5,756,1134.4,8,0
2025-01-19T23:00:00,4,0,0,756,1135.9,8,0
2025-01-20T00:00:00,4,0,0,756,1510.6,6,0
2025-01-20T01:00:00,4,9,6,759,1518.1,6,0
2025-01-20T02:00:00,4,1,0,760,4560.1,2,0
2025-01-20T03:00:00,4,4,0,764,1529.9,6,0
2025-01-20T04:00:00,4,3,3,764,1308.9,7,0
2025-01-20T05:00:00,4,0,0,764,4584.4,2,0
2025-01-20T06:00:00,4,0,1,763,1525.9,6,0
2025-01-20T07:00:00,4,0,1,762,3046.1,3,0
2025-01-20T08:00:00,4,5,0,767,1150.0,8,0
2025-01-20T09:00:00,4,16,12,771,1851.0,5,0
2025-01-20T10:00:00,4,19,13,777,1166.8,8,0
2025-01-20T11:00:00,4,15,10,782,4691.4,2,0
2025-01-20T12:00:00,4,17,13,786,1345.6,7,0
2025-01-20T13:00:00,4,20,18,788,1891.2,5,0
2025-01-20T14:00:00,4,10,4,794,2382.6,4,0
2025-01-20T15:00:00,4,15,15,794,1903.6,5,0
2025-01-20T16:00:00,4,12,9,797,4781.7,2,0
2025-01-20T17:00:00,4,2,0,799,1368.3,7,0
2025-01-20T18:00:00,4,3,1,801,3202.1,3,0
2025-01-20T19:00:00,4,3,3,801,1603.5,6,0
2025-01-20T20:00:00,4,1,0,802,1204.9,8,0
2025-01-20T21:00:00,4,2,0,804,4825.8,2,0
2025-01-20T22:00:00,4,0,2,802,4812.8,2,0
2025-01-20T23:00:00,4,8,4,806,1611.1,6,0
2025-01-21T00:00:00,4,3,0,809,2425.1,4,0
2025-01-21T01:00:00,4,6,2,813,1220.1,8,0
2025-01-21T02:00:00,4,7,6,814,1220.3,8,0
2025-01-21T03:00:00,4,1,0,815,3261.6,3,0
2025-01-21T04:00:00,4,2,2,815,1396.4,7,0
2025-01-21T05:00:00,4,7,1,821,1971.7,5,0
2025-01-21T06:00:00,4,2,1,822,1973.1,5,0
2025-01-21T07:00:00,4,5,4,823,1412.7,7,0
2025-01-21T08:00:00,4,2,4,821,3285.7,3,0
2025-01-21T09:00:00,4,17,12,826,4956.8,2,0
2025-01-21T10:00:00,4,6,3,829,1243.6,8,0
2025-01-21T11:00:00,4,20,16,833,4999.0,2,0
2025-01-21T12:00:00,4,11,9,835,1252.4,8,0
2025-01-21T13:00:00,4,17,13,839,5033.4,2,0
2025-01-21T14:00:00,4,14,11,842,1444.6,7,0
2025-01-21T15:00:00,4,12,8,846,2029.9,5,0
2025-01-21T16:00:00,4,11,6,851,1457.0,7,0
2025-01-21T17:00:00,4,4,2,853,1280.9,8,0
2025-01-21T18:00:00,4,0,0,853,5119.4,2,0
2025-01-21T19:00:00,4,6,3,856,2567.5,4,0
2025-01-21T20:00:00,4,8,5,859,1719.7,6,0
2025-01-21T21:00:00,4,2,1,860,2581.0,4,0
2025-01-21T22:00:00,4,7,5,862,2067.2,5,0
2025-01-21T23:00:00,4,12,9,865,1299.4,8,0
2025-01-22T00:00:00,4,0,2,863,3451.4,3,0
2025-01-22T01:00:00,4,0,1,862,2068.7,5,0
2025-01-22T02:00:00,4,1,1,862,2584.1,4,0
2025-01-22T03:00:00,4,1,0,863,1725.0,6,0
2025-01-22T04:00:00,4,2,1,864,1729.4,6,0
2025-01-22T05:00:00,4,4,0,868,2602.9,4,0
2025-01-22T06:00:00,4,4,5,867,2602.6,4,0
2025-01-22T07:00:00,4,4,3,868,1302.8,8,0
2025-01-22T08:00:00,4,5,4,869,2084.1,5,0
2025-01-22T09:00:00,4,18,12,875,1312.8,8,0
2025-01-22T10:00:00,4,15,8,882,2646.5,4,0
2025-01-22T11:00:00,4,12,9,885,2656.1,4,0
2025-01-22T12:00:00,4,9,9,885,1770.1,6,0
2025-01-22T13:00:00,4,9,6,888,2130.0,5,0
2025-01-22T14:00:00,4,15,10,893,3570.5,3,0
2025-01-22T15:00:00,4,16,12,897,1536.9,7,0
2025-01-22T16:00:00,4,17,12,902,2163.5,5,0
2025-01-22T17:00:00,4,4,2,904,3616.3,3,0
2025-01-22T18:00:00,4,0,1,903,3612.2,3,0
2025-01-22T19:00:00,4,0,0,903,1547.6,7,0
2025-01-22T20:00:00,4,2,0,905,2714.9,4,0
2025-01-22T21:00:00,4,5,4,906,3625.9,3,0
2025-01-22T22:00:00,4,5,0,911,1562.7,7,0
2025-01-22T23:00:00,4,2,0,913,1566.3,7,0
2025-01-23T00:00:00,4,2,0,915,3660.6,3,0
2025-01-23T01:00:00,4,3,3,915,1373.6,8,0
2025-01-23T02:00:00,4,3,1,917,1835.0,6,0
2025-01-23T03:00:00,4,5,5,917,5501.4,2,0
2025-01-23T04:00:00,4,3,0,920,1576.5,7,0
2025-01-23T05:00:00,4,11,4,927,2781.0,4,0
2025-01-23T06:00:00,4,11,6,932,2796.3,4,0
2025-01-23T07:00:00,4,1,0,933,1864.3,6,0
2025-01-23T08:00:00,4,2,0,935,2803.8,4,0
2025-01-23T09:00:00,4,12,12,935,2242.4,5,0
2025-01-23T10:00:00,4,16,15,936,1605.4,7,0
2025-01-23T11:00:00,4,11,10,937,1606.2,7,0
2025-01-23T12:00:00,4,16,10,943,5656.0,2,0
2025-01-23T13:00:00,4,13,11,945,1618.4,7,0
2025-01-23T14:00:00,4,17,13,949,2278.7,5,0
2025-01-23T15:00:00,4,13,11,951,1631.6,7,0
2025-01-23T16:00:00,4,14,11,954,3814.5,3,0
2025-01-23T17:00:00,4,9,9,954,3815.3,3,0
2025-01-23T18:00:00,4,5,6,953,1906.0,6,0
2025-01-23T19:00:00,4,9,4,958,3831.3,3,0
2025-01-23T20:00:00,4,2,1,959,1917.9,6,0
2025-01-23T21:00:00,4,3,3,959,2876.5,4,0
2025-01-23T22:00:00,4,2,0,961,5767.2,2,0
2025-01-23T23:00:00,4,1,4,958,2299.6,5,0
2025-01-24T00:00:00,4,2,1,959,1917.3,6,0
2025-01-24T01:00:00,4,4,3,960,1439.3,8,0
2025-01-24T02:00:00,4,3,0,963,5776.8,2,0
2025-01-24T03:00:00,4,3,0,966,1657.9,7,0
2025-01-24T04:00:00,4,5,5,966,2896.9,4,0
2025-01-24T05:00:00,4,8,8,966,2317.5,5,0
2025-01-24T06:00:00,4,6,4,968,1453.8,8,0
2025-01-24T07:00:00,4,7,6,969,2908.9,4,0
2025-01-24T08:00:00,4,4,3,970,1456.7,8,0
2025-01-24T09:00:00,4,15,7,978,1956.5,6,0
2025-01-24T10:00:00,4,11,10,979,2936.1,4,0
2025-01-24T11:00:00,4,9,8,980,1678.3,7,0
2025-01-24T12:00:00,4,12,9,983,3933.9,3,0
2025-01-24T13:00:00,4,12,9,986,2367.3,5,0
2025-01-24T14:00:00,4,15,15,986,3944.2,3,0
2025-01-24T15:00:00,4,14,13,987,2959.9,4,0
2025-01-24T16:00:00,4,13,12,988,5926.5,2,0
2025-01-24T17:00:00,4,7,4,991,1484.8,8,0
2025-01-24T18:00:00,4,6,5,992,1985.6,6,0
2025-01-24T19:00:00,4,9,8,993,2385.2,5,0
2025-01-24T20:00:00,4,0,0,993,2977.2,4,0
2025-01-24T21:00:00,4,0,0,993,2384.8,5,0
2025-01-24T22:00:00,4,0,3,990,1980.0,6,0
2025-01-24T23:00:00,4,4,0,994,1702.1,7,0
2025-01-25T00:00:00,4,2,0,996,3984.6,3,0
2025-01-25T01:00:00,4,0,1,995,1706.3,7,0
2025-01-25T02:00:00,4,4,3,996,1493.8,8,0
2025-01-25T03:00:00,4,3,1,998,2397.0,5,0
2025-01-25T04:00:00,4,3,2,999,1498.6,8,0
2025-01-25T05:00:00,4,0,0,999,5994.6,2,0
2025-01-25T06:00:00,4,0,0,999,3994.0,3,0
2025-01-25T07:00:00,4,0,0,999,3995.0,3,0
2025-01-25T08:00:00,4,5,5,999,5995.8,2,0
2025-01-25T09:00:00,4,13,13,999,2999.0,4,0
2025-01-25T10:00:00,4,12,9,1002,6013.4,2,0
2025-01-25T11:00:00,4,14,10,1006,2414.5,5,0
2025-01-25T12:00:00,4,15,7,1014,1519.4,8,0
2025-01-25T13:00:00,4,13,10,1017,3050.2,4,0
2025-01-25T14:00:00,4,14,10,1021,3062.2,4,0
2025-01-25T15:00:00,4,18,13,1026,3079.9,4,0
2025-01-25T16:00:00,4,15,10,1031,6184.6,2,0
2025-01-25T17:00:00,4,6,6,1031,1546.1,8,0
2025-01-25T18:00:00,4,4,1,1034,4136.2,3,0
2025-01-25T19:00:00,4,1,1,1034,1551.8,8,0
2025-01-25T20:00:00,4,8,3,1039,1782.4,7,0
2025-01-25T21:00:00,4,1,0,1040,2497.0,5,0
2025-01-25T22:00:00,4,4,2,1042,1563.2,8,0
2025-01-25T23:00:00,4,6,10,1038,4153.5,3,0
2025-01-26T00:00:00,4,6,1,1043,3129.7,4,0
2025-01-26T01:00:00,4,0,2,1041,6247.6,2,0
2025-01-26T02:00:00,4,5,6,1040,1783.8,7,0
2025-01-26T03:00:00,4,7,5,1042,2502.0,5,0
2025-01-26T04:00:00,4,5,5,1042,4169.3,3,0
2025-01-26T05:00:00,4,0,0,1042,2083.4,6,0
2025-01-26T06:00:00,4,0,0,1042,1562.1,8,0
2025-01-26T07:00:00,4,8,8,1042,1563.8,8,0
2025-01-26T08:00:00,4,4,5,1041,1783.5,7,0
2025-01-26T09:00:00,4,14,11,1044,2087.5,6,0
2025-01-26T10:00:00,4,10,10,1044,1567.9,8,0
2025-01-26T11:00:00,4,16,14,1046,1568.3,8,0
2025-01-26T12:00:00,4,9,5,1050,2520.2,5,0
2025-01-26T13:00:00,4,13,7,1056,1585.9,8,0
2025-01-26T14:00:00,4,19,17,1058,6348.1,2,0
2025-01-26T15:00:00,4,15,12,1061,6365.8,2,0
2025-01-26T16:00:00,4,15,9,1067,2560.5,5,0
2025-01-26T17:00:00,4,0,2,1065,4260.8,3,0
2025-01-26T18:00:00,4,8,6,1067,3201.6,4,0
2025-01-26T19:00:00,4,5,7,1065,2555.8,5,0
2025-01-26T20:00:00,4,8,6,1067,4269.0,3,0
2025-01-26T21:00:00,4,2,5,1064,1823.0,7,0
2025-01-26T22:00:00,4,1,0,1065,1599.4,8,0
2025-01-26T23:00:00,4,0,0,1065,1598.4,8,0
2025-01-27T00:00:00,4,3,3,1065,2131.9,6,0
2025-01-27T01:00:00,4,8,3,1070,2567.9,5,0
2025-01-27T02:00:00,4,0,0,1070,2140.9,6,0
2025-01-27T03:00:00,4,1,0,1071,2570.5,5,0
2025-01-27T04:00:00,4,4,0,1075,6448.5,2,0
2025-01-27T05:00:00,4,2,0,1077,4309.5,3,0
2025-01-27T06:00:00,4,1,3,1075,1614.3,8,0
2025-01-27T07:00:00,4,2,4,1073,2146.7,6,0
2025-01-27T08:00:00,4,9,7,1075,6450.9,2,0
2025-01-27T09:00:00,4,13,11,1077,2154.0,6,0
2025-01-27T10:00:00,4,14,9,1082,6491.2,2,0
2025-01-27T11:00:00,4,11,9,1084,4337.4,3,0
2025-01-27T12:00:00,4,13,8,1089,1634.3,8,0
2025-01-27T13:00:00,4,11,10,1090,2181.3,6,0
2025-01-27T14:00:00,4,18,13,1095,2189.9,6,0
2025-01-27T15:00:00,4,18,15,1098,2195.6,6,0
2025-01-27T16:00:00,4,13,7,1104,1894.6,7,0
2025-01-27T17:00:00,4,2,0,1106,1897.4,7,0
2025-01-27T18:00:00,4,1,0,1107,2213.2,6,0
2025-01-27T19:00:00,4,6,3,1110,6658.4,2,0
2025-01-27T20:00:00,4,1,0,1111,3331.6,4,0
2025-01-27T21:00:00,4,3,3,1111,3333.7,4,0
2025-01-27T22:00:00,4,0,0,1111,6664.6,2,0
2025-01-27T23:00:00,4,3,1,1113,1670.4,8,0
2025-01-28T00:00:00,4,7,7,1113,1906.0,7,0
2025-01-28T01:00:00,4,3,3,1113,4453.5,3,0
2025-01-28T02:00:00,4,5,4,1114,4456.9,3,0
2025-01-28T03:00:00,4,0,2,1112,4449.0,3,0
2025-01-28T04:00:00,4,1,5,1108,2658.0,5,0
2025-01-28T05:00:00,4,2,1,1109,1903.0,7,0
2025-01-28T06:00:00,4,4,4,1109,3328.7,4,0
2025-01-28T07:00:00,4,7,5,1111,2221.7,6,0
2025-01-28T08:00:00,4,5,1,1115,1909.5,7,0
2025-01-28T09:00:00,4,20,13,1122,1682.7,8,0
2025-01-28T10:00:00,4,12,8,1126,3379.8,4,0
2025-01-28T11:00:00,4,14,11,1129,1935.0,7,0
2025-01-28T12:00:00,4,14,5,1138,6828.4,2,0
2025-01-28T13:00:00,4,22,14,1146,6874.9,2,0
2025-01-28T14:00:00,4,13,8,1151,3452.3,4,0
2025-01-28T15:00:00,4,12,13,1150,6899.9,2,0
2025-01-28T16:00:00,4,13,10,1153,3460.7,4,0
2025-01-28T17:00:00,4,6,3,1156,1734.4,8,0
2025-01-28T18:00:00,4,8,4,1160,2318.6,6,0
2025-01-28T19:00:00,4,1,3,1158,6946.7,2,0
2025-01-28T20:00:00,4,6,7,1157,3471.0,4,0
2025-01-28T21:00:00,4,6,6,1157,6941.8,2,0
2025-01-28T22:00:00,4,7,5,1159,2318.4,6,0
2025-01-28T23:00:00,4,3,7,1155,6931.2,2,0
2025-01-29T00:00:00,4,7,7,1155,1733.2,8,0
2025-01-29T01:00:00,4,0,0,1155,2772.8,5,0
2025-01-29T02:00:00,4,9,6,1158,3472.0,4,0
2025-01-29T03:00:00,4,2,1,1159,2316.8,6,0
2025-01-29T04:00:00,4,8,6,1161,3481.5,4,0
2025-01-29T05:00:00,4,9,7,1163,1994.8,7,0
2025-01-29T06:00:00,4,0,0,1163,1742.7,8,0
2025-01-29T07:00:00,4,0,1,1162,4649.3,3,0
2025-01-29T08:00:00,4,1,0,1163,4650.6,3,0
2025-01-29T09:00:00,4,12,8,1167,3499.5,4,0
2025-01-29T10:00:00,4,13,10,1170,2339.1,6,0
2025-01-29T11:00:00,4,20,14,1176,3529.2,4,0
2025-01-29T12:00:00,4,11,12,1175,1761.8,8,0
2025-01-29T13:00:00,4,14,12,1177,4706.9,3,0
2025-01-29T14:00:00,4,15,10,1182,1772.7,8,0
2025-01-29T15:00:00,4,15,12,1185,2844.8,5,0
2025-01-29T16:00:00,4,14,6,1193,2863.3,5,0
2025-01-29T17:00:00,4,9,5,1197,7183.4,2,0
2025-01-29T18:00:00,4,5,4,1198,2397.8,6,0
2025-01-29T19:00:00,4,1,2,1197,4786.5,3,0
2025-01-29T20:00:00,4,1,0,1198,2875.3,5,0
2025-01-29T21:00:00,4,2,2,1198,2874.2,5,0
2025-01-29T22:00:00,4,7,3,1202,2403.5,6,0
2025-01-29T23:00:00,4,6,3,1205,3614.5,4,0
2025-01-30T00:00:00,4,3,2,1206,2892.7,5,0
2025-01-30T01:00:00,4,8,5,1209,3628.0,4,0
2025-01-30T02:00:00,4,5,3,1211,2907.5,5,0
2025-01-30T03:00:00,4,1,0,1212,3637.3,4,0
2025-01-30T04:00:00,4,0,0,1212,4849.6,3,0
2025-01-30T05:00:00,4,4,1,1215,2916.5,5,0
2025-01-30T06:00:00,4,0,0,1215,7288.6,2,0
2025-01-30T07:00:00,4,4,2,1217,3652.1,4,0
2025-01-30T08:00:00,4,3,1,1219,7313.1,2,0
2025-01-30T09:00:00,4,15,14,1220,7321.3,2,0
2025-01-30T10:00:00,4,19,12,1227,2944.4,5,0
2025-01-30T11:00:00,4,20,18,1229,2459.8,6,0
2025-01-30T12:00:00,4,17,15,1231,7386.2,2,0
2025-01-30T13:00:00,4,9,6,1234,7402.5,2,0
2025-01-30T14:00:00,4,12,11,1235,2469.3,6,0
2025-01-30T15:00:00,4,9,8,1236,4945.8,3,0
2025-01-30T16:00:00,4,14,9,1241,2980.1,5,0
2025-01-30T17:00:00,4,5,3,1243,7456.4,2,0
2025-01-30T18:00:00,4,6,3,1246,2493.9,6,0
2025-01-30T19:00:00,4,5,5,1246,1868.9,8,0
2025-01-30T20:00:00,4,1,0,1247,4987.4,3,0
2025-01-30T21:00:00,4,6,2,1251,3753.3,4,0
2025-01-30T22:00:00,4,7,6,1252,5008.6,3,0
2025-01-30T23:00:00,4,5,5,1252,2504.0,6,0
2025-01-31T00:00:00,4,0,1,1251,2503.7,6,0
2025-01-31T01:00:00,4,2,2,1251,2143.7,7,0
2025-01-31T02:00:00,4,0,0,1251,3001.8,5,0
2025-01-31T03:00:00,4,2,1,1252,3004.9,5,0
2025-01-31T04:00:00,4,1,0,1253,3007.4,5,0
2025-01-31T05:00:00,4,9,3,1259,2518.1,6,0
2025-01-31T06:00:00,4,8,8,1259,5035.1,3,0
2025-01-31T07:00:00,4,3,2,1260,2521.2,6,0
2025-01-31T08:00:00,4,5,5,1260,5041.9,3,0
2025-01-31T09:00:00,4,14,9,1265,2528.4,6,0
2025-01-31T10:00:00,4,16,11,1270,7619.7,2,0
2025-01-31T11:00:00,4,15,14,1271,3050.3,5,0
2025-01-31T12:00:00,4,12,6,1277,3066.0,5,0
2025-01-31T13:00:00,4,14,10,1281,3842.7,4,0
2025-01-31T14:00:00,4,12,10,1283,2200.2,7,0
2025-01-31T15:00:00,4,17,13,1287,5147.8,3,0
2025-01-31T16:00:00,4,10,12,1285,3855.7,4,0
2025-01-31T17:00:00,4,0,0,1285,2570.4,6,0
2025-01-31T18:00:00,4,5,4,1286,2206.5,7,0
2025-01-31T19:00:00,4,9,5,1290,2581.6,6,0
2025-01-31T20:00:00,4,8,4,1294,5174.9,3,0
2025-01-31T21:00:00,4,0,0,1294,7764.2,2,0
2025-01-31T22:00:00,4,3,2,1295,3108.2,5,0
2025-01-31T23:00:00,4,5,4,1296,5183.4,3,0
2025-02-01T00:00:00,4,4,1,1299,1948.7,8,0
2025-02-01T01:00:00,4,3,0,1302,7813.1,2,0
2025-02-01T02:00:00,4,2,0,1304,2235.4,7,0
2025-02-01T03:00:00,4,4,0,1308,2242.7,7,0
2025-02-01T04:00:00,4,0,0,1308,1962.8,8,0
2025-02-01T05:00:00,4,6,1,1313,1970.1,8,0
2025-02-01T06:00:00,4,0,0,1313,7877.2,2,0
2025-02-01T07:00:00,4,10,3,1320,7918.7,2,0
2025-02-01T08:00:00,4,3,4,1319,1980.2,8,0
2025-02-01T09:00:00,4,12,8,1323,1985.4,8,0
2025-02-01T10:00:00,4,16,14,1325,2651.0,6,0
2025-02-01T11:00:00,4,15,12,1328,2656.8,6,0
2025-02-01T12:00:00,4,15,10,1333,5332.2,3,0
2025-02-01T13:00:00,4,10,10,1333,2667.2,6,0
2025-02-01T14:00:00,4,18,12,1339,8033.9,2,0
2025-02-01T15:00:00,4,13,11,1341,4021.7,4,0
2025-02-01T16:00:00,4,11,9,1343,4029.6,4,0
2025-02-01T17:00:00,4,9,9,1343,2686.8,6,0
2025-02-01T18:00:00,4,0,0,1343,2303.6,7,0
2025-02-01T19:00:00,4,6,2,1347,2020.6,8,0
2025-02-01T20:00:00,4,4,3,1348,2695.4,6,0
2025-02-01T21:00:00,4,2,0,1350,2699.4,6,0
2025-02-01T22:00:00,4,7,10,1347,4042.4,4,0
2025-02-01T23:00:00,4,3,5,1345,3227.3,5,0
2025-02-02T00:00:00,4,0,0,1345,4034.6,4,0
2025-02-02T01:00:00,4,1,4,1342,2300.1,7,0
2025-02-02T02:00:00,4,0,0,1342,3220.4,5,0
2025-02-02T03:00:00,4,7,6,1343,2685.3,6,0
2025-02-02T04:00:00,4,4,3,1344,2689.4,6,0
2025-02-02T05:00:00,4,1,0,1345,2304.3,7,0
2025-02-02T06:00:00,4,5,5,1345,4034.0,4,0
2025-02-02T07:00:00,4,1,0,1346,2305.9,7,0
2025-02-02T08:00:00,4,3,3,1346,2018.9,8,0
2025-02-02T09:00:00,4,19,14,1351,2027.3,8,0
2025-02-02T10:00:00,4,17,13,1355,8128.8,2,0
2025-02-02T11:00:00,4,18,14,1359,2037.5,8,0
2025-02-02T12:00:00,4,14,11,1362,8173.0,2,0
2025-02-02T13:00:00,4,21,16,1367,2343.9,7,0
2025-02-02T14:00:00,4,17,13,1371,5484.4,3,0
2025-02-02T15:00:00,4,15,11,1375,3301.7,5,0
2025-02-02T16:00:00,4,12,11,1376,8255.7,2,0
2025-02-02T17:00:00,4,1,0,1377,2752.6,6,0
2025-02-02T18:00:00,4,3,2,1378,2068.5,8,0
2025-02-02T19:00:00,4,8,3,1383,2076.0,8,0
2025-02-02T20:00:00,4,4,0,1387,2080.6,8,0
2025-02-02T21:00:00,4,13,8,1392,4176.8,4,0
2025-02-02T22:00:00,4,7,6,1393,2386.8,7,0
2025-02-02T23:00:00,4,2,0,1395,5580.6,3,0
2025-02-03T00:00:00,4,7,4,1398,3355.7,5,0
2025-02-03T01:00:00,4,2,0,1400,2401.2,7,0
2025-02-03T02:00:00,4,4,1,1403,2406.4,7,0
2025-02-03T03:00:00,4,0,1,1402,3364.4,5,0
2025-02-03T04:00:00,4,6,2,1406,2813.2,6,0
2025-02-03T05:00:00,4,0,3,1403,5613.8,3,0
2025-02-03T06:00:00,4,7,2,1408,2411.9,7,0
2025-02-03T07:00:00,4,3,4,1407,3375.0,5,0
2025-02-03T08:00:00,4,0,0,1407,8441.2,2,0
2025-02-03T09:00:00,4,19,15,1411,3387.1,5,0
2025-02-03T10:00:00,4,12,8,1415,2829.2,6,0
2025-02-03T11:00:00,4,12,11,1416,2830.1,6,0
2025-02-03T12:00:00,4,16,11,1421,2843.5,6,0
2025-02-03T13:00:00,4,14,9,1426,2138.0,8,0
2025-02-03T14:00:00,4,16,14,1428,4282.7,4,0
2025-02-03T15:00:00,4,10,8,1430,2859.8,6,0
2025-02-03T16:00:00,4,12,7,1435,3444.5,5,0
2025-02-03T17:00:00,4,0,1,1434,4300.8,4,0
2025-02-03T18:00:00,4,6,4,1436,5745.7,3,0
2025-02-03T19:00:00,4,7,4,1439,2468.6,7,0
2025-02-03T20:00:00,4,7,1,1445,8670.3,2,0
2025-02-03T21:00:00,4,6,3,1448,8689.4,2,0
2025-02-03T22:00:00,4,7,4,1451,2178.0,8,0
2025-02-03T23:00:00,4,2,4,1449,5797.6,3,0
2025-02-04T00:00:00,4,8,6,1451,2175.2,8,0
2025-02-04T01:00:00,4,2,4,1449,2172.9,8,0
2025-02-04T02:00:00,4,4,2,1451,3483.8,5,0
2025-02-04T03:00:00,4,5,2,1454,5814.5,3,0
2025-02-04T04:00:00,4,4,3,1455,4365.1,4,0
2025-02-04T05:00:00,4,5,0,1460,4381.2,4,0
2025-02-04T06:00:00,4,2,0,1462,4385.8,4,0
2025-02-04T07:00:00,4,10,6,1466,2934.0,6,0
2025-02-04T08:00:00,4,3,5,1464,2510.6,7,0
2025-02-04T09:00:00,4,17,12,1469,4406.4,4,0
2025-02-04T10:00:00,4,12,7,1474,2948.0,6,0
2025-02-04T11:00:00,4,16,16,1474,2211.5,8,0
2025-02-04T12:00:00,4,14,10,1478,2217.1,8,0
2025-02-04T13:00:00,4,14,13,1479,2959.2,6,0
2025-02-04T14:00:00,4,15,10,1484,4452.9,4,0
2025-02-04T15:00:00,4,8,6,1486,2548.5,7,0
2025-02-04T16:00:00,4,15,9,1492,4477.9,4,0
2025-02-04T17:00:00,4,1,0,1493,4480.5,4,0
2025-02-04T18:00:00,4,3,2,1494,2562.3,7,0
2025-02-04T19:00:00,4,3,2,1495,3587.6,5,0
2025-02-04T20:00:00,4,0,0,1495,2564.0,7,0
2025-02-04T21:00:00,4,1,1,1495,8971.8,2,0
2025-02-04T22:00:00,4,3,0,1498,4492.9,4,0
2025-02-04T23:00:00,4,7,8,1497,5988.1,3,0
2025-02-05T00:00:00,4,2,1,1498,4493.3,4,0
2025-02-05T01:00:00,4,1,2,1497,2566.9,7,0
2025-02-05T02:00:00,4,4,1,1500,8998.1,2,0
2025-02-05T03:00:00,4,6,6,1500,2571.7,7,0
2025-02-05T04:00:00,4,3,1,1502,3603.8,5,0
2025-02-05T05:00:00,4,3,3,1502,3002.2,6,0
2025-02-05T06:00:00,4,4,4,1502,2251.4,8,0
2025-02-05T07:00:00,4,7,4,1505,4514.1,4,0
2025-02-05T08:00:00,4,3,3,1505,2257.3,8,0
2025-02-05T09:00:00,4,16,17,1504,2579.2,7,0
2025-02-05T10:00:00,4,9,4,1509,2585.1,7,0
2025-02-05T11:00:00,4,10,11,1508,2260.4,8,0
2025-02-05T12:00:00,4,15,10,1513,3632.9,5,0
2025-02-05T13:00:00,4,18,12,1519,3038.5,6,0
2025-02-05T14:00:00,4,19,17,1521,4561.6,4,0
2025-02-05T15:00:00,4,10,10,1521,6084.2,3,0
2025-02-05T16:00:00,4,17,13,1525,6098.9,3,0
2025-02-05T17:00:00,4,0,0,1525,4574.1,4,0
2025-02-05T18:00:00,4,2,0,1527,6108.3,3,0
2025-02-05T19:00:00,4,0,0,1527,3664.1,5,0
2025-02-05T20:00:00,4,7,3,1531,3674.6,5,0
2025-02-05T21:00:00,4,8,7,1532,3676.2,5,0
2025-02-05T22:00:00,4,3,6,1529,2621.1,7,0
2025-02-05T23:00:00,4,6,0,1535,6139.3,3,0
2025-02-06T00:00:00,4,3,4,1534,2300.7,8,0
2025-02-06T01:00:00,4,1,1,1534,4601.3,4,0
2025-02-06T02:00:00,4,4,5,1533,2299.6,8,0
2025-02-06T03:00:00,4,9,7,1535,3070.6,6,0
2025-02-06T04:00:00,4,6,4,1537,9222.2,2,0
2025-02-06T05:00:00,4,1,0,1538,3690.5,5,0
2025-02-06T06:00:00,4,6,3,1541,2640.8,7,0
2025-02-06T07:00:00,4,7,6,1542,3699.9,5,0
2025-02-06T08:00:00,4,7,7,1542,4624.7,4,0
2025-02-06T09:00:00,4,14,15,1541,6164.5,3,0
2025-02-06T10:00:00,4,21,13,1549,9294.2,2,0
2025-02-06T11:00:00,4,9,4,1554,4661.7,4,0
2025-02-06T12:00:00,4,12,11,1555,2667.4,7,0
2025-02-06T13:00:00,4,11,9,1557,3113.1,6,0
2025-02-06T14:00:00,4,14,13,1558,2672.2,7,0
2025-02-06T15:00:00,4,11,9,1560,2673.8,7,0
2025-02-06T16:00:00,4,15,14,1561,2343.2,8,0
2025-02-06T17:00:00,4,0,0,1561,9364.8,2,0
2025-02-06T18:00:00,4,2,0,1563,9377.1,2,0
2025-02-06T19:00:00,4,4,5,1562,4684.8,4,0
2025-02-06T20:00:00,4,0,0,1562,6246.1,3,0
2025-02-06T21:00:00,4,3,0,1565,3131.6,6,0
2025-02-06T22:00:00,4,1,0,1566,2684.2,7,0
2025-02-06T23:00:00,4,1,2,1565,2348.0,8,0
2025-02-07T00:00:00,4,2,2,1565,6261.3,3,0
2025-02-07T01:00:00,4,0,0,1565,2348.0,8,0
2025-02-07T02:00:00,4,0,0,1565,3128.5,6,0
2025-02-07T03:00:00,4,3,2,1566,6263.7,3,0
2025-02-07T04:00:00,4,8,5,1569,4705.3,4,0
2025-02-07T05:00:00,4,3,6,1566,3759.9,5,0
2025-02-07T06:00:00,4,0,3,1563,3124.7,6,0
2025-02-07T07:00:00,4,0,1,1562,2676.4,7,0
2025-02-07T08:00:00,4,4,2,1564,2681.1,7,0
2025-02-07T09:00:00,4,9,6,1567,2684.4,7,0
2025-02-07T10:00:00,4,15,11,1571,3770.6,5,0
2025-02-07T11:00:00,4,15,10,1576,6303.8,3,0
2025-02-07T12:00:00,4,13,11,1578,4733.8,4,0
2025-02-07T13:00:00,4,16,8,1586,4757.0,4,0
2025-02-07T14:00:00,4,11,5,1592,4774.6,4,0
2025-02-07T15:00:00,4,19,11,1600,3198.1,6,0
2025-02-07T16:00:00,4,11,8,1603,3846.4,5,0
2025-02-07T17:00:00,4,0,0,1603,6410.0,3,0
2025-02-07T18:00:00,4,7,6,1604,2406.1,8,0
2025-02-07T19:00:00,4,6,5,1605,6420.8,3,0
2025-02-07T20:00:00,4,7,3,1609,3219.7,6,0
2025-02-07T21:00:00,4,9,3,1615,3228.7,6,0
2025-02-07T22:00:00,4,0,0,1615,6461.5,3,0
2025-02-07T23:00:00,4,0,0,1615,4843.5,4,0
2025-02-08T00:00:00,4,0,0,1615,2423.5,8,0
2025-02-08T01:00:00,4,2,0,1617,2423.5,8,0
2025-02-08T02:00:00,4,9,7,1619,3887.4,5,0
2025-02-08T03:00:00,4,3,4,1618,2426.1,8,0
2025-02-08T04:00:00,4,5,5,1618,3883.3,5,0
2025-02-08T05:00:00,4,0,0,1618,9706.4,2,0
2025-02-08T06:00:00,4,5,4,1619,2776.0,7,0
2025-02-08T07:00:00,4,2,0,1621,3241.8,6,0
2025-02-08T08:00:00,4,2,2,1621,2779.0,7,0
2025-02-08T09:00:00,4,17,15,1623,2783.7,7,0
2025-02-08T10:00:00,4,13,6,1630,3261.5,6,0
2025-02-08T11:00:00,4,20,15,1635,3271.0,6,0
2025-02-08T12:00:00,4,15,12,1638,2808.1,7,0
2025-02-08T13:00:00,4,15,10,1643,3943.7,5,0
2025-02-08T14:00:00,4,15,11,1647,4942.9,4,0
2025-02-08T15:00:00,4,14,8,1653,9918.8,2,0
2025-02-08T16:00:00,4,13,9,1657,3975.1,5,0
2025-02-08T17:00:00,4,1,0,1658,4975.8,4,0
2025-02-08T18:00:00,4,5,2,1661,9964.0,2,0
2025-02-08T19:00:00,4,5,6,1660,4981.9,4,0
2025-02-08T20:00:00,4,0,1,1659,2487.3,8,0
2025-02-08T21:00:00,4,6,4,1661,6643.5,3,0
2025-02-08T22:00:00,4,1,0,1662,6649.1,3,0
2025-02-08T23:00:00,4,2,5,1659,6634.6,3,0
2025-02-09T00:00:00,4,4,2,1661,3987.5,5,0
2025-02-09T01:00:00,4,3,0,1664,3994.9,5,0
2025-02-09T02:00:00,4,0,0,1664,3994.0,5,0
2025-02-09T03:00:00,4,2,0,1666,9995.7,2,0
2025-02-09T04:00:00,4,5,5,1666,4997.7,4,0
2025-02-09T05:00:00,4,1,1,1666,6664.5,3,0
2025-02-09T06:00:00,4,3,1,1668,6670.6,3,0
2025-02-09T07:00:00,4,6,6,1668,3334.2,6,0
2025-02-09T08:00:00,4,3,0,1671,5011.1,4,0
2025-02-09T09:00:00,4,14,8,1677,5032.3,4,0
2025-02-09T10:00:00,4,13,11,1679,2879.3,7,0
2025-02-09T11:00:00,4,19,12,1686,2891.1,7,0
2025-02-09T12:00:00,4,15,11,1690,10141.5,2,0
2025-02-09T13:00:00,4,20,14,1696,2545.1,8,0
2025-02-09T14:00:00,4,14,9,1701,10206.9,2,0
2025-02-09T15:00:00,4,14,13,1702,3403.4,6,0
2025-02-09T16:00:00,4,17,10,1709,10254.8,2,0
2025-02-09T17:00:00,4,7,6,1710,2566.3,8,0
2025-02-09T18:00:00,4,2,5,1707,2559.4,8,0
2025-02-09T19:00:00,4,4,0,1711,4108.4,5,0
2025-02-09T20:00:00,4,1,0,1712,2569.5,8,0
2025-02-09T21:00:00,4,1,0,1713,6852.6,3,0
2025-02-09T22:00:00,4,2,5,1710,2930.8,7,0
2025-02-09T23:00:00,4,1,2,1709,6837.6,3,0
2025-02-10T00:00:00,4,4,2,1711,6843.1,3,0
2025-02-10T01:00:00,4,5,4,1712,10272.9,2,0
2025-02-10T02:00:00,4,2,0,1714,2572.2,8,0
2025-02-10T03:00:00,4,0,0,1714,4113.9,5,0
2025-02-10T04:00:00,4,3,0,1717,5152.2,4,0
2025-02-10T05:00:00,4,9,9,1717,5152.4,4,0
2025-02-10T06:00:00,4,4,2,1719,2944.9,7,0
2025-02-10T07:00:00,4,3,0,1722,6889.3,3,0
2025-02-10T08:00:00,4,5,3,1724,3447.8,6,0
2025-02-10T09:00:00,4,12,9,1727,10362.6,2,0
2025-02-10T10:00:00,4,17,10,1734,2599.9,8,0
2025-02-10T11:00:00,4,18,11,1741,6965.5,3,0
2025-02-10T12:00:00,4,15,14,1742,6968.6,3,0
2025-02-10T13:00:00,4,13,9,1746,2618.2,8,0
2025-02-10T14:00:00,4,16,10,1752,10510.0,2,0
2025-02-10T15:00:00,4,9,7,1754,2629.6,8,0
2025-02-10T16:00:00,4,10,6,1758,2637.5,8,0
2025-02-10T17:00:00,4,3,4,1757,3512.1,6,0
2025-02-10T18:00:00,4,6,4,1759,10554.2,2,0
2025-02-10T19:00:00,4,6,9,1756,2633.4,8,0
2025-02-10T20:00:00,4,1,0,1757,4217.8,5,0
2025-02-10T21:00:00,4,2,1,1758,7032.0,3,0
2025-02-10T22:00:00,4,10,6,1762,4229.4,5,0
2025-02-10T23:00:00,4,1,3,1760,3520.1,6,0
2025-02-11T00:00:00,4,1,2,1759,3017.3,7,0
2025-02-11T01:00:00,4,0,0,1759,4219.9,5,0
2025-02-11T02:00:00,4,2,1,1760,5280.5,4,0
2025-02-11T03:00:00,4,2,1,1761,3521.4,6,0
2025-02-11T04:00:00,4,5,4,1762,4230.7,5,0
2025-02-11T05:00:00,4,2,0,1764,2646.2,8,0
2025-02-11T06:00:00,4,0,2,1762,2643.5,8,0
2025-02-11T07:00:00,4,7,3,1766,2649.9,8,0
2025-02-11T08:00:00,4,7,7,1766,3533.7,6,0
2025-02-11T09:00:00,4,10,6,1770,5308.7,4,0
2025-02-11T10:00:00,4,16,11,1775,3549.6,6,0
2025-02-11T11:00:00,4,14,11,1778,2667.3,8,0
2025-02-11T12:00:00,4,16,12,1782,7129.3,3,0
2025-02-11T13:00:00,4,20,15,1787,7146.5,3,0
2025-02-11T14:00:00,4,18,12,1793,7173.0,3,0
2025-02-11T15:00:00,4,13,7,1799,3083.7,7,0
2025-02-11T16:00:00,4,13,13,1799,5397.7,4,0
2025-02-11T17:00:00,4,6,2,1803,10819.7,2,0
2025-02-11T18:00:00,4,3,4,1802,3089.1,7,0
2025-02-11T19:00:00,4,3,3,1802,5406.5,4,0
2025-02-11T20:00:00,4,6,5,1803,7210.8,3,0
2025-02-11T21:00:00,4,6,2,1807,7226.5,3,0
2025-02-11T22:00:00,4,5,5,1807,7226.6,3,0
2025-02-11T23:00:00,4,6,4,1809,3619.2,6,0
2025-02-12T00:00:00,4,3,3,1809,3618.6,6,0
2025-02-12T01:00:00,4,3,5,1807,3615.0,6,0
2025-02-12T02:00:00,4,7,4,1810,3104.7,7,0
2025-02-12T03:00:00,4,2,2,1810,3620.8,6,0
2025-02-12T04:00:00,4,3,2,1811,5433.9,4,0
2025-02-12T05:00:00,4,4,4,1811,7245.8,3,0
2025-02-12T06:00:00,4,4,2,1813,5438.9,4,0
2025-02-12T07:00:00,4,7,6,1814,3626.5,6,0
2025-02-12T08:00:00,4,6,6,1814,3110.2,7,0
2025-02-12T09:00:00,4,13,11,1816,3632.2,6,0
2025-02-12T10:00:00,4,16,12,1820,3121.5,7,0
2025-02-12T11:00:00,4,12,13,1819,3120.3,7,0
2025-02-12T12:00:00,4,14,8,1825,10948.4,2,0
2025-02-12T13:00:00,4,15,12,1828,5484.9,4,0
2025-02-12T14:00:00,4,16,14,1830,3658.0,6,0
2025-02-12T15:00:00,4,12,10,1832,4398.4,5,0
2025-02-12T16:00:00,4,9,8,1833,3140.7,7,0
2025-02-12T17:00:00,4,4,4,1833,2751.1,8,0
2025-02-12T18:00:00,4,7,3,1837,2753.6,8,0
2025-02-12T19:00:00,4,10,4,1843,5528.8,4,0
2025-02-12T20:00:00,4,1,3,1841,11047.5,2,0
2025-02-12T21:00:00,4,2,1,1842,3682.2,6,0
2025-02-12T22:00:00,4,0,4,1838,5513.9,4,0
2025-02-12T23:00:00,4,0,0,1838,3677.6,6,0
2025-02-13T00:00:00,4,7,4,1841,3156.6,7,0
2025-02-13T01:00:00,4,0,0,1841,2763.3,8,0
2025-02-13T02:00:00,4,4,3,1842,11051.0,2,0
2025-02-13T03:00:00,4,6,5,1843,4424.8,5,0
2025-02-13T04:00:00,4,7,6,1844,2766.0,8,0
2025-02-13T05:00:00,4,5,4,1845,4429.7,5,0
2025-02-13T06:00:00,4,2,1,1846,7382.8,3,0
2025-02-13T07:00:00,4,8,7,1847,5542.9,4,0
2025-02-13T08:00:00,4,6,7,1846,7382.4,3,0
2025-02-13T09:00:00,4,7,7,1846,4428.5,5,0
2025-02-13T10:00:00,4,11,8,1849,4436.6,5,0
2025-02-13T11:00:00,4,14,15,1848,2770.6,8,0
2025-02-13T12:00:00,4,16,11,1853,7411.3,3,0
2025-02-13T13:00:00,4,15,11,1857,7428.3,3,0
2025-02-13T14:00:00,4,16,11,1862,4469.3,5,0
2025-02-13T15:00:00,4,14,12,1864,3729.5,6,0
2025-02-13T16:00:00,4,14,13,1865,5593.9,4,0
2025-02-13T17:00:00,4,6,6,1865,2796.1,8,0
2025-02-13T18:00:00,4,6,3,1868,7473.8,3,0
2025-02-13T19:00:00,4,2,0,1870,11221.4,2,0
2025-02-13T20:00:00,4,1,1,1870,7479.7,3,0
2025-02-13T21:00:00,4,3,1,1872,4491.1,5,0
2025-02-13T22:00:00,4,6,9,1869,5608.5,4,0
2025-02-13T23:00:00,4,9,8,1870,7480.7,3,0
2025-02-14T00:00:00,4,5,3,1872,2807.9,8,0
2025-02-14T01:00:00,4,5,3,1874,5620.6,4,0
2025-02-14T02:00:00,4,10,9,1875,3750.1,6,0
2025-02-14T03:00:00,4,7,6,1876,3750.4,6,0
2025-02-14T04:00:00,4,4,3,1877,11263.7,2,0
2025-02-14T05:00:00,4,4,2,1879,11275.9,2,0
2025-02-14T06:00:00,4,3,0,1882,2822.1,8,0
2025-02-14T07:00:00,4,4,2,1884,3767.5,6,0
2025-02-14T08:00:00,4,3,5,1882,2824.6,8,0
2025-02-14T09:00:00,4,20,12,1890,2834.1,8,0
2025-02-14T10:00:00,4,18,17,1891,3782.0,6,0
2025-02-14T11:00:00,4,13,7,1897,5690.5,4,0
2025-02-14T12:00:00,4,17,9,1905,4573.1,5,0
2025-02-14T13:00:00,4,10,9,1906,5718.0,4,0
2025-02-14T14:00:00,4,17,14,1909,4579.7,5,0
2025-02-14T15:00:00,4,21,13,1917,2874.4,8,0
2025-02-14T16:00:00,4,11,11,1917,2877.1,8,0
2025-02-14T17:00:00,4,5,6,1916,5749.9,4,0
2025-02-14T18:00:00,4,0,0,1916,3283.4,7,0
2025-02-14T19:00:00,4,0,2,1914,7655.8,3,0
2025-02-14T20:00:00,4,2,0,1916,3283.4,7,0
2025-02-14T21:00:00,4,6,1,1921,11527.7,2,0
2025-02-14T22:00:00,4,2,0,1923,7692.9,3,0
2025-02-14T23:00:00,4,8,9,1922,2882.6,8,0
2025-02-15T00:00:00,4,3,2,1923,5767.3,4,0
2025-02-15T01:00:00,4,4,2,1925,11550.0,2,0
2025-02-15T02:00:00,4,3,5,1923,7691.5,3,0
2025-02-15T03:00:00,4,0,0,1923,3846.6,6,0
2025-02-15T04:00:00,4,7,7,1923,4614.6,5,0
2025-02-15T05:00:00,4,4,2,1925,3848.9,6,0
2025-02-15T06:00:00,4,6,6,1925,7701.3,3,0
2025-02-15T07:00:00,4,3,4,1924,5772.8,4,0
2025-02-15T08:00:00,4,1,0,1925,5776.6,4,0
2025-02-15T09:00:00,4,15,9,1931,3861.2,6,0
2025-02-15T10:00:00,4,18,13,1936,2902.6,8,0
2025-02-15T11:00:00,4,13,9,1940,5820.9,4,0
2025-02-15T12:00:00,4,16,13,1943,2916.3,8,0
2025-02-15T13:00:00,4,15,10,1948,3895.6,6,0
2025-02-15T14:00:00,4,8,8,1948,7793.5,3,0
2025-02-15T15:00:00,4,15,13,1950,4681.8,5,0
2025-02-15T16:00:00,4,13,7,1956,3352.7,7,0
2025-02-15T17:00:00,4,5,3,1958,3917.9,6,0
2025-02-15T18:00:00,4,0,1,1957,2936.7,8,0
2025-02-15T19:00:00,4,0,1,1956,2935.2,8,0
2025-02-15T20:00:00,4,5,5,1956,2933.9,8,0
2025-02-15T21:00:00,4,0,1,1955,2930.8,8,0
2025-02-15T22:00:00,4,9,4,1960,11759.2,2,0
2025-02-15T23:00:00,4,6,4,1962,4709.7,5,0
2025-02-16T00:00:00,4,3,3,1962,3925.6,6,0
2025-02-16T01:00:00,4,3,7,1958,2937.9,8,0
2025-02-16T02:00:00,4,4,4,1958,11749.5,2,0
2025-02-16T03:00:00,4,3,2,1959,4700.9,5,0
2025-02-16T04:00:00,4,0,1,1958,3355.3,7,0
2025-02-16T05:00:00,4,9,5,1962,3365.0,7,0
2025-02-16T06:00:00,4,2,0,1964,4712.6,5,0
2025-02-16T07:00:00,4,1,0,1965,4718.0,5,0
2025-02-16T08:00:00,4,3,2,1966,3369.0,7,0
2025-02-16T09:00:00,4,10,10,1966,11794.9,2,0
2025-02-16T10:00:00,4,14,10,1970,4729.1,5,0
2025-02-16T11:00:00,4,10,2,1978,11869.7,2,0
2025-02-16T12:00:00,4,13,10,1981,3963.3,6,0
2025-02-16T13:00:00,4,17,14,1984,3969.2,6,0
2025-02-16T14:00:00,4,21,14,1991,7964.3,3,0
2025-02-16T15:00:00,4,15,9,1997,5990.2,4,0
2025-02-16T16:00:00,4,15,9,2003,3003.0,8,0
2025-02-16T17:00:00,4,8,3,2008,12049.4,2,0
2025-02-16T18:00:00,4,0,0,2008,3013.7,8,0
2025-02-16T19:00:00,4,5,4,2009,3445.2,7,0
2025-02-16T20:00:00,4,7,7,2009,4019.2,6,0
2025-02-16T21:00:00,4,1,0,2010,4018.4,6,0
2025-02-16T22:00:00,4,1,1,2010,4019.3,6,0
2025-02-16T23:00:00,4,1,0,2011,8042.7,3,0
2025-02-17T00:00:00,4,6,6,2011,4022.4,6,0
2025-02-17T01:00:00,4,0,0,2011,12065.9,2,0
2025-02-17T02:00:00,4,8,5,2014,4028.6,6,0
2025-02-17T03:00:00,4,1,3,2012,4024.4,6,0
2025-02-17T04:00:00,4,8,5,2015,3022.7,8,0
2025-02-17T05:00:00,4,7,1,2021,3464.3,7,0
2025-02-17T06:00:00,4,5,5,2021,3465.3,7,0
2025-02-17T07:00:00,4,9,6,2024,4859.5,5,0
2025-02-17T08:00:00,4,9,8,2025,12150.5,2,0
2025-02-17T09:00:00,4,13,10,2028,4867.5,5,0
2025-02-17T10:00:00,4,16,11,2033,3486.5,7,0
2025-02-17T11:00:00,4,11,12,2032,8127.4,3,0
2025-02-17T12:00:00,4,18,13,2037,8149.1,3,0
2025-02-17T13:00:00,4,18,19,2036,8145.3,3,0
2025-02-17T14:00:00,4,15,15,2036,6110.0,4,0
2025-02-17T15:00:00,4,15,9,2042,8166.4,3,0
2025-02-17T16:00:00,4,12,9,2045,12271.3,2,0
2025-02-17T17:00:00,4,0,0,2045,3068.9,8,0
2025-02-17T18:00:00,4,2,0,2047,3510.5,7,0
2025-02-17T19:00:00,4,1,0,2048,6144.9,4,0
2025-02-17T20:00:00,4,5,4,2049,12293.2,2,0
2025-02-17T21:00:00,4,0,0,2049,4098.3,6,0
2025-02-17T22:00:00,4,2,4,2047,6142.3,4,0
2025-02-17T23:00:00,4,8,3,2052,6156.4,4,0
2025-02-18T00:00:00,4,2,0,2054,8217.6,3,0
2025-02-18T01:00:00,4,5,4,2055,4932.6,5,0
2025-02-18T02:00:00,4,0,0,2055,3082.5,8,0
2025-02-18T03:00:00,4,5,4,2056,12334.0,2,0
2025-02-18T04:00:00,4,3,1,2058,8230.7,3,0
2025-02-18T05:00:00,4,2,7,2053,8210.9,3,0
2025-02-18T06:00:00,4,4,0,2057,3086.3,8,0
2025-02-18T07:00:00,4,2,0,2059,4116.6,6,0
2025-02-18T08:00:00,4,2,3,2058,6172.3,4,0
2025-02-18T09:00:00,4,14,10,2062,4949.5,5,0
2025-02-18T10:00:00,4,14,12,2064,4127.4,6,0
2025-02-18T11:00:00,4,10,11,2063,4951.9,5,0
2025-02-18T12:00:00,4,16,13,2066,12396.3,2,0
2025-02-18T13:00:00,4,15,14,2067,12400.5,2,0
2025-02-18T14:00:00,4,17,11,2073,3111.1,8,0
2025-02-18T15:00:00,4,16,11,2078,3118.8,8,0
2025-02-18T16:00:00,4,16,10,2084,3127.0,8,0
2025-02-18T17:00:00,4,4,1,2087,6259.7,4,0
2025-02-18T18:00:00,4,5,6,2086,6256.6,4,0
2025-02-18T19:00:00,4,3,5,2084,8336.2,3,0
2025-02-18T20:00:00,4,6,5,2085,8341.0,3,0
2025-02-18T21:00:00,4,9,5,2089,3581.0,7,0
2025-02-18T22:00:00,4,8,9,2088,8352.2,3,0
2025-02-18T23:00:00,4,5,3,2090,12539.5,2,0
2025-02-19T00:00:00,4,7,2,2095,8379.7,3,0
2025-02-19T01:00:00,4,0,0,2095,3589.9,7,0
2025-02-19T02:00:00,4,3,3,2095,5029.3,5,0
2025-02-19T03:00:00,4,8,7,2096,3144.9,8,0
2025-02-19T04:00:00,4,6,7,2095,12569.3,2,0
2025-02-19T05:00:00,4,6,1,2100,5040.4,5,0
2025-02-19T06:00:00,4,6,7,2099,6297.2,4,0
2025-02-19T07:00:00,4,3,3,2099,4199.5,6,0
2025-02-19T08:00:00,4,5,5,2099,12594.2,2,0
2025-02-19T09:00:00,4,18,13,2104,8416.1,3,0
2025-02-19T10:00:00,4,18,15,2107,4213.8,6,0
2025-02-19T11:00:00,4,18,12,2113,3167.9,8,0
2025-02-19T12:00:00,4,12,12,2113,12677.1,2,0
2025-02-19T13:00:00,4,14,12,2115,3171.8,8,0
2025-02-19T14:00:00,4,12,11,2116,3172.2,8,0
2025-02-19T15:00:00,4,12,9,2119,6358.6,4,0
2025-02-19T16:00:00,4,13,11,2121,3181.1,8,0
2025-02-19T17:00:00,4,1,1,2121,4240.8,6,0
2025-02-19T18:00:00,4,7,6,2122,12731.2,2,0
2025-02-19T19:00:00,4,4,0,2126,6378.6,4,0
2025-02-19T20:00:00,4,2,5,2123,4247.3,6,0
2025-02-19T21:00:00,4,4,1,2126,4250.1,6,0
2025-02-19T22:00:00,4,7,6,2127,8509.6,3,0
2025-02-19T23:00:00,4,2,0,2129,4257.8,6,0
2025-02-20T00:00:00,4,5,1,2133,3655.1,7,0
2025-02-20T01:00:00,4,1,2,2132,12793.5,2,0
2025-02-20T02:00:00,4,0,0,2132,8527.3,3,0
2025-02-20T03:00:00,4,4,5,2131,3198.4,8,0
2025-02-20T04:00:00,4,7,6,2132,3656.4,7,0
2025-02-20T05:00:00,4,3,2,2133,3197.6,8,0
2025-02-20T06:00:00,4,6,8,2131,4262.3,6,0
2025-02-20T07:00:00,4,8,6,2133,8532.5,3,0
2025-02-20T08:00:00,4,2,0,2135,5126.0,5,0
2025-02-20T09:00:00,4,16,12,2139,12833.4,2,0
2025-02-20T10:00:00,4,14,9,2144,3675.2,7,0
2025-02-20T11:00:00,4,18,14,2148,5156.4,5,0
2025-02-20T12:00:00,4,15,8,2155,3692.6,7,0
2025-02-20T13:00:00,4,15,10,2160,6478.8,4,0
2025-02-20T14:00:00,4,21,16,2165,4331.1,6,0
2025-02-20T15:00:00,4,16,15,2166,4332.0,6,0
2025-02-20T16:00:00,4,18,14,2170,8681.5,3,0
2025-02-20T17:00:00,4,0,0,2170,3255.6,8,0
2025-02-20T18:00:00,4,2,1,2171,8683.0,3,0
2025-02-20T19:00:00,4,1,1,2171,8682.5,3,0
2025-02-20T20:00:00,4,6,4,2173,3725.3,7,0
2025-02-20T21:00:00,4,4,4,2173,3259.9,8,0
2025-02-20T22:00:00,4,2,0,2175,3728.1,7,0
2025-02-20T23:00:00,4,0,0,2175,5222.0,5,0
2025-02-21T00:00:00,4,8,3,2180,6539.8,4,0
2025-02-21T01:00:00,4,0,2,2178,5228.7,5,0
2025-02-21T02:00:00,4,2,0,2180,8721.5,3,0
2025-02-21T03:00:00,4,4,1,2183,5240.2,5,0
2025-02-21T04:00:00,4,3,3,2183,4364.6,6,0
2025-02-21T05:00:00,4,7,4,2186,3279.1,8,0
2025-02-21T06:00:00,4,2,0,2188,6564.2,4,0
2025-02-21T07:00:00,4,4,1,2191,13147.4,2,0
2025-02-21T08:00:00,4,1,1,2191,5257.7,5,0
2025-02-21T09:00:00,4,17,13,2195,13170.4,2,0
2025-02-21T10:00:00,4,15,14,2196,4390.6,6,0
2025-02-21T11:00:00,4,11,10,2197,5274.1,5,0
2025-02-21T12:00:00,4,14,13,2198,13188.2,2,0
2025-02-21T13:00:00,4,17,13,2202,13211.3,2,0
2025-02-21T14:00:00,4,16,12,2206,4413.8,6,0
2025-02-21T15:00:00,4,14,11,2209,5302.6,5,0
2025-02-21T16:00:00,4,15,7,2217,5321.2,5,0
2025-02-21T17:00:00,4,3,3,2217,4435.0,6,0
2025-02-21T18:00:00,4,0,0,2217,3327.0,8,0
2025-02-21T19:00:00,4,6,4,2219,5327.5,5,0
2025-02-21T20:00:00,4,0,0,2219,4439.0,6,0
2025-02-21T21:00:00,4,0,1,2218,3327.9,8,0
2025-02-21T22:00:00,4,3,0,2221,5331.8,5,0
2025-02-21T23:00:00,4,3,0,2224,4446.9,6,0
2025-02-22T00:00:00,4,5,4,2225,8899.0,3,0
2025-02-22T01:00:00,4,6,4,2227,3819.5,7,0
2025-02-22T02:00:00,4,7,7,2227,13361.4,2,0
2025-02-22T03:00:00,4,5,1,2231,3825.4,7,0
2025-02-22T04:00:00,4,7,6,2232,3825.0,7,0
2025-02-22T05:00:00,4,5,3,2234,3830.5,7,0
2025-02-22T06:00:00,4,5,5,2234,6703.7,4,0
2025-02-22T07:00:00,4,10,10,2234,3350.2,8,0
2025-02-22T08:00:00,4,3,0,2237,6711.9,4,0
2025-02-22T09:00:00,4,13,14,2236,3831.2,7,0
2025-02-22T10:00:00,4,22,17,2241,6723.5,4,0
2025-02-22T11:00:00,4,12,9,2244,8975.8,3,0
2025-02-22T12:00:00,4,16,13,2247,13480.5,2,0
2025-02-22T13:00:00,4,13,12,2248,3372.7,8,0
2025-02-22T14:00:00,4,16,11,2253,6757.2,4,0
2025-02-22T15:00:00,4,10,10,2253,6760.4,4,0
2025-02-22T16:00:00,4,12,9,2256,9024.0,3,0
2025-02-22T17:00:00,4,6,2,2260,9039.8,3,0
2025-02-22T18:00:00,4,7,4,2263,13577.9,2,0
2025-02-22T19:00:00,4,0,1,2262,13571.8,2,0
2025-02-22T20:00:00,4,7,7,2262,6785.1,4,0
2025-02-22T21:00:00,4,5,6,2261,6782.0,4,0
2025-02-22T22:00:00,4,0,0,2261,3875.6,7,0
2025-02-22T23:00:00,4,5,2,2264,4526.1,6,0
2025-02-23T00:00:00,4,2,0,2266,6796.1,4,0
2025-02-23T01:00:00,4,9,9,2266,4532.0,6,0
2025-02-23T02:00:00,4,6,3,2269,6808.6,4,0
2025-02-23T03:00:00,4,1,1,2269,13612.4,2,0
2025-02-23T04:00:00,4,3,0,2272,6814.8,4,0
2025-02-23T05:00:00,4,1,1,2272,9089.0,3,0
2025-02-23T06:00:00,4,5,4,2273,13638.5,2,0
2025-02-23T07:00:00,4,4,4,2273,13639.2,2,0
2025-02-23T08:00:00,4,2,4,2271,9085.8,3,0
2025-02-23T09:00:00,4,17,10,2278,9111.1,3,0
2025-02-23T10:00:00,4,15,9,2284,3916.6,7,0
2025-02-23T11:00:00,4,18,14,2288,13728.9,2,0
2025-02-23T12:00:00,4,20,13,2295,3933.1,7,0
2025-02-23T13:00:00,4,16,8,2303,9213.9,3,0
2025-02-23T14:00:00,4,17,12,2308,3462.3,8,0
2025-02-23T15:00:00,4,13,9,2312,4625.7,6,0
2025-02-23T16:00:00,4,19,15,2316,6948.9,4,0
2025-02-23T17:00:00,4,2,2,2316,3473.1,8,0
2025-02-23T18:00:00,4,6,3,2319,5566.1,5,0
2025-02-23T19:00:00,4,6,4,2321,13925.3,2,0
2025-02-23T20:00:00,4,4,6,2319,4636.6,6,0
2025-02-23T21:00:00,4,7,6,2320,6961.3,4,0
2025-02-23T22:00:00,4,2,6,2316,4632.9,6,0
2025-02-23T23:00:00,4,8,4,2320,9281.1,3,0
2025-02-24T00:00:00,4,1,1,2320,5566.9,5,0
2025-02-24T01:00:00,4,0,0,2320,5569.4,5,0
2025-02-24T02:00:00,4,2,0,2322,3982.5,7,0
2025-02-24T03:00:00,4,5,0,2327,3490.0,8,0
2025-02-24T04:00:00,4,7,3,2331,13986.8,2,0
2025-02-24T05:00:00,4,0,0,2331,5595.2,5,0
2025-02-24T06:00:00,4,2,0,2333,13999.5,2,0
2025-02-24T07:00:00,4,2,1,2334,14003.5,2,0
2025-02-24T08:00:00,4,7,0,2341,9364.4,3,0
2025-02-24T09:00:00,4,17,10,2348,14087.6,2,0
2025-02-24T10:00:00,4,16,14,2350,4030.6,7,0
2025-02-24T11:00:00,4,14,17,2347,3520.2,8,0
2025-02-24T12:00:00,4,14,8,2353,7058.1,4,0
2025-02-24T13:00:00,4,13,10,2356,5655.2,5,0
2025-02-24T14:00:00,4,11,6,2361,14165.0,2,0
2025-02-24T15:00:00,4,18,16,2363,7087.6,4,0
2025-02-24T16:00:00,4,14,10,2367,9469.5,3,0
2025-02-24T17:00:00,4,0,0,2367,4735.0,6,0
2025-02-24T18:00:00,4,3,2,2368,4737.8,6,0
2025-02-24T19:00:00,4,1,1,2368,7106.0,4,0
2025-02-24T20:00:00,4,9,7,2370,9480.6,3,0
2025-02-24T21:00:00,4,8,8,2370,7111.4,4,0
2025-02-24T22:00:00,4,6,3,2373,4745.6,6,0
2025-02-24T23:00:00,4,2,2,2373,7117.6,4,0
2025-02-25T00:00:00,4,6,1,2378,4757.3,6,0
2025-02-25T01:00:00,4,0,0,2378,3568.0,8,0
2025-02-25T02:00:00,4,6,4,2380,4078.5,7,0
2025-02-25T03:00:00,4,2,0,2382,7144.5,4,0
2025-02-25T04:00:00,4,5,5,2382,7146.7,4,0
2025-02-25T05:00:00,4,2,3,2381,7142.3,4,0
2025-02-25T06:00:00,4,6,7,2380,4078.6,7,0
2025-02-25T07:00:00,4,0,1,2379,3569.3,8,0
2025-02-25T08:00:00,4,2,2,2379,9515.0,3,0
2025-02-25T09:00:00,4,8,8,2379,14274.9,2,0
2025-02-25T10:00:00,4,17,10,2386,14317.6,2,0
2025-02-25T11:00:00,4,11,9,2388,9550.3,3,0
2025-02-25T12:00:00,4,20,17,2391,4099.2,7,0
2025-02-25T13:00:00,4,13,8,2396,7189.7,4,0
2025-02-25T14:00:00,4,18,14,2400,3599.8,8,0
2025-02-25T15:00:00,4,13,6,2407,4815.0,6,0
2025-02-25T16:00:00,4,14,12,2409,9638.0,3,0
2025-02-25T17:00:00,4,0,1,2408,9631.4,3,0
2025-02-25T18:00:00,4,8,6,2410,7230.7,4,0
2025-02-25T19:00:00,4,6,1,2415,4829.6,6,0
2025-02-25T20:00:00,4,0,0,2415,14489.2,2,0
2025-02-25T21:00:00,4,1,0,2416,14495.9,2,0
2025-02-25T22:00:00,4,1,0,2417,9668.4,3,0
2025-02-25T23:00:00,4,5,4,2418,4835.7,6,0
2025-02-26T00:00:00,4,0,0,2418,4834.4,6,0
2025-02-26T01:00:00,4,5,4,2419,3627.7,8,0
2025-02-26T02:00:00,4,5,4,2420,3628.8,8,0
2025-02-26T03:00:00,4,0,3,2417,9669.5,3,0
2025-02-26T04:00:00,4,4,5,2416,4831.6,6,0
2025-02-26T05:00:00,4,2,0,2418,9671.3,3,0
2025-02-26T06:00:00,4,1,2,2417,3625.5,8,0
2025-02-26T07:00:00,4,7,9,2415,4829.0,6,0
2025-02-26T08:00:00,4,4,0,2419,3629.0,8,0
2025-02-26T09:00:00,4,17,16,2420,9681.6,3,0
2025-02-26T10:00:00,4,18,13,2425,4849.2,6,0
2025-02-26T11:00:00,4,11,10,2426,5822.5,5,0
2025-02-26T12:00:00,4,15,13,2428,9713.8,3,0
2025-02-26T13:00:00,4,16,10,2434,7302.2,4,0
2025-02-26T14:00:00,4,15,12,2437,9748.5,3,0
2025-02-26T15:00:00,4,11,10,2438,9752.3,3,0
2025-02-26T16:00:00,4,10,4,2444,7330.4,4,0
2025-02-26T17:00:00,4,6,6,2444,5865.6,5,0
2025-02-26T18:00:00,4,6,2,2448,3673.9,8,0
2025-02-26T19:00:00,4,7,4,2451,4903.2,6,0
2025-02-26T20:00:00,4,1,4,2448,14686.7,2,0
2025-02-26T21:00:00,4,5,2,2451,3677.6,8,0
2025-02-26T22:00:00,4,5,4,2452,14711.4,2,0
2025-02-26T23:00:00,4,3,2,2453,4904.3,6,0
2025-02-27T00:00:00,4,3,5,2451,4900.6,6,0
2025-02-27T01:00:00,4,6,0,2457,5897.0,5,0
2025-02-27T02:00:00,4,0,0,2457,7371.8,4,0
2025-02-27T03:00:00,4,0,0,2457,14743.1,2,0
2025-02-27T04:00:00,4,0,0,2457,14740.7,2,0
2025-02-27T05:00:00,4,5,3,2459,4916.9,6,0
2025-02-27T06:00:00,4,5,4,2460,5903.2,5,0
2025-02-27T07:00:00,4,0,0,2460,9841.0,3,0
2025-02-27T08:00:00,4,4,3,2461,3693.5,8,0
2025-02-27T09:00:00,4,12,11,2462,9846.6,3,0
2025-02-27T10:00:00,4,11,9,2464,9856.3,3,0
2025-02-27T11:00:00,4,12,10,2466,7398.6,4,0
2025-02-27T12:00:00,4,12,6,2472,4944.4,6,0
2025-02-27T13:00:00,4,14,12,2474,3711.7,8,0
2025-02-27T14:00:00,4,17,15,2476,14855.7,2,0
2025-02-27T15:00:00,4,15,10,2481,4963.5,6,0
2025-02-27T16:00:00,4,17,10,2488,3733.1,8,0
2025-02-27T17:00:00,4,2,4,2486,14917.4,2,0
2025-02-27T18:00:00,4,8,5,2489,5971.7,5,0
2025-02-27T19:00:00,4,7,3,2493,4275.1,7,0
2025-02-27T20:00:00,4,0,0,2493,7478.7,4,0
2025-02-27T21:00:00,4,7,3,2497,4280.6,7,0
2025-02-27T22:00:00,4,2,2,2497,4281.1,7,0
2025-02-27T23:00:00,4,2,1,2498,9990.7,3,0
2025-02-28T00:00:00,4,0,0,2498,4997.8,6,0
2025-02-28T01:00:00,4,0,0,2498,4997.6,6,0
2025-02-28T02:00:00,4,7,3,2502,3752.0,8,0
2025-02-28T03:00:00,4,5,1,2506,5011.9,6,0
2025-02-28T04:00:00,4,0,1,2505,3756.9,8,0
2025-02-28T05:00:00,4,0,0,2505,3758.7,8,0
2025-02-28T06:00:00,4,0,0,2505,10021.0,3,0
2025-02-28T07:00:00,4,7,9,2503,3754.1,8,0
2025-02-28T08:00:00,4,4,0,2507,6015.5,5,0
2025-02-28T09:00:00,4,15,9,2513,15077.4,2,0
2025-02-28T10:00:00,4,12,8,2517,10066.3,3,0
2025-02-28T11:00:00,4,15,15,2517,3773.9,8,0
2025-02-28T12:00:00,4,15,13,2519,10075.7,3,0
2025-02-28T13:00:00,4,12,11,2520,3780.2,8,0
2025-02-28T14:00:00,4,20,16,2524,5049.3,6,0
2025-02-28T15:00:00,4,18,14,2528,5056.8,6,0
2025-02-28T16:00:00,4,14,12,2530,7589.5,4,0
2025-02-28T17:00:00,4,7,6,2531,7592.3,4,0
2025-02-28T18:00:00,4,7,7,2531,6073.4,5,0
2025-02-28T19:00:00,4,1,0,2532,7594.5,4,0
2025-02-28T20:00:00,4,6,1,2537,5072.0,6,0
2025-02-28T21:00:00,4,4,1,2540,6097.9,5,0
2025-02-28T22:00:00,4,0,0,2540,4353.5,7,0
2025-02-28T23:00:00,4,8,2,2546,10184.4,3,0
2025-03-01T00:00:00,4,7,6,2547,10187.4,3,0
2025-03-01T01:00:00,4,0,2,2545,4362.9,7,0
2025-03-01T02:00:00,4,6,4,2547,3819.0,8,0
2025-03-01T03:00:00,4,1,0,2548,15287.4,2,0
2025-03-01T04:00:00,4,2,0,2550,3825.3,8,0
2025-03-01T05:00:00,4,4,1,2553,7658.6,4,0
2025-03-01T06:00:00,4,0,0,2553,4377.9,7,0
2025-03-01T07:00:00,4,4,4,2553,10211.3,3,0
2025-03-01T08:00:00,4,5,6,2552,3827.4,8,0
2025-03-01T09:00:00,4,19,12,2559,3839.0,8,0
2025-03-01T10:00:00,4,13,7,2565,15390.2,2,0
2025-03-01T11:00:00,4,11,8,2568,7703.2,4,0
2025-03-01T12:00:00,4,14,14,2568,4402.8,7,0
2025-03-01T13:00:00,4,18,13,2573,4411.7,7,0
2025-03-01T14:00:00,4,14,9,2578,10312.4,3,0
2025-03-01T15:00:00,4,21,13,2586,3878.5,8,0
2025-03-01T16:00:00,4,17,11,2592,7778.0,4,0
2025-03-01T17:00:00,4,7,6,2593,3890.5,8,0
2025-03-01T18:00:00,4,6,1,2598,7794.8,4,0
2025-03-01T19:00:00,4,0,5,2593,10373.9,3,0
2025-03-01T20:00:00,4,0,4,2589,4440.1,7,0
2025-03-01T21:00:00,4,7,4,2592,5183.3,6,0
2025-03-01T22:00:00,4,2,1,2593,6224.4,5,0
2025-03-01T23:00:00,4,2,1,2594,6226.2,5,0
2025-03-02T00:00:00,4,8,2,2600,4456.1,7,0
2025-03-02T01:00:00,4,2,0,2602,6244.3,5,0
2025-03-02T02:00:00,4,7,2,2607,7822.3,4,0
2025-03-02T03:00:00,4,9,4,2612,5222.6,6,0
2025-03-02T04:00:00,4,3,0,2615,6277.0,5,0
2025-03-02T05:00:00,4,2,4,2613,10452.7,3,0
2025-03-02T06:00:00,4,1,0,2614,5228.9,6,0
2025-03-02T07:00:00,4,1,0,2615,7843.0,4,0
2025-03-02T08:00:00,4,2,2,2615,15689.9,2,0
2025-03-02T09:00:00,4,17,16,2616,6279.3,5,0
2025-03-02T10:00:00,4,12,8,2620,6288.3,5,0
2025-03-02T11:00:00,4,11,11,2620,4491.1,7,0
2025-03-02T12:00:00,4,16,12,2624,4496.7,7,0
2025-03-02T13:00:00,4,16,11,2629,15775.8,2,0
2025-03-02T14:00:00,4,14,10,2633,7897.3,4,0
2025-03-02T15:00:00,4,12,6,2639,10556.9,3,0
2025-03-02T16:00:00,4,8,9,2638,6330.5,5,0
2025-03-02T17:00:00,4,4,4,2638,15829.5,2,0
2025-03-02T18:00:00,4,8,6,2640,3961.0,8,0
2025-03-02T19:00:00,4,4,6,2638,15829.5,2,0
2025-03-02T20:00:00,4,7,5,2640,4524.6,7,0
2025-03-02T21:00:00,4,3,3,2640,3961.2,8,0
2025-03-02T22:00:00,4,0,0,2640,6336.2,5,0
2025-03-02T23:00:00,4,9,4,2645,4535.5,7,0
2025-03-03T00:00:00,4,5,6,2644,6345.1,5,0
2025-03-03T01:00:00,4,4,4,2644,4532.0,7,0
2025-03-03T02:00:00,4,5,6,2643,6345.1,5,0
2025-03-03T03:00:00,4,1,0,2644,4534.3,7,0
2025-03-03T04:00:00,4,2,1,2645,3969.3,8,0
2025-03-03T05:00:00,4,7,7,2645,5289.1,6,0
2025-03-03T06:00:00,4,6,7,2644,3965.0,8,0
2025-03-03T07:00:00,4,0,0,2644,3966.8,8,0
2025-03-03T08:00:00,4,4,4,2644,7933.8,4,0
2025-03-03T09:00:00,4,13,7,2650,5298.2,6,0
2025-03-03T10:00:00,4,21,17,2654,6369.3,5,0
2025-03-03T11:00:00,4,9,2,2661,3990.4,8,0
2025-03-03T12:00:00,4,16,12,2665,3998.3,8,0
2025-03-03T13:00:00,4,11,7,2669,8007.0,4,0
2025-03-03T14:00:00,4,16,14,2671,16026.4,2,0
2025-03-03T15:00:00,4,12,9,2674,6417.8,5,0
2025-03-03T16:00:00,4,16,13,2677,5353.1,6,0
2025-03-03T17:00:00,4,6,7,2676,4012.1,8,0
2025-03-03T18:00:00,4,5,2,2679,8038.0,4,0
2025-03-03T19:00:00,4,6,4,2681,4021.1,8,0
2025-03-03T20:00:00,4,5,3,2683,4025.8,8,0
2025-03-03T21:00:00,4,0,4,2679,5358.6,6,0
2025-03-03T22:00:00,4,8,8,2679,6430.5,5,0
2025-03-03T23:00:00,4,9,7,2681,8044.0,4,0
2025-03-04T00:00:00,4,0,0,2681,5360.8,6,0
2025-03-04T01:00:00,4,5,4,2682,10726.7,3,0
2025-03-04T02:00:00,4,1,0,2683,10732.6,3,0
2025-03-04T03:00:00,4,4,1,2686,8057.1,4,0
2025-03-04T04:00:00,4,0,0,2686,4030.5,8,0
2025-03-04T05:00:00,4,8,6,2688,10751.9,3,0
2025-03-04T06:00:00,4,5,5,2688,5377.4,6,0
2025-03-04T07:00:00,4,5,2,2691,6457.8,5,0
2025-03-04T08:00:00,4,0,0,2691,4611.8,7,0
2025-03-04T09:00:00,4,19,15,2695,16168.9,2,0
2025-03-04T10:00:00,4,15,12,2698,5395.6,6,0
2025-03-04T11:00:00,4,12,7,2703,4633.9,7,0
2025-03-04T12:00:00,4,18,16,2705,10821.9,3,0
2025-03-04T13:00:00,4,12,9,2708,10830.3,3,0
2025-03-04T14:00:00,4,12,7,2713,4652.6,7,0
2025-03-04T15:00:00,4,18,16,2715,4656.1,7,0
2025-03-04T16:00:00,4,18,12,2721,6531.5,5,0
2025-03-04T17:00:00,4,8,7,2722,16331.6,2,0
2025-03-04T18:00:00,4,2,0,2724,4086.8,8,0
2025-03-04T19:00:00,4,1,1,2724,16344.3,2,0
2025-03-04T20:00:00,4,3,3,2724,10897.4,3,0
2025-03-04T21:00:00,4,7,8,2723,4666.6,7,0
2025-03-04T22:00:00,4,5,2,2726,6542.3,5,0
2025-03-04T23:00:00,4,3,1,2728,16369.6,2,0
2025-03-05T00:00:00,4,5,7,2726,10904.8,3,0
2025-03-05T01:00:00,4,8,4,2730,6553.2,5,0
2025-03-05T02:00:00,4,2,2,2730,10918.2,3,0
2025-03-05T03:00:00,4,0,2,2728,5454.9,6,0
2025-03-05T04:00:00,4,0,0,2728,4091.6,8,0
2025-03-05T05:00:00,4,4,2,2730,16379.2,2,0
2025-03-05T06:00:00,4,3,2,2731,16386.3,2,0
2025-03-05T07:00:00,4,0,2,2729,6551.5,5,0
2025-03-05T08:00:00,4,5,1,2733,5468.0,6,0
2025-03-05T09:00:00,4,12,6,2739,5479.9,6,0
2025-03-05T10:00:00,4,14,10,2743,8229.9,4,0
2025-03-05T11:00:00,4,15,8,2750,8248.7,4,0
2025-03-05T12:00:00,4,20,14,2756,4726.1,7,0
2025-03-05T13:00:00,4,11,11,2756,4725.3,7,0
2025-03-05T14:00:00,4,17,15,2758,8274.4,4,0
2025-03-05T15:00:00,4,13,11,2760,8279.0,4,0
2025-03-05T16:00:00,4,17,17,2760,8280.8,4,0
2025-03-05T17:00:00,4,3,4,2759,4139.5,8,0
2025-03-05T18:00:00,4,3,1,2761,8282.5,4,0
2025-03-05T19:00:00,4,0,1,2760,11038.3,3,0
2025-03-05T20:00:00,4,8,5,2763,6630.7,5,0
2025-03-05T21:00:00,4,3,1,2765,5528.7,6,0
2025-03-05T22:00:00,4,2,0,2767,16602.8,2,0
2025-03-05T23:00:00,4,5,9,2763,4142.6,8,0
2025-03-06T00:00:00,4,8,8,2763,11050.8,3,0
2025-03-06T01:00:00,4,3,3,2763,5525.1,6,0
2025-03-06T02:00:00,4,3,2,2764,8293.5,4,0
2025-03-06T03:00:00,4,8,7,2765,6635.7,5,0
2025-03-06T04:00:00,4,0,0,2765,11058.3,3,0
2025-03-06T05:00:00,4,2,0,2767,5532.8,6,0
2025-03-06T06:00:00,4,3,0,2770,8309.7,4,0
2025-03-06T07:00:00,4,9,8,2771,6648.8,5,0
2025-03-06T08:00:00,4,6,7,2770,11080.8,3,0
2025-03-06T09:00:00,4,19,15,2774,11096.0,3,0
2025-03-06T10:00:00,4,18,16,2776,16656.1,2,0
2025-03-06T11:00:00,4,16,12,2780,4168.4,8,0
2025-03-06T12:00:00,4,13,6,2787,8360.8,4,0
2025-03-06T13:00:00,4,14,12,2789,4181.5,8,0
2025-03-06T14:00:00,4,16,14,2791,8373.8,4,0
2025-03-06T15:00:00,4,11,8,2794,5588.4,6,0
2025-03-06T16:00:00,4,21,16,2799,4799.5,7,0
2025-03-06T17:00:00,4,7,5,2801,4799.8,7,0
2025-03-06T18:00:00,4,1,0,2802,4204.1,8,0
2025-03-06T19:00:00,4,6,4,2804,4207.8,8,0
2025-03-06T20:00:00,4,6,3,2807,4812.4,7,0
2025-03-06T21:00:00,4,3,0,2810,8431.1,4,0
2025-03-06T22:00:00,4,5,1,2814,16885.9,2,0
2025-03-06T23:00:00,4,3,3,2814,8443.6,4,0
2025-03-07T00:00:00,4,5,4,2815,16888.1,2,0
2025-03-07T01:00:00,4,2,5,2812,6747.8,5,0
2025-03-07T02:00:00,4,0,0,2812,16871.2,2,0
2025-03-07T03:00:00,4,10,3,2819,11277.7,3,0
2025-03-07T04:00:00,4,4,0,2823,6775.2,5,0
2025-03-07T05:00:00,4,2,1,2824,8471.0,4,0
2025-03-07T06:00:00,4,7,3,2828,6789.1,5,0
2025-03-07T07:00:00,4,2,1,2829,4849.5,7,0
2025-03-07T08:00:00,4,8,7,2830,4243.8,8,0
2025-03-07T09:00:00,4,17,14,2833,4854.9,7,0
2025-03-07T10:00:00,4,16,9,2840,11361.5,3,0
2025-03-07T11:00:00,4,16,14,2842,5684.0,6,0
2025-03-07T12:00:00,4,21,18,2845,11379.4,3,0
2025-03-07T13:00:00,4,13,12,2846,5692.9,6,0
2025-03-07T14:00:00,4,14,13,2847,11388.0,3,0
2025-03-07T15:00:00,4,15,14,2848,6836.8,5,0
2025-03-07T16:00:00,4,16,10,2854,8563.1,4,0
2025-03-07T17:00:00,4,4,5,2853,4892.4,7,0
2025-03-07T18:00:00,4,3,1,2855,6853.5,5,0
2025-03-07T19:00:00,4,2,5,2852,11408.6,3,0
2025-03-07T20:00:00,4,2,2,2852,11408.3,3,0
2025-03-07T21:00:00,4,6,5,2853,6845.9,5,0
2025-03-07T22:00:00,4,11,9,2855,4895.4,7,0
2025-03-07T23:00:00,4,4,2,2857,5714.7,6,0
2025-03-08T00:00:00,4,6,7,2856,17134.6,2,0
2025-03-08T01:00:00,4,5,2,2859,11434.3,3,0
2025-03-08T02:00:00,4,1,0,2860,5720.9,6,0
2025-03-08T03:00:00,4,0,0,2860,6864.0,5,0
2025-03-08T04:00:00,4,2,2,2860,6863.3,5,0
2025-03-08T05:00:00,4,0,0,2860,17159.2,2,0
2025-03-08T06:00:00,4,0,0,2860,6863.6,5,0
2025-03-08T07:00:00,4,0,0,2860,6863.9,5,0
2025-03-08T08:00:00,4,9,7,2862,11446.4,3,0
2025-03-08T09:00:00,4,17,17,2862,5725.5,6,0
2025-03-08T10:00:00,4,15,13,2864,17183.3,2,0
2025-03-08T11:00:00,4,13,9,2868,5736.0,6,0
2025-03-08T12:00:00,4,14,10,2872,4306.3,8,0
2025-03-08T13:00:00,4,16,13,2875,5748.6,6,0
2025-03-08T14:00:00,4,19,18,2876,4314.0,8,0
2025-03-08T15:00:00,4,15,13,2878,11510.5,3,0
2025-03-08T16:00:00,4,13,8,2883,4322.7,8,0
2025-03-08T17:00:00,4,1,2,2882,11528.8,3,0
2025-03-08T18:00:00,4,6,3,2885,5771.4,6,0
2025-03-08T19:00:00,4,6,8,2883,11532.3,3,0
2025-03-08T20:00:00,4,4,2,2885,8656.2,4,0
2025-03-08T21:00:00,4,1,0,2886,4948.8,7,0
2025-03-08T22:00:00,4,6,3,2889,11555.2,3,0
2025-03-08T23:00:00,4,0,2,2887,5773.4,6,0
2025-03-09T00:00:00,4,0,0,2887,11546.2,3,0
2025-03-09T01:00:00,4,1,0,2888,17329.6,2,0
2025-03-09T02:00:00,4,0,0,2888,8662.7,4,0
2025-03-09T03:00:00,4,4,1,2891,11562.9,3,0
2025-03-09T04:00:00,4,5,5,2891,4337.2,8,0
2025-03-09T05:00:00,4,3,4,2890,4954.9,7,0
2025-03-09T06:00:00,4,6,7,2889,11556.4,3,0
2025-03-09T07:00:00,4,5,0,2894,11576.4,3,0
2025-03-09T08:00:00,4,6,6,2894,4961.9,7,0
2025-03-09T09:00:00,4,13,8,2899,4347.2,8,0
2025-03-09T10:00:00,4,18,13,2904,8712.6,4,0
2025-03-09T11:00:00,4,13,9,2908,5815.7,6,0
2025-03-09T12:00:00,4,13,9,2912,4368.8,8,0
2025-03-09T13:00:00,4,16,11,2917,4375.0,8,0
2025-03-09T14:00:00,4,13,10,2920,8760.1,4,0
2025-03-09T15:00:00,4,18,13,2925,11701.3,3,0
2025-03-09T16:00:00,4,13,7,2931,8791.7,4,0
2025-03-09T17:00:00,4,0,0,2931,5861.0,6,0
2025-03-09T18:00:00,4,5,8,2928,11710.1,3,0
2025-03-09T19:00:00,4,5,0,2933,5864.3,6,0
2025-03-09T20:00:00,4,4,7,2930,4393.4,8,0
2025-03-09T21:00:00,4,2,0,2932,8794.6,4,0
2025-03-09T22:00:00,4,2,2,2932,5028.1,7,0
2025-03-09T23:00:00,4,0,0,2932,8794.4,4,0
2025-03-10T00:00:00,4,3,1,2934,5866.5,6,0
2025-03-10T01:00:00,4,2,2,2934,8802.6,4,0
2025-03-10T02:00:00,4,1,3,2932,5864.2,6,0
2025-03-10T03:00:00,4,7,7,2932,5864.8,6,0
2025-03-10T04:00:00,4,0,0,2932,7038.5,5,0
2025-03-10T05:00:00,4,2,2,2932,8794.2,4,0
2025-03-10T06:00:00,4,5,3,2934,5867.9,6,0
2025-03-10T07:00:00,4,9,8,2935,17608.2,2,0
2025-03-10T08:00:00,4,1,0,2936,4403.5,8,0
2025-03-10T09:00:00,4,13,12,2937,8812.4,4,0
2025-03-10T10:00:00,4,16,12,2941,8824.4,4,0
2025-03-10T11:00:00,4,15,10,2946,4420.5,8,0
2025-03-10T12:00:00,4,14,13,2947,7072.6,5,0
2025-03-10T13:00:00,4,15,16,2946,7072.1,5,0
2025-03-10T14:00:00,4,16,14,2948,17686.5,2,0
2025-03-10T15:00:00,4,17,16,2949,4422.7,8,0
2025-03-10T16:00:00,4,19,15,2953,17717.5,2,0
2025-03-10T17:00:00,4,4,3,2954,17722.1,2,0
2025-03-10T18:00:00,4,0,0,2954,5065.4,7,0
2025-03-10T19:00:00,4,5,4,2955,8863.6,4,0
2025-03-10T20:00:00,4,0,0,2955,17730.2,2,0
2025-03-10T21:00:00,4,3,4,2954,7088.5,5,0
2025-03-10T22:00:00,4,0,0,2954,5065.0,7,0
2025-03-10T23:00:00,4,0,0,2954,4431.6,8,0
2025-03-11T00:00:00,4,7,9,2952,4429.0,8,0
2025-03-11T01:00:00,4,2,0,2954,11816.8,3,0
2025-03-11T02:00:00,4,8,9,2953,8857.9,4,0
2025-03-11T03:00:00,4,3,2,2954,5064.0,7,0
2025-03-11T04:00:00,4,6,6,2954,8863.0,4,0
2025-03-11T05:00:00,4,5,4,2955,5066.4,7,0
2025-03-11T06:00:00,4,0,2,2953,8859.5,4,0
2025-03-11T07:00:00,4,6,2,2957,8870.5,4,0
2025-03-11T08:00:00,4,9,12,2954,11816.3,3,0
2025-03-11T09:00:00,4,16,12,2958,11831.6,3,0
2025-03-11T10:00:00,4,13,9,2962,5076.1,7,0
2025-03-11T11:00:00,4,13,12,2963,5924.1,6,0
2025-03-11T12:00:00,4,20,15,2968,4453.8,8,0
2025-03-11T13:00:00,4,16,12,2972,17831.1,2,0
2025-03-11T14:00:00,4,17,18,2971,11882.7,3,0
2025-03-11T15:00:00,4,16,10,2977,11909.7,3,0
2025-03-11T16:00:00,4,18,13,2982,5963.5,6,0
2025-03-11T17:00:00,4,7,9,2980,11920.3,3,0
2025-03-11T18:00:00,4,4,2,2982,7155.3,5,0
2025-03-11T19:00:00,4,5,5,2982,11929.5,3,0
2025-03-11T20:00:00,4,3,2,2983,8948.5,4,0
2025-03-11T21:00:00,4,4,5,2982,4472.3,8,0
2025-03-11T22:00:00,4,8,5,2985,8956.6,4,0
2025-03-11T23:00:00,4,5,5,2985,11940.2,3,0
2025-03-12T00:00:00,4,6,6,2985,5969.0,6,0
2025-03-12T01:00:00,4,2,6,2981,7153.4,5,0
2025-03-12T02:00:00,4,6,4,2983,5965.6,6,0
2025-03-12T03:00:00,4,3,1,2985,8954.3,4,0
2025-03-12T04:00:00,4,3,0,2988,11952.8,3,0
2025-03-12T05:00:00,4,0,0,2988,5976.6,6,0
2025-03-12T06:00:00,4,8,3,2993,8977.4,4,0
2025-03-12T07:00:00,4,6,2,2997,5138.4,7,0
2025-03-12T08:00:00,4,6,6,2997,4497.4,8,0
2025-03-12T09:00:00,4,14,12,2999,7198.3,5,0
2025-03-12T10:00:00,4,8,5,3002,12007.0,3,0
2025-03-12T11:00:00,4,19,15,3006,5151.7,7,0
2025-03-12T12:00:00,4,14,11,3009,6016.6,6,0
2025-03-12T13:00:00,4,14,13,3010,4514.7,8,0
2025-03-12T14:00:00,4,14,10,3014,18082.3,2,0
2025-03-12T15:00:00,4,12,8,3018,12071.3,3,0
2025-03-12T16:00:00,4,16,11,3023,12090.6,3,0
2025-03-12T17:00:00,4,7,7,3023,9067.6,4,0
2025-03-12T18:00:00,4,6,3,3026,12104.8,3,0
2025-03-12T19:00:00,4,5,2,3029,12115.7,3,0
2025-03-12T20:00:00,4,7,9,3027,18163.2,2,0
2025-03-12T21:00:00,4,0,0,3027,12107.4,3,0
2025-03-12T22:00:00,4,3,3,3027,6052.4,6,0
2025-03-12T23:00:00,4,2,3,3026,6051.0,6,0
2025-03-13T00:00:00,4,5,6,3025,9073.8,4,0
2025-03-13T01:00:00,4,4,0,3029,12117.5,3,0
2025-03-13T02:00:00,4,5,1,3033,5200.8,7,0
2025-03-13T03:00:00,4,1,1,3033,9099.8,4,0
2025-03-13T04:00:00,4,0,0,3033,18196.9,2,0
2025-03-13T05:00:00,4,2,2,3033,9100.6,4,0
2025-03-13T06:00:00,4,9,6,3036,18214.9,2,0
2025-03-13T07:00:00,4,7,6,3037,5205.6,7,0
2025-03-13T08:00:00,4,11,9,3039,5209.5,7,0
2025-03-13T09:00:00,4,15,9,3045,7308.5,5,0
2025-03-13T10:00:00,4,17,13,3049,9145.4,4,0
2025-03-13T11:00:00,4,13,10,3052,5232.5,7,0
2025-03-13T12:00:00,4,16,13,3055,12218.2,3,0
2025-03-13T13:00:00,4,21,16,3060,7343.1,5,0
2025-03-13T14:00:00,4,10,6,3064,4597.5,8,0
2025-03-13T15:00:00,4,16,13,3067,9201.7,4,0
2025-03-13T16:00:00,4,19,15,3071,6141.8,6,0
2025-03-13T17:00:00,4,2,1,3072,5266.8,7,0
2025-03-13T18:00:00,4,3,1,3074,9222.4,4,0
2025-03-13T19:00:00,4,3,1,3076,6152.3,6,0
2025-03-13T20:00:00,4,4,7,3073,12290.9,3,0
2025-03-13T21:00:00,4,3,0,3076,4614.0,8,0
2025-03-13T22:00:00,4,2,3,3075,12301.7,3,0
2025-03-13T23:00:00,4,0,1,3074,12296.9,3,0
2025-03-14T00:00:00,4,1,0,3075,6148.5,6,0
2025-03-14T01:00:00,4,1,0,3076,4615.2,8,0
2025-03-14T02:00:00,4,7,5,3078,12310.1,3,0
2025-03-14T03:00:00,4,6,6,3078,5276.8,7,0
2025-03-14T04:00:00,4,10,5,3083,7401.1,5,0
2025-03-14T05:00:00,4,0,4,3079,12316.2,3,0
2025-03-14T06:00:00,4,3,1,3081,18487.9,2,0
2025-03-14T07:00:00,4,5,5,3081,7394.6,5,0
2025-03-14T08:00:00,4,3,2,3082,4624.3,8,0
2025-03-14T09:00:00,4,22,16,3088,4633.6,8,0
2025-03-14T10:00:00,4,16,15,3089,6177.2,6,0
2025-03-14T11:00:00,4,11,8,3092,4639.3,8,0
2025-03-14T12:00:00,4,14,8,3098,6195.6,6,0
2025-03-14T13:00:00,4,14,14,3098,12391.5,3,0
2025-03-14T14:00:00,4,18,11,3105,18630.8,2,0
2025-03-14T15:00:00,4,17,15,3107,9320.0,4,0
2025-03-14T16:00:00,4,16,12,3111,7466.2,5,0
2025-03-14T17:00:00,4,7,5,3113,9340.9,4,0
2025-03-14T18:00:00,4,10,6,3117,6232.9,6,0
2025-03-14T19:00:00,4,1,2,3116,5341.5,7,0
2025-03-14T20:00:00,4,4,3,3117,6234.5,6,0
2025-03-14T21:00:00,4,2,1,3118,4675.8,8,0
2025-03-14T22:00:00,4,3,5,3116,7477.6,5,0
2025-03-14T23:00:00,4,3,0,3119,5347.8,7,0
2025-03-15T00:00:00,4,0,0,3119,4677.2,8,0
2025-03-15T01:00:00,4,6,6,3119,7485.1,5,0
2025-03-15T02:00:00,4,6,5,3120,9359.7,4,0
2025-03-15T03:00:00,4,6,7,3119,5347.7,7,0
2025-03-15T04:00:00,4,5,2,3122,6245.5,6,0
2025-03-15T05:00:00,4,6,7,3121,9363.5,4,0
2025-03-15T06:00:00,4,3,2,3122,9365.2,4,0
2025-03-15T07:00:00,4,4,1,3125,6251.8,6,0
2025-03-15T08:00:00,4,4,6,3123,4685.5,8,0
2025-03-15T09:00:00,4,10,8,3125,9376.0,4,0
2025-03-15T10:00:00,4,17,12,3130,6261.2,6,0
2025-03-15T11:00:00,4,12,10,3132,4698.1,8,0
2025-03-15T12:00:00,4,20,15,3137,9409.2,4,0
2025-03-15T13:00:00,4,15,11,3141,9422.1,4,0
2025-03-15T14:00:00,4,12,8,3145,12579.0,3,0
2025-03-15T15:00:00,4,17,13,3149,12596.3,3,0
2025-03-15T16:00:00,4,13,12,3150,18901.7,2,0
2025-03-15T17:00:00,4,6,5,3151,4725.2,8,0
2025-03-15T18:00:00,4,4,8,3147,7551.6,5,0
2025-03-15T19:00:00,4,8,7,3148,5398.2,7,0
2025-03-15T20:00:00,4,1,1,3148,18887.2,2,0
2025-03-15T21:00:00,4,5,0,3153,18918.0,2,0
2025-03-15T22:00:00,4,0,0,3153,7565.2,5,0
2025-03-15T23:00:00,4,0,1,3152,4727.7,8,0
2025-03-16T00:00:00,4,0,0,3152,12609.7,3,0
2025-03-16T01:00:00,4,5,4,3153,5405.2,7,0
2025-03-16T02:00:00,4,7,8,3152,6305.7,6,0
2025-03-16T03:00:00,4,6,1,3157,4736.2,8,0
2025-03-16T04:00:00,4,3,0,3160,9480.0,4,0
2025-03-16T05:00:00,4,3,4,3159,5415.7,7,0
2025-03-16T06:00:00,4,5,4,3160,12639.9,3,0
2025-03-16T07:00:00,4,5,6,3159,7583.2,5,0
2025-03-16T08:00:00,4,3,3,3159,12636.6,3,0
2025-03-16T09:00:00,4,22,17,3164,9493.5,4,0
2025-03-16T10:00:00,4,15,13,3166,6330.6,6,0
2025-03-16T11:00:00,4,18,15,3169,6336.4,6,0
2025-03-16T12:00:00,4,11,9,3171,9513.2,4,0
2025-03-16T13:00:00,4,16,16,3171,6341.2,6,0
2025-03-16T14:00:00,4,11,11,3171,5435.8,7,0
2025-03-16T15:00:00,4,19,16,3174,9523.2,4,0
2025-03-16T16:00:00,4,14,6,3182,12726.2,3,0
2025-03-16T17:00:00,4,4,2,3184,5457.8,7,0
2025-03-16T18:00:00,4,0,1,3183,7638.1,5,0
2025-03-16T19:00:00,4,0,0,3183,6365.6,6,0
2025-03-16T20:00:00,4,4,4,3183,12733.3,3,0
2025-03-16T21:00:00,4,5,3,3185,7644.8,5,0
2025-03-16T22:00:00,4,5,5,3185,19110.1,2,0
2025-03-16T23:00:00,4,1,2,3184,12735.8,3,0
2025-03-17T00:00:00,4,4,1,3187,6374.9,6,0
2025-03-17T01:00:00,4,0,0,3187,5461.7,7,0
2025-03-17T02:00:00,4,1,0,3188,6374.1,6,0
2025-03-17T03:00:00,4,11,6,3193,9578.2,4,0
2025-03-17T04:00:00,4,4,1,3196,4792.1,8,0
2025-03-17T05:00:00,4,4,6,3194,7667.2,5,0
2025-03-17T06:00:00,4,1,0,3195,9585.1,4,0
2025-03-17T07:00:00,4,4,3,3196,9588.8,4,0
2025-03-17T08:00:00,4,2,0,3198,7674.9,5,0
2025-03-17T09:00:00,4,17,8,3207,9619.6,4,0
2025-03-17T10:00:00,4,19,16,3210,19260.6,2,0
2025-03-17T11:00:00,4,15,11,3214,6427.1,6,0
2025-03-17T12:00:00,4,18,13,3219,4830.5,8,0
2025-03-17T13:00:00,4,13,14,3218,4825.9,8,0
2025-03-17T14:00:00,4,13,9,3222,5522.6,7,0
2025-03-17T15:00:00,4,14,12,3224,4834.1,8,0
2025-03-17T16:00:00,4,12,7,3229,9688.1,4,0
2025-03-17T17:00:00,4,1,0,3230,4846.1,8,0
2025-03-17T18:00:00,4,8,6,3232,4846.3,8,0
2025-03-17T19:00:00,4,4,3,3233,9699.7,4,0
2025-03-17T20:00:00,4,4,2,3235,19408.7,2,0
2025-03-17T21:00:00,4,0,0,3235,7763.1,5,0
2025-03-17T22:00:00,4,1,1,3235,7764.8,5,0
2025-03-17T23:00:00,4,4,3,3236,5549.0,7,0
2025-03-18T00:00:00,4,6,7,3235,19408.4,2,0
2025-03-18T01:00:00,4,2,3,3234,5545.8,7,0
2025-03-18T02:00:00,4,5,3,3236,9708.9,4,0
2025-03-18T03:00:00,4,4,9,3231,6460.4,6,0
2025-03-18T04:00:00,4,0,6,3225,9675.1,4,0
2025-03-18T05:00:00,4,3,2,3226,7743.5,5,0
2025-03-18T06:00:00,4,0,0,3226,5529.6,7,0
2025-03-18T07:00:00,4,6,4,3228,7746.3,5,0
2025-03-18T08:00:00,4,1,3,3226,19355.2,2,0
2025-03-18T09:00:00,4,13,10,3229,6456.1,6,0
2025-03-18T10:00:00,4,15,11,3233,12930.3,3,0
2025-03-18T11:00:00,4,18,15,3236,9708.1,4,0
2025-03-18T12:00:00,4,14,9,3241,7777.2,5,0
2025-03-18T13:00:00,4,11,10,3242,9726.0,4,0
2025-03-18T14:00:00,4,20,16,3246,19474.1,2,0
2025-03-18T15:00:00,4,18,14,3250,6500.1,6,0
2025-03-18T16:00:00,4,20,15,3255,4883.3,8,0
2025-03-18T17:00:00,4,5,5,3255,19529.0,2,0
2025-03-18T18:00:00,4,9,7,3257,9770.3,4,0
2025-03-18T19:00:00,4,3,0,3260,7825.6,5,0
2025-03-18T20:00:00,4,0,0,3260,4888.1,8,0
2025-03-18T21:00:00,4,3,2,3261,7827.8,5,0
2025-03-18T22:00:00,4,7,6,3262,19571.6,2,0
2025-03-18T23:00:00,4,7,1,3268,4900.9,8,0
2025-03-19T00:00:00,4,0,0,3268,7844.9,5,0
2025-03-19T01:00:00,4,1,0,3269,4904.2,8,0
2025-03-19T02:00:00,4,0,0,3269,4904.9,8,0
2025-03-19T03:00:00,4,1,2,3268,13073.5,3,0
2025-03-19T04:00:00,4,5,5,3268,9805.9,4,0
2025-03-19T05:00:00,4,5,7,3266,5597.1,7,0
2025-03-19T06:00:00,4,0,2,3264,6526.4,6,0
2025-03-19T07:00:00,4,0,0,3264,19582.2,2,0
2025-03-19T08:00:00,4,2,2,3264,5594.0,7,0
2025-03-19T09:00:00,4,13,9,3268,7842.2,5,0
2025-03-19T10:00:00,4,14,11,3271,4908.0,8,0
2025-03-19T11:00:00,4,14,11,3274,13096.0,3,0
2025-03-19T12:00:00,4,11,7,3278,7868.1,5,0
2025-03-19T13:00:00,4,13,13,3278,6556.7,6,0
2025-03-19T14:00:00,4,14,9,3283,4924.8,8,0
2025-03-19T15:00:00,4,13,7,3289,19734.9,2,0
2025-03-19T16:00:00,4,15,14,3290,7894.0,5,0
2025-03-19T17:00:00,4,0,0,3290,5638.9,7,0
2025-03-19T18:00:00,4,3,3,3290,5639.3,7,0
2025-03-19T19:00:00,4,5,7,3288,5637.4,7,0
2025-03-19T20:00:00,4,0,0,3288,5635.6,7,0
2025-03-19T21:00:00,4,6,3,3291,7896.5,5,0
2025-03-19T22:00:00,4,10,10,3291,5640.6,7,0
2025-03-19T23:00:00,4,0,0,3291,9871.3,4,0
2025-03-20T00:00:00,4,2,1,3292,19750.2,2,0
2025-03-20T01:00:00,4,5,2,3295,4943.2,8,0
2025-03-20T02:00:00,4,10,7,3298,7916.9,5,0
2025-03-20T03:00:00,4,10,10,3298,9894.3,4,0
2025-03-20T04:00:00,4,2,0,3300,4948.7,8,0
2025-03-20T05:00:00,4,5,2,3303,4953.2,8,0
2025-03-20T06:00:00,4,4,1,3306,13222.6,3,0
2025-03-20T07:00:00,4,1,1,3306,13223.0,3,0
2025-03-20T08:00:00,4,0,1,3305,7932.8,5,0
2025-03-20T09:00:00,4,15,17,3303,7925.6,5,0
2025-03-20T10:00:00,4,16,13,3306,9917.5,4,0
2025-03-20T11:00:00,4,6,3,3309,9928.8,4,0
2025-03-20T12:00:00,4,11,5,3315,5682.6,7,0
2025-03-20T13:00:00,4,16,13,3318,4976.2,8,0
2025-03-20T14:00:00,4,15,14,3319,7964.1,5,0
2025-03-20T15:00:00,4,17,12,3324,19945.7,2,0
2025-03-20T16:00:00,4,11,11,3324,5698.6,7,0
2025-03-20T17:00:00,4,5,3,3326,6653.9,6,0
2025-03-20T18:00:00,4,7,7,3326,9979.6,4,0
2025-03-20T19:00:00,4,2,1,3327,5705.3,7,0
2025-03-20T20:00:00,4,1,0,3328,7985.9,5,0
2025-03-20T21:00:00,4,0,2,3326,9977.2,4,0
2025-03-20T22:00:00,4,5,4,3327,4989.1,8,0
2025-03-20T23:00:00,4,7,6,3328,13310.2,3,0
2025-03-21T00:00:00,4,3,4,3327,4992.2,8,0
2025-03-21T01:00:00,4,7,7,3327,13307.5,3,0
2025-03-21T02:00:00,4,7,4,3330,19979.2,2,0
2025-03-21T03:00:00,4,6,5,3331,9992.1,4,0
2025-03-21T04:00:00,4,0,0,3331,9991.4,4,0
2025-03-21T05:00:00,4,0,0,3331,13325.3,3,0
2025-03-21T06:00:00,4,6,3,3334,5002.7,8,0
2025-03-21T07:00:00,4,0,3,3331,7994.2,5,0
2025-03-21T08:00:00,4,4,3,3332,19991.7,2,0
2025-03-21T09:00:00,4,16,12,3336,8006.3,5,0
2025-03-21T10:00:00,4,23,18,3341,8019.4,5,0
2025-03-21T11:00:00,4,14,6,3349,5740.9,7,0
2025-03-21T12:00:00,4,14,10,3353,10057.6,4,0
2025-03-21T13:00:00,4,21,17,3357,8057.2,5,0
2025-03-21T14:00:00,4,17,10,3364,20184.0,2,0
2025-03-21T15:00:00,4,13,11,3366,10098.9,4,0
2025-03-21T16:00:00,4,11,6,3371,20225.3,2,0
2025-03-21T17:00:00,4,0,1,3370,13479.3,3,0
2025-03-21T18:00:00,4,2,0,3372,10114.1,4,0
2025-03-21T19:00:00,4,3,2,3373,6746.6,6,0
2025-03-21T20:00:00,4,1,0,3374,5062.7,8,0
2025-03-21T21:00:00,4,6,3,3377,10129.2,4,0
2025-03-21T22:00:00,4,1,3,3375,20248.2,2,0
2025-03-21T23:00:00,4,2,0,3377,20263.6,2,0
2025-03-22T00:00:00,4,0,2,3375,5060.8,8,0
2025-03-22T01:00:00,4,6,3,3378,5066.7,8,0
2025-03-22T02:00:00,4,6,4,3380,6761.6,6,0
2025-03-22T03:00:00,4,3,0,3383,20298.4,2,0
2025-03-22T04:00:00,4,4,4,3383,6767.1,6,0
2025-03-22T05:00:00,4,5,3,3385,5075.6,8,0
2025-03-22T06:00:00,4,8,4,3389,13555.8,3,0
2025-03-22T07:00:00,4,1,0,3390,5813.1,7,0
2025-03-22T08:00:00,4,3,4,3389,8134.4,5,0
2025-03-22T09:00:00,4,13,8,3394,20365.9,2,0
2025-03-22T10:00:00,4,12,10,3396,13582.2,3,0
2025-03-22T11:00:00,4,9,11,3394,5090.1,8,0
2025-03-22T12:00:00,4,14,12,3396,8151.4,5,0
2025-03-22T13:00:00,4,8,4,3400,6798.1,6,0
2025-03-22T14:00:00,4,11,11,3400,5100.0,8,0
2025-03-22T15:00:00,4,19,13,3406,5110.9,8,0
2025-03-22T16:00:00,4,18,12,3412,10234.7,4,0
2025-03-22T17:00:00,4,0,0,3412,20471.8,2,0
2025-03-22T18:00:00,4,9,6,3415,13658.9,3,0
2025-03-22T19:00:00,4,2,0,3417,5124.5,8,0
2025-03-22T20:00:00,4,1,1,3417,20503.5,2,0
2025-03-22T21:00:00,4,0,0,3417,10252.7,4,0
2025-03-22T22:00:00,4,2,1,3418,10253.4,4,0
2025-03-22T23:00:00,4,2,1,3419,13675.5,3,0
2025-03-23T00:00:00,4,7,5,3421,20525.8,2,0
2025-03-23T01:00:00,4,8,8,3421,6842.8,6,0
2025-03-23T02:00:00,4,2,0,3423,5869.8,7,0
2025-03-23T03:00:00,4,4,0,3427,10281.7,4,0
2025-03-23T04:00:00,4,1,0,3428,5141.4,8,0
2025-03-23T05:00:00,4,6,6,3428,6854.2,6,0
2025-03-23T06:00:00,4,0,1,3427,10280.9,4,0
2025-03-23T07:00:00,4,7,0,3434,13736.4,3,0
2025-03-23T08:00:00,4,7,5,3436,13744.8,3,0
2025-03-23T09:00:00,4,12,8,3440,10319.8,4,0
2025-03-23T10:00:00,4,12,11,3441,5162.7,8,0
2025-03-23T11:00:00,4,18,16,3443,8262.2,5,0
2025-03-23T12:00:00,4,18,15,3446,5170.1,8,0
2025-03-23T13:00:00,4,17,15,3448,6897.3,6,0
2025-03-23T14:00:00,4,17,13,3452,5919.7,7,0
2025-03-23T15:00:00,4,22,17,3457,5183.7,8,0
2025-03-23T16:00:00,4,14,11,3460,5189.2,8,0
2025-03-23T17:00:00,4,0,0,3460,5932.3,7,0
2025-03-23T18:00:00,4,2,4,3458,13833.9,3,0
2025-03-23T19:00:00,4,2,2,3458,8298.0,5,0
2025-03-23T20:00:00,4,0,1,3457,5185.8,8,0
2025-03-23T21:00:00,4,8,8,3457,8295.3,5,0
2025-03-23T22:00:00,4,7,8,3456,10367.0,4,0
2025-03-23T23:00:00,4,2,1,3457,10371.2,4,0
2025-03-24T00:00:00,4,8,5,3460,6921.3,6,0
2025-03-24T01:00:00,4,3,2,3461,6921.2,6,0
2025-03-24T02:00:00,4,4,4,3461,10381.7,4,0
2025-03-24T03:00:00,4,1,2,3460,5188.3,8,0
2025-03-24T04:00:00,4,3,2,3461,5192.3,8,0
2025-03-24T05:00:00,4,7,2,3466,13865.4,3,0
2025-03-24T06:00:00,4,4,6,3464,20784.9,2,0
2025-03-24T07:00:00,4,5,7,3462,13848.5,3,0
2025-03-24T08:00:00,4,6,3,3465,8316.0,5,0
2025-03-24T09:00:00,4,13,10,3468,6936.6,6,0
2025-03-24T10:00:00,4,19,16,3471,6942.0,6,0
2025-03-24T11:00:00,4,16,10,3477,6955.4,6,0
2025-03-24T12:00:00,4,19,17,3479,13917.7,3,0
2025-03-24T13:00:00,4,14,10,3483,6964.9,6,0
2025-03-24T14:00:00,4,16,11,3488,8372.4,5,0
2025-03-24T15:00:00,4,19,15,3492,20952.3,2,0
2025-03-24T16:00:00,4,14,12,3494,5242.3,8,0
2025-03-24T17:00:00,4,0,0,3494,10480.9,4,0
2025-03-24T18:00:00,4,2,1,3495,8387.6,5,0
2025-03-24T19:00:00,4,8,3,3500,6000.3,7,0
2025-03-24T20:00:00,4,4,3,3501,21006.9,2,0
2025-03-24T21:00:00,4,1,0,3502,8403.7,5,0
2025-03-24T22:00:00,4,7,11,3498,13991.5,3,0
2025-03-24T23:00:00,4,3,2,3499,5997.7,7,0
2025-03-25T00:00:00,4,4,4,3499,8396.8,5,0
2025-03-25T01:00:00,4,2,0,3501,7001.1,6,0
2025-03-25T02:00:00,4,10,10,3501,21006.1,2,0
2025-03-25T03:00:00,4,1,1,3501,7002.2,6,0
2025-03-25T04:00:00,4,8,5,3504,21023.4,2,0
2025-03-25T05:00:00,4,4,5,3503,7006.1,6,0
2025-03-25T06:00:00,4,4,2,3505,8413.0,5,0
2025-03-25T07:00:00,4,9,3,3511,5267.7,8,0
2025-01-01T00:00:00,5,0,1,4,16.4,3,29
2025-01-01T01:00:00,5,3,0,7,41.5,2,28
2025-01-01T02:00:00,5,5,3,9,17.4,6,27
2025-01-01T03:00:00,5,6,3,12,29.8,5,26
2025-01-01T04:00:00,5,8,8,12,21.6,7,26
2025-01-01T05:00:00,5,4,4,12,23.8,6,26
2025-01-01T06:00:00,5,7,3,16,31.3,6,24
2025-01-01T07:00:00,5,3,0,19,74.3,3,23
2025-01-01T08:00:00,5,8,7,20,119.8,2,22
2025-01-01T09:00:00,5,15,15,20,59.8,4,22
2025-01-01T10:00:00,5,14,11,23,56.1,5,21
2025-01-01T11:00:00,5,9,8,24,39.7,7,21
2025-01-01T12:00:00,5,15,12,27,45.9,7,20
2025-01-01T13:00:00,5,11,9,29,43.0,8,19
2025-01-01T14:00:00,5,9,8,30,59.2,6,18
2025-01-01T15:00:00,5,15,10,35,82.2,5,16
2025-01-01T16:00:00,5,13,12,36,62.6,7,16
2025-01-01T17:00:00,5,3,4,35,82.5,5,16
2025-01-01T18:00:00,5,5,4,36,108.2,4,16
2025-01-01T19:00:00,5,8,4,40,158.4,3,14
2025-01-01T20:00:00,5,3,2,41,99.9,5,14
2025-01-01T21:00:00,5,5,6,40,120.7,4,14
2025-01-01T22:00:00,5,3,4,39,76.8,6,15
2025-01-01T23:00:00,5,0,1,38,90.5,5,15
2025-01-02T00:00:00,5,3,1,40,68.1,7,14
2025-01-02T01:00:00,5,4,2,42,61.7,8,14
2025-01-02T02:00:00,5,6,5,43,71.8,7,13
2025-01-02T03:00:00,5,3,1,45,133.6,4,12
2025-01-02T04:00:00,5,1,1,45,136.5,4,12
2025-01-02T05:00:00,5,9,10,44,87.2,6,13
2025-01-02T06:00:00,5,3,3,44,107.2,5,13
2025-01-02T07:00:00,5,3,2,45,135.9,4,12
2025-01-02T08:00:00,5,4,3,46,136.6,4,12
2025-01-02T09:00:00,5,18,10,54,129.4,5,9
2025-01-02T10:00:00,5,9,7,56,84.7,8,8
2025-01-02T11:00:00,5,11,9,58,346.6,2,7
2025-01-02T12:00:00,5,17,14,61,184.3,4,6
2025-01-02T13:00:00,5,20,17,64,110.5,7,5
2025-01-02T14:00:00,5,14,11,67,132.2,6,4
2025-01-02T15:00:00,5,13,7,73,438.8,2,1
2025-01-02T16:00:00,5,16,12,77,231.2,4,0
2025-01-02T17:00:00,5,1,0,78,133.7,7,0
2025-01-02T18:00:00,5,1,1,78,232.4,4,0
2025-01-02T19:00:00,5,6,4,80,118.1,8,0
2025-01-02T20:00:00,5,4,4,80,481.8,2,0
2025-01-02T21:00:00,5,2,1,81,161.1,6,0
2025-01-02T22:00:00,5,0,0,81,243.8,4,0
2025-01-02T23:00:00,5,4,5,80,118.9,8,0
2025-01-03T00:00:00,5,2,2,80,239.2,4,0
2025-01-03T01:00:00,5,5,4,81,162.2,6,0
2025-01-03T02:00:00,5,4,1,84,337.6,3,0
2025-01-03T03:00:00,5,2,2,84,143.9,7,0
2025-01-03T04:00:00,5,2,0,86,205.9,5,0
2025-01-03T05:00:00,5,7,5,88,175.0,6,0
2025-01-03T06:00:00,5,0,2,86,343.8,3,0
2025-01-03T07:00:00,5,5,0,91,138.5,8,0
2025-01-03T08:00:00,5,2,0,93,278.3,4,0
2025-01-03T09:00:00,5,9,5,97,146.5,8,0
2025-01-03T10:00:00,5,12,9,100,238.2,5,0
2025-01-03T11:00:00,5,13,11,102,154.7,8,0
2025-01-03T12:00:00,5,14,10,106,157.6,8,0
2025-01-03T13:00:00,5,17,11,112,267.5,5,0
2025-01-03T14:00:00,5,14,10,116,280.2,5,0
2025-01-03T15:00:00,5,15,10,121,292.2,5,0
2025-01-03T16:00:00,5,13,9,125,298.6,5,0
2025-01-03T17:00:00,5,0,1,124,187.8,8,0
2025-01-03T18:00:00,5,4,6,122,184.1,8,0
2025-01-03T19:00:00,5,7,2,127,218.0,7,0
2025-01-03T20:00:00,5,4,7,124,373.5,4,0
2025-01-03T21:00:00,5,4,2,126,757.3,2,0
2025-01-03T22:00:00,5,4,0,130,388.7,4,0
2025-01-03T23:00:00,5,7,3,134,536.2,3,0
2025-01-04T00:00:00,5,5,4,135,811.6,2,0
2025-01-04T01:00:00,5,10,10,135,541.0,3,0
2025-01-04T02:00:00,5,6,5,136,232.3,7,0
2025-01-04T03:00:00,5,4,2,138,827.7,2,0
2025-01-04T04:00:00,5,6,5,139,207.1,8,0
2025-01-04T05:00:00,5,6,1,144,288.5,6,0
2025-01-04T06:00:00,5,5,0,149,447.4,4,0
2025-01-04T07:00:00,5,5,3,151,226.8,8,0
2025-01-04T08:00:00,5,3,0,154,368.4,5,0
2025-01-04T09:00:00,5,16,13,157,376.7,5,0
2025-01-04T10:00:00,5,12,10,159,475.6,4,0
2025-01-04T11:00:00,5,15,6,168,401.9,5,0
2025-01-04T12:00:00,5,15,11,172,1032.3,2,0
2025-01-04T13:00:00,5,13,9,176,424.1,5,0
2025-01-04T14:00:00,5,14,10,180,434.0,5,0
2025-01-04T15:00:00,5,12,8,184,368.2,6,0
2025-01-04T16:00:00,5,14,14,184,1105.5,2,0
2025-01-04T17:00:00,5,7,6,185,317.4,7,0
2025-01-04T18:00:00,5,10,6,189,325.1,7,0
2025-01-04T19:00:00,5,5,4,190,324.2,7,0
2025-01-04T20:00:00,5,0,0,190,287.0,8,0
2025-01-04T21:00:00,5,0,0,190,285.9,8,0
2025-01-04T22:00:00,5,6,1,195,390.2,6,0
2025-01-04T23:00:00,5,9,4,200,1198.4,2,0
2025-01-05T00:00:00,5,2,1,201,1205.8,2,0
2025-01-05T01:00:00,5,3,2,202,345.0,7,0
2025-01-05T02:00:00,5,3,3,202,404.9,6,0
2025-01-05T03:00:00,5,0,3,199,297.3,8,0
2025-01-05T04:00:00,5,4,4,199,595.7,4,0
2025-01-05T05:00:00,5,7,3,203,1216.6,2,0
2025-01-05T06:00:00,5,3,5,201,344.0,7,0
2025-01-05T07:00:00,5,2,0,203,407.2,6,0
2025-01-05T08:00:00,5,0,0,203,1218.8,2,0
2025-01-05T09:00:00,5,8,12,199,341.8,7,0
2025-01-05T10:00:00,5,13,10,202,807.4,3,0
2025-01-05T11:00:00,5,13,8,207,414.4,6,0
2025-01-05T12:00:00,5,12,11,208,417.9,6,0
2025-01-05T13:00:00,5,12,9,211,845.2,3,0
2025-01-05T14:00:00,5,12,9,214,1285.1,2,0
2025-01-05T15:00:00,5,11,9,216,646.8,4,0
2025-01-05T16:00:00,5,14,10,220,526.4,5,0
2025-01-05T17:00:00,5,3,2,221,330.9,8,0
2025-01-05T18:00:00,5,4,5,220,661.3,4,0
2025-01-05T19:00:00,5,9,6,223,1337.2,2,0
2025-01-05T20:00:00,5,3,4,222,889.8,3,0
2025-01-05T21:00:00,5,3,1,224,336.4,8,0
2025-01-05T22:00:00,5,1,0,225,898.9,3,0
2025-01-05T23:00:00,5,0,0,225,898.9,3,0
2025-01-06T00:00:00,5,7,3,229,548.0,5,0
2025-01-06T01:00:00,5,2,0,231,461.9,6,0
2025-01-06T02:00:00,5,5,4,232,558.4,5,0
2025-01-06T03:00:00,5,0,0,232,463.0,6,0
2025-01-06T04:00:00,5,0,0,232,396.2,7,0
2025-01-06T05:00:00,5,3,3,232,348.9,8,0
2025-01-06T06:00:00,5,0,0,232,1393.9,2,0
2025-01-06T07:00:00,5,5,1,236,709.1,4,0
2025-01-06T08:00:00,5,5,6,235,705.0,4,0
2025-01-06T09:00:00,5,14,7,242,1452.4,2,0
2025-01-06T10:00:00,5,15,13,244,583.9,5,0
2025-01-06T11:00:00,5,19,16,247,591.0,5,0
2025-01-06T12:00:00,5,16,13,250,375.4,8,0
2025-01-06T13:00:00,5,16,11,255,1528.1,2,0
2025-01-06T14:00:00,5,18,15,258,1032.2,3,0
2025-01-06T15:00:00,5,15,8,265,529.9,6,0
2025-01-06T16:00:00,5,18,12,271,652.4,5,0
2025-01-06T17:00:00,5,6,3,274,1642.5,2,0
2025-01-06T18:00:00,5,2,2,274,412.1,8,0
2025-01-06T19:00:00,5,10,7,277,554.6,6,0
2025-01-06T20:00:00,5,8,5,280,419.0,8,0
2025-01-06T21:00:00,5,7,10,277,1108.5,3,0
2025-01-06T22:00:00,5,6,2,281,1125.4,3,0
2025-01-06T23:00:00,5,0,0,281,563.6,6,0
2025-01-07T00:00:00,5,0,0,281,560.2,6,0
2025-01-07T01:00:00,5,4,2,283,567.9,6,0
2025-01-07T02:00:00,5,2,1,284,566.3,6,0
2025-01-07T03:00:00,5,4,1,287,687.0,5,0
2025-01-07T04:00:00,5,0,2,285,856.4,4,0
2025-01-07T05:00:00,5,4,1,288,1728.3,2,0
2025-01-07T06:00:00,5,7,6,289,865.8,4,0
2025-01-07T07:00:00,5,0,0,289,1157.5,3,0
2025-01-07T08:00:00,5,1,1,289,695.1,5,0
2025-01-07T09:00:00,5,13,9,293,586.6,6,0
2025-01-07T10:00:00,5,13,9,297,712.1,5,0
2025-01-07T11:00:00,5,17,16,298,447.9,8,0
2025-01-07T12:00:00,5,15,13,300,899.1,4,0
2025-01-07T13:00:00,5,18,12,306,525.6,7,0
2025-01-07T14:00:00,5,12,9,309,529.4,7,0
2025-01-07T15:00:00,5,20,13,316,542.8,7,0
2025-01-07T16:00:00,5,13,11,318,476.0,8,0
2025-01-07T17:00:00,5,6,5,319,479.4,8,0
2025-01-07T18:00:00,5,3,0,322,482.0,8,0
2025-01-07T19:00:00,5,5,7,320,640.4,6,0
2025-01-07T20:00:00,5,3,1,322,1289.1,3,0
2025-01-07T21:00:00,5,7,6,323,969.9,4,0
2025-01-07T22:00:00,5,6,4,325,779.1,5,0
2025-01-07T23:00:00,5,5,5,325,649.5,6,0
2025-01-08T00:00:00,5,6,5,326,1303.0,3,0
2025-01-08T01:00:00,5,5,4,327,980.5,4,0
2025-01-08T02:00:00,5,4,1,330,565.9,7,0
2025-01-08T03:00:00,5,6,5,331,794.4,5,0
2025-01-08T04:00:00,5,6,5,332,995.0,4,0
2025-01-08T05:00:00,5,6,2,336,805.5,5,0
2025-01-08T06:00:00,5,2,3,335,574.9,7,0
2025-01-08T07:00:00,5,5,6,334,1335.6,3,0
2025-01-08T08:00:00,5,0,0,334,501.2,8,0
2025-01-08T09:00:00,5,12,9,337,2020.0,2,0
2025-01-08T10:00:00,5,12,11,338,1014.7,4,0
2025-01-08T11:00:00,5,17,14,341,819.5,5,0
2025-01-08T12:00:00,5,12,9,344,589.0,7,0
2025-01-08T13:00:00,5,20,14,350,1051.2,4,0
2025-01-08T14:00:00,5,14,9,355,1064.4,4,0
2025-01-08T15:00:00,5,13,9,359,2154.9,2,0
2025-01-08T16:00:00,5,19,16,362,618.7,7,0
2025-01-08T17:00:00,5,10,5,367,1101.7,4,0
2025-01-08T18:00:00,5,0,0,367,735.9,6,0
2025-01-08T19:00:00,5,1,0,368,2207.0,2,0
2025-01-08T20:00:00,5,1,0,369,1105.4,4,0
2025-01-08T21:00:00,5,0,0,369,1474.1,3,0
2025-01-08T22:00:00,5,2,4,367,1099.6,4,0
2025-01-08T23:00:00,5,6,6,367,735.6,6,0
2025-01-09T00:00:00,5,7,7,367,1469.7,3,0
2025-01-09T01:00:00,5,6,5,368,2209.0,2,0
2025-01-09T02:00:00,5,4,2,370,554.4,8,0
2025-01-09T03:00:00,5,1,0,371,889.0,5,0
2025-01-09T04:00:00,5,4,2,373,641.2,7,0
2025-01-09T05:00:00,5,3,3,373,1119.1,4,0
2025-01-09T06:00:00,5,2,3,372,2231.2,2,0
2025-01-09T07:00:00,5,0,0,372,744.1,6,0
2025-01-09T08:00:00,5,7,5,374,1495.3,3,0
2025-01-09T09:00:00,5,16,9,381,761.9,6,0
2025-01-09T10:00:00,5,14,14,381,915.4,5,0
2025-01-09T11:00:00,5,11,6,386,577.9,8,0
2025-01-09T12:00:00,5,24,14,396,791.5,6,0
2025-01-09T13:00:00,5,11,9,398,598.5,8,0
2025-01-09T14:00:00,5,13,11,400,960.8,5,0
2025-01-09T15:00:00,5,14,8,406,973.8,5,0
2025-01-09T16:00:00,5,13,12,407,978.3,5,0
2025-01-09T17:00:00,5,4,7,404,1615.6,3,0
2025-01-09T18:00:00,5,2,0,406,974.2,5,0
2025-01-09T19:00:00,5,4,0,410,1639.1,3,0
2025-01-09T20:00:00,5,5,4,411,1232.4,4,0
2025-01-09T21:00:00,5,5,4,412,618.7,8,0
2025-01-09T22:00:00,5,0,0,412,2471.6,2,0
2025-01-09T23:00:00,5,5,2,415,2489.9,2,0
2025-01-10T00:00:00,5,0,0,415,1661.5,3,0
2025-01-10T01:00:00,5,1,3,413,618.6,8,0
2025-01-10T02:00:00,5,1,0,414,708.2,7,0
2025-01-10T03:00:00,5,1,0,415,2491.2,2,0
2025-01-10T04:00:00,5,1,0,416,623.8,8,0
2025-01-10T05:00:00,5,3,0,419,1005.3,5,0
2025-01-10T06:00:00,5,2,0,421,1009.9,5,0
2025-01-10T07:00:00,5,2,1,422,634.4,8,0
2025-01-10T08:00:00,5,3,2,423,1013.9,5,0
2025-01-10T09:00:00,5,16,11,428,1711.0,3,0
2025-01-10T10:00:00,5,13,13,428,1713.3,3,0
2025-01-10T11:00:00,5,12,9,431,1725.3,3,0
2025-01-10T12:00:00,5,13,10,434,1302.1,4,0
2025-01-10T13:00:00,5,17,11,440,1056.2,5,0
2025-01-10T14:00:00,5,14,10,444,886.7,6,0
2025-01-10T15:00:00,5,20,14,450,772.0,7,0
2025-01-10T16:00:00,5,16,11,455,2730.3,2,0
2025-01-10T17:00:00,5,4,2,457,684.6,8,0
2025-01-10T18:00:00,5,13,12,458,2747.5,2,0
2025-01-10T19:00:00,5,2,1,459,785.6,7,0
2025-01-10T20:00:00,5,0,0,459,1836.1,3,0
2025-01-10T21:00:00,5,6,4,461,691.4,8,0
2025-01-10T22:00:00,5,6,4,463,1850.6,3,0
2025-01-10T23:00:00,5,0,2,461,1384.3,4,0
2025-01-11T00:00:00,5,4,2,463,2778.9,2,0
2025-01-11T01:00:00,5,5,2,466,797.6,7,0
2025-01-11T02:00:00,5,3,3,466,800.5,7,0
2025-01-11T03:00:00,5,1,0,467,935.3,6,0
2025-01-11T04:00:00,5,6,5,468,935.7,6,0
2025-01-11T05:00:00,5,0,1,467,1122.2,5,0
2025-01-11T06:00:00,5,3,0,470,1878.2,3,0
2025-01-11T07:00:00,5,7,2,475,713.3,8,0
2025-01-11T08:00:00,5,3,2,476,816.0,7,0
2025-01-11T09:00:00,5,20,16,480,1920.4,3,0
2025-01-11T10:00:00,5,16,13,483,965.6,6,0
2025-01-11T11:00:00,5,14,12,485,968.4,6,0
2025-01-11T12:00:00,5,16,12,489,1956.2,3,0
2025-01-11T13:00:00,5,13,15,487,834.8,7,0
2025-01-11T14:00:00,5,7,6,488,1953.1,3,0
2025-01-11T15:00:00,5,15,13,490,839.4,7,0
2025-01-11T16:00:00,5,16,11,495,1187.2,5,0
2025-01-11T17:00:00,5,3,1,497,2982.1,2,0
2025-01-11T18:00:00,5,2,3,496,991.4,6,0
2025-01-11T19:00:00,5,3,1,498,2988.9,2,0
2025-01-11T20:00:00,5,4,1,501,1000.4,6,0
2025-01-11T21:00:00,5,5,2,504,1209.0,5,0
2025-01-11T22:00:00,5,3,3,504,1512.1,4,0
2025-01-11T23:00:00,5,3,2,505,1008.8,6,0
2025-01-12T00:00:00,5,0,0,505,866.3,7,0
2025-01-12T01:00:00,5,4,2,507,2029.2,3,0
2025-01-12T02:00:00,5,0,2,505,1514.7,4,0
2025-01-12T03:00:00,5,1,0,506,3035.7,2,0
2025-01-12T04:00:00,5,10,4,512,1228.7,5,0
2025-01-12T05:00:00,5,0,0,512,879.6,7,0
2025-01-12T06:00:00,5,7,4,515,1237.6,5,0
2025-01-12T07:00:00,5,3,4,514,880.0,7,0
2025-01-12T08:00:00,5,2,0,516,774.5,8,0
2025-01-12T09:00:00,5,15,15,516,1549.9,4,0
2025-01-12T10:00:00,5,14,6,524,1573.5,4,0
2025-01-12T11:00:00,5,18,16,526,1263.5,5,0
2025-01-12T12:00:00,5,12,7,531,1594.1,4,0
2025-01-12T13:00:00,5,13,11,533,1065.1,6,0
2025-01-12T14:00:00,5,19,14,538,1615.9,4,0
2025-01-12T15:00:00,5,14,14,538,921.5,7,0
2025-01-12T16:00:00,5,18,15,541,1624.2,4,0
2025-01-12T17:00:00,5,0,0,541,3246.8,2,0
2025-01-12T18:00:00,5,2,1,542,1625.6,4,0
2025-01-12T19:00:00,5,8,6,544,1631.0,4,0
2025-01-12T20:00:00,5,0,2,542,1301.7,5,0
2025-01-12T21:00:00,5,7,6,543,930.1,7,0
2025-01-12T22:00:00,5,4,2,545,1090.9,6,0
2025-01-12T23:00:00,5,6,3,548,2192.5,3,0
2025-01-13T00:00:00,5,7,6,549,824.6,8,0
2025-01-13T01:00:00,5,3,1,551,1653.3,4,0
2025-01-13T02:00:00,5,2,0,553,1659.7,4,0
2025-01-13T03:00:00,5,5,5,553,1660.7,4,0
2025-01-13T04:00:00,5,8,4,557,835.0,8,0
2025-01-13T05:00:00,5,3,5,555,3330.8,2,0
2025-01-13T06:00:00,5,7,7,555,1108.7,6,0
2025-01-13T07:00:00,5,4,5,554,1107.7,6,0
2025-01-13T08:00:00,5,8,6,556,832.2,8,0
2025-01-13T09:00:00,5,16,16,556,3334.1,2,0
2025-01-13T10:00:00,5,15,13,558,957.5,7,0
2025-01-13T11:00:00,5,11,8,561,1122.9,6,0
2025-01-13T12:00:00,5,15,11,565,3389.3,2,0
2025-01-13T13:00:00,5,11,7,569,1708.8,4,0
2025-01-13T14:00:00,5,13,10,572,981.8,7,0
2025-01-13T15:00:00,5,12,12,572,1714.2,4,0
2025-01-13T16:00:00,5,13,11,574,2294.9,3,0
2025-01-13T17:00:00,5,7,7,574,1147.7,6,0
2025-01-13T18:00:00,5,4,2,576,1381.0,5,0
2025-01-13T19:00:00,5,1,3,574,2295.6,3,0
2025-01-13T20:00:00,5,4,4,574,983.0,7,0
2025-01-13T21:00:00,5,6,6,574,3443.9,2,0
2025-01-13T22:00:00,5,0,0,574,1378.4,5,0
2025-01-13T23:00:00,5,1,0,575,1148.3,6,0
2025-01-14T00:00:00,5,8,6,577,864.3,8,0
2025-01-14T01:00:00,5,1,0,578,1388.3,5,0
2025-01-14T02:00:00,5,5,2,581,870.5,8,0
2025-01-14T03:00:00,5,2,2,581,3484.5,2,0
2025-01-14T04:00:00,5,5,1,585,1001.6,7,0
2025-01-14T05:00:00,5,10,10,585,3509.5,2,0
2025-01-14T06:00:00,5,5,5,585,2339.4,3,0
2025-01-14T07:00:00,5,1,2,584,1001.2,7,0
2025-01-14T08:00:00,5,0,0,584,3502.7,2,0
2025-01-14T09:00:00,5,14,3,595,1188.5,6,0
2025-01-14T10:00:00,5,11,7,599,896.8,8,0
2025-01-14T11:00:00,5,9,2,606,2425.9,3,0
2025-01-14T12:00:00,5,16,13,609,2437.6,3,0
2025-01-14T13:00:00,5,17,10,616,1056.7,7,0
2025-01-14T14:00:00,5,16,10,622,934.2,8,0
2025-01-14T15:00:00,5,15,10,627,1076.5,7,0
2025-01-14T16:00:00,5,17,12,632,1081.5,7,0
2025-01-14T17:00:00,5,1,0,633,3796.1,2,0
2025-01-14T18:00:00,5,4,1,636,1272.6,6,0
2025-01-14T19:00:00,5,5,4,637,1911.6,4,0
2025-01-14T20:00:00,5,2,4,635,1904.9,4,0
2025-01-14T21:00:00,5,8,9,634,1269.0,6,0
2025-01-14T22:00:00,5,5,6,633,949.8,8,0
2025-01-14T23:00:00,5,4,0,637,2549.9,3,0
2025-01-15T00:00:00,5,7,5,639,3834.4,2,0
2025-01-15T01:00:00,5,3,2,640,1095.5,7,0
2025-01-15T02:00:00,5,2,1,641,960.2,8,0
2025-01-15T03:00:00,5,4,0,645,1934.2,4,0
2025-01-15T04:00:00,5,5,5,645,1933.3,4,0
2025-01-15T05:00:00,5,0,1,644,2574.9,3,0
2025-01-15T06:00:00,5,2,2,644,2577.8,3,0
2025-01-15T07:00:00,5,5,3,646,1290.8,6,0
2025-01-15T08:00:00,5,2,0,648,3888.4,2,0
2025-01-15T09:00:00,5,21,15,654,2614.1,3,0
2025-01-15T10:00:00,5,14,16,652,1117.2,7,0
2025-01-15T11:00:00,5,13,11,654,1961.7,4,0
2025-01-15T12:00:00,5,20,17,657,1578.2,5,0
2025-01-15T13:00:00,5,18,11,664,1595.4,5,0
2025-01-15T14:00:00,5,9,8,665,2659.5,3,0
2025-01-15T15:00:00,5,13,11,667,1002.1,8,0
2025-01-15T16:00:00,5,12,9,670,2011.9,4,0
2025-01-15T17:00:00,5,0,3,667,2666.1,3,0
2025-01-15T18:00:00,5,6,6,667,1143.9,7,0
2025-01-15T19:00:00,5,0,0,667,4002.6,2,0
2025-01-15T20:00:00,5,0,0,667,999.8,8,0
2025-01-15T21:00:00,5,0,0,667,2668.3,3,0
2025-01-15T22:00:00,5,1,0,668,1001.7,8,0
2025-01-15T23:00:00,5,6,3,671,1151.6,7,0
2025-01-16T00:00:00,5,1,0,672,1343.3,6,0
2025-01-16T01:00:00,5,0,0,672,1611.0,5,0
2025-01-16T02:00:00,5,6,7,671,1342.0,6,0
2025-01-16T03:00:00,5,3,3,671,1151.7,7,0
2025-01-16T04:00:00,5,4,2,673,2017.1,4,0
2025-01-16T05:00:00,5,6,7,672,2687.4,3,0
2025-01-16T06:00:00,5,5,1,676,1621.3,5,0
2025-01-16T07:00:00,5,6,5,677,1355.4,6,0
2025-01-16T08:00:00,5,3,3,677,1626.2,5,0
2025-01-16T09:00:00,5,17,13,681,1636.3,5,0
2025-01-16T10:00:00,5,11,9,683,1023.6,8,0
2025-01-16T11:00:00,5,20,17,686,1175.1,7,0
2025-01-16T12:00:00,5,15,12,689,4132.5,2,0
2025-01-16T13:00:00,5,16,10,695,1669.7,5,0
2025-01-16T14:00:00,5,9,7,697,1045.8,8,0
2025-01-16T15:00:00,5,15,14,698,1394.3,6,0
2025-01-16T16:00:00,5,9,6,701,1053.5,8,0
2025-01-16T17:00:00,5,5,4,702,2105.3,4,0
2025-01-16T18:00:00,5,2,0,704,2815.0,3,0
2025-01-16T19:00:00,5,0,0,704,2110.1,4,0
2025-01-16T20:00:00,5,0,0,704,1205.7,7,0
2025-01-16T21:00:00,5,6,6,704,2816.8,3,0
2025-01-16T22:00:00,5,3,4,703,2811.9,3,0
2025-01-16T23:00:00,5,9,7,705,4228.7,2,0
2025-01-17T00:00:00,5,0,0,705,2114.9,4,0
2025-01-17T01:00:00,5,0,0,705,4228.3,2,0
2025-01-17T02:00:00,5,5,4,706,4235.5,2,0
2025-01-17T03:00:00,5,4,3,707,4243.6,2,0
2025-01-17T04:00:00,5,0,0,707,1698.4,5,0
2025-01-17T05:00:00,5,5,6,706,1059.4,8,0
2025-01-17T06:00:00,5,6,4,708,2832.2,3,0
2025-01-17T07:00:00,5,3,3,708,1214.2,7,0
2025-01-17T08:00:00,5,0,1,707,2827.1,3,0
2025-01-17T09:00:00,5,13,9,711,2132.0,4,0
2025-01-17T10:00:00,5,20,16,715,1431.8,6,0
2025-01-17T11:00:00,5,21,16,720,2880.6,3,0
2025-01-17T12:00:00,5,16,10,726,2180.0,4,0
2025-01-17T13:00:00,5,14,14,726,1453.8,6,0
2025-01-17T14:00:00,5,15,11,730,2190.4,4,0
2025-01-17T15:00:00,5,12,9,733,1465.0,6,0
2025-01-17T16:00:00,5,14,8,739,1267.4,7,0
2025-01-17T17:00:00,5,5,0,744,2976.2,3,0
2025-01-17T18:00:00,5,3,4,743,4459.8,2,0
2025-01-17T19:00:00,5,6,6,743,4456.3,2,0
2025-01-17T20:00:00,5,0,2,741,1482.5,6,0
2025-01-17T21:00:00,5,3,2,742,1273.6,7,0
2025-01-17T22:00:00,5,4,4,742,2969.9,3,0
2025-01-17T23:00:00,5,0,0,742,2225.5,4,0
2025-01-18T00:00:00,5,3,2,743,1114.3,8,0
2025-01-18T01:00:00,5,5,3,745,1275.3,7,0
2025-01-18T02:00:00,5,9,5,749,4495.5,2,0
2025-01-18T03:00:00,5,8,7,750,1125.5,8,0
2025-01-18T04:00:00,5,5,4,751,4506.6,2,0
2025-01-18T05:00:00,5,0,0,751,1125.3,8,0
2025-01-18T06:00:00,5,4,4,751,4507.3,2,0
2025-01-18T07:00:00,5,10,9,752,3006.7,3,0
2025-01-18T08:00:00,5,3,3,752,1804.0,5,0
2025-01-18T09:00:00,5,18,13,757,4540.1,2,0
2025-01-18T10:00:00,5,15,11,761,1826.5,5,0
2025-01-18T11:00:00,5,16,15,762,1306.4,7,0
2025-01-18T12:00:00,5,13,12,763,1524.3,6,0
2025-01-18T13:00:00,5,18,12,769,1845.3,5,0
2025-01-18T14:00:00,5,15,11,773,1855.3,5,0
2025-01-18T15:00:00,5,15,11,777,4663.0,2,0
2025-01-18T16:00:00,5,14,11,780,1337.7,7,0
2025-01-18T17:00:00,5,0,0,780,2340.9,4,0
2025-01-18T18:00:00,5,9,5,784,3134.3,3,0
2025-01-18T19:00:00,5,3,4,783,4696.2,2,0
2025-01-18T20:00:00,5,3,1,785,1569.9,6,0
2025-01-18T21:00:00,5,2,0,787,1887.2,5,0
2025-01-18T22:00:00,5,0,0,787,1574.0,6,0
2025-01-18T23:00:00,5,3,1,789,1892.0,5,0
2025-01-19T00:00:00,5,9,5,793,1189.6,8,0
2025-01-19T01:00:00,5,3,5,791,1897.9,5,0
2025-01-19T02:00:00,5,0,0,791,2371.3,4,0
2025-01-19T03:00:00,5,3,3,791,1899.3,5,0
2025-01-19T04:00:00,5,5,0,796,3184.0,3,0
2025-01-19T05:00:00,5,0,4,792,1359.5,7,0
2025-01-19T06:00:00,5,7,6,793,1903.2,5,0
2025-01-19T07:00:00,5,6,7,792,4750.1,2,0
2025-01-19T08:00:00,5,1,2,791,3165.6,3,0
2025-01-19T09:00:00,5,12,8,795,1590.6,6,0
2025-01-19T10:00:00,5,16,10,801,1923.8,5,0
2025-01-19T11:00:00,5,11,8,804,1930.5,5,0
2025-01-19T12:00:00,5,11,7,808,2422.6,4,0
2025-01-19T13:00:00,5,18,11,815,2443.3,4,0
2025-01-19T14:00:00,5,9,5,819,1965.7,5,0
2025-01-19T15:00:00,5,17,11,825,3301.6,3,0
2025-01-19T16:00:00,5,11,3,833,1426.1,7,0
2025-01-19T17:00:00,5,7,5,835,1669.5,6,0
2025-01-19T18:00:00,5,2,2,835,2002.7,5,0
2025-01-19T19:00:00,5,2,0,837,1436.8,7,0
2025-01-19T20:00:00,5,7,3,841,1262.9,8,0
2025-01-19T21:00:00,5,3,5,839,1437.6,7,0
2025-01-19T22:00:00,5,10,9,840,1259.9,8,0
2025-01-19T23:00:00,5,6,3,843,1445.7,7,0
2025-01-20T00:00:00,5,5,3,845,1267.8,8,0
2025-01-20T01:00:00,5,3,0,848,1455.0,7,0
2025-01-20T02:00:00,5,0,0,848,5089.8,2,0
2025-01-20T03:00:00,5,5,3,850,2551.9,4,0
2025-01-20T04:00:00,5,0,0,850,1456.1,7,0
2025-01-20T05:00:00,5,5,4,851,2042.1,5,0
2025-01-20T06:00:00,5,5,6,850,2038.6,5,0
2025-01-20T07:00:00,5,2,0,852,5112.2,2,0
2025-01-20T08:00:00,5,5,4,853,1279.7,8,0
2025-01-20T09:00:00,5,18,16,855,2565.5,4,0
2025-01-20T10:00:00,5,18,12,861,2582.5,4,0
2025-01-20T11:00:00,5,19,17,863,1727.3,6,0
2025-01-20T12:00:00,5,12,12,863,1293.1,8,0
2025-01-20T13:00:00,5,13,10,866,3465.6,3,0
2025-01-20T14:00:00,5,15,13,868,2084.1,5,0
2025-01-20T15:00:00,5,11,4,875,1500.4,7,0
2025-01-20T16:00:00,5,17,13,879,5275.4,2,0
2025-01-20T17:00:00,5,6,5,880,3520.8,3,0
2025-01-20T18:00:00,5,1,5,876,5255.7,2,0
2025-01-20T19:00:00,5,1,0,877,2629.6,4,0
2025-01-20T20:00:00,5,3,2,878,2634.7,4,0
2025-01-20T21:00:00,5,4,6,876,3503.1,3,0
2025-01-20T22:00:00,5,3,3,876,1753.3,6,0
2025-01-20T23:00:00,5,6,7,875,2623.1,4,0
2025-01-21T00:00:00,5,9,1,883,1515.4,7,0
2025-01-21T01:00:00,5,4,6,881,2115.8,5,0
2025-01-21T02:00:00,5,1,0,882,1763.4,6,0
2025-01-21T03:00:00,5,4,2,884,2120.0,5,0
2025-01-21T04:00:00,5,2,2,884,1516.2,7,0
2025-01-21T05:00:00,5,5,3,886,2656.7,4,0
2025-01-21T06:00:00,5,6,5,887,1522.5,7,0
2025-01-21T07:00:00,5,8,4,891,3564.0,3,0
2025-01-21T08:00:00,5,3,2,892,1784.1,6,0
2025-01-21T09:00:00,5,11,8,895,1341.7,8,0
2025-01-21T10:00:00,5,13,9,899,5392.3,2,0
2025-01-21T11:00:00,5,20,15,904,1357.4,8,0
2025-01-21T12:00:00,5,14,6,912,5471.1,2,0
2025-01-21T13:00:00,5,14,10,916,2748.2,4,0
2025-01-21T14:00:00,5,16,14,918,2752.6,4,0
2025-01-21T15:00:00,5,14,8,924,1387.7,8,0
2025-01-21T16:00:00,5,14,10,928,1589.5,7,0
2025-01-21T17:00:00,5,2,4,926,2776.0,4,0
2025-01-21T18:00:00,5,1,2,925,3699.7,3,0
2025-01-21T19:00:00,5,3,1,927,1589.8,7,0
2025-01-21T20:00:00,5,3,2,928,1855.1,6,0
2025-01-21T21:00:00,5,8,7,929,1859.9,6,0
2025-01-21T22:00:00,5,2,0,931,2234.2,5,0
2025-01-21T23:00:00,5,5,6,930,2233.3,5,0
2025-01-22T00:00:00,5,3,5,928,2228.0,5,0
2025-01-22T01:00:00,5,3,3,928,1857.1,6,0
2025-01-22T02:00:00,5,0,0,928,1392.6,8,0
2025-01-22T03:00:00,5,9,6,931,2233.9,5,0
2025-01-22T04:00:00,5,4,7,928,5569.5,2,0
2025-01-22T05:00:00,5,0,0,928,1856.9,6,0
2025-01-22T06:00:00,5,3,3,928,1588.9,7,0
2025-01-22T07:00:00,5,4,3,929,3715.8,3,0
2025-01-22T08:00:00,5,3,4,928,5567.4,2,0
2025-01-22T09:00:00,5,19,11,936,5617.8,2,0
2025-01-22T10:00:00,5,15,11,940,5641.8,2,0
2025-01-22T11:00:00,5,14,10,944,5664.5,2,0
2025-01-22T12:00:00,5,17,15,946,1621.9,7,0
2025-01-22T13:00:00,5,12,8,950,2281.3,5,0
2025-01-22T14:00:00,5,17,12,955,1431.0,8,0
2025-01-22T15:00:00,5,18,14,959,2302.2,5,0
2025-01-22T16:00:00,5,18,15,962,2885.2,4,0
2025-01-22T17:00:00,5,3,3,962,3849.7,3,0
2025-01-22T18:00:00,5,7,6,963,2309.2,5,0
2025-01-22T19:00:00,5,2,4,961,1442.2,8,0
2025-01-22T20:00:00,5,6,9,958,2875.3,4,0
2025-01-22T21:00:00,5,7,2,963,1445.5,8,0
2025-01-22T22:00:00,5,2,3,962,1441.7,8,0
2025-01-22T23:00:00,5,3,1,964,1444.8,8,0
2025-01-23T00:00:00,5,0,3,961,2307.0,5,0
2025-01-23T01:00:00,5,5,4,962,1648.5,7,0
2025-01-23T02:00:00,5,2,1,963,1925.1,6,0
2025-01-23T03:00:00,5,4,0,967,1933.2,6,0
2025-01-23T04:00:00,5,4,3,968,1658.7,7,0
2025-01-23T05:00:00,5,0,0,968,1657.7,7,0
2025-01-23T06:00:00,5,2,0,970,2326.4,5,0
2025-01-23T07:00:00,5,0,0,970,3879.3,3,0
2025-01-23T08:00:00,5,0,0,970,1939.9,6,0
2025-01-23T09:00:00,5,16,13,973,1667.7,7,0
2025-01-23T10:00:00,5,15,13,975,2925.4,4,0
2025-01-23T11:00:00,5,12,12,975,1948.7,6,0
2025-01-23T12:00:00,5,16,12,979,1679.1,7,0
2025-01-23T13:00:00,5,16,11,984,2359.8,5,0
2025-01-23T14:00:00,5,15,14,985,1970.2,6,0
2025-01-23T15:00:00,5,14,12,987,2370.0,5,0
2025-01-23T16:00:00,5,9,9,987,5920.2,2,0
2025-01-23T17:00:00,5,2,6,983,1476.3,8,0
2025-01-23T18:00:00,5,2,1,984,2361.7,5,0
2025-01-23T19:00:00,5,0,0,984,1968.8,6,0
2025-01-23T20:00:00,5,0,1,983,5899.5,2,0
2025-01-23T21:00:00,5,4,0,987,3949.4,3,0
2025-01-23T22:00:00,5,3,0,990,1979.8,6,0
2025-01-23T23:00:00,5,7,5,992,1985.0,6,0
2025-01-24T00:00:00,5,1,0,993,1700.5,7,0
2025-01-24T01:00:00,5,4,3,994,5964.3,2,0
2025-01-24T02:00:00,5,7,8,993,2980.0,4,0
2025-01-24T03:00:00,5,2,2,993,1490.2,8,0
2025-01-24T04:00:00,5,5,2,996,2989.1,4,0
2025-01-24T05:00:00,5,7,5,998,1495.6,8,0
2025-01-24T06:00:00,5,0,0,998,1996.7,6,0
2025-01-24T07:00:00,5,8,5,1001,4002.4,3,0
2025-01-24T08:00:00,5,2,0,1003,2408.7,5,0
2025-01-24T09:00:00,5,17,15,1005,2011.0,6,0
2025-01-24T10:00:00,5,13,10,1008,4032.4,3,0
2025-01-24T11:00:00,5,14,12,1010,2021.1,6,0
2025-01-24T12:00:00,5,8,5,1013,3040.1,4,0
2025-01-24T13:00:00,5,13,12,1014,1520.8,8,0
2025-01-24T14:00:00,5,11,7,1018,1526.5,8,0
2025-01-24T15:00:00,5,20,14,1024,4097.8,3,0
2025-01-24T16:00:00,5,18,15,1027,1761.1,7,0
2025-01-24T17:00:00,5,8,5,1030,2060.2,6,0
2025-01-24T18:00:00,5,2,0,1032,2064.5,6,0
2025-01-24T19:00:00,5,2,4,1030,4121.4,3,0
2025-01-24T20:00:00,5,5,3,1032,4127.7,3,0
2025-01-24T21:00:00,5,2,2,1032,2062.7,6,0
2025-01-24T22:00:00,5,4,1,1035,2071.0,6,0
2025-01-24T23:00:00,5,5,2,1038,2075.1,6,0
2025-01-25T00:00:00,5,1,1,1038,2074.7,6,0
2025-01-25T01:00:00,5,1,2,1037,2487.6,5,0
2025-01-25T02:00:00,5,6,6,1037,2072.2,6,0
2025-01-25T03:00:00,5,10,12,1035,2482.9,5,0
2025-01-25T04:00:00,5,6,4,1037,4146.8,3,0
2025-01-25T05:00:00,5,1,0,1038,1558.3,8,0
2025-01-25T06:00:00,5,9,6,1041,1560.6,8,0
2025-01-25T07:00:00,5,5,3,1043,4170.6,3,0
2025-01-25T08:00:00,5,8,8,1043,3129.4,4,0
2025-01-25T09:00:00,5,12,9,1046,3139.3,4,0
2025-01-25T10:00:00,5,18,17,1047,3139.1,4,0
2025-01-25T11:00:00,5,17,13,1051,3154.6,4,0
2025-01-25T12:00:00,5,9,6,1054,2106.7,6,0
2025-01-25T13:00:00,5,18,18,1054,6324.1,2,0
2025-01-25T14:00:00,5,15,12,1057,1587.3,8,0
2025-01-25T15:00:00,5,11,4,1064,3191.5,4,0
2025-01-25T16:00:00,5,15,13,1066,6394.3,2,0
2025-01-25T17:00:00,5,3,2,1067,2135.2,6,0
2025-01-25T18:00:00,5,1,0,1068,2562.1,5,0
2025-01-25T19:00:00,5,3,3,1068,6407.8,2,0
2025-01-25T20:00:00,5,5,2,1071,1605.8,8,0
2025-01-25T21:00:00,5,5,1,1075,6450.5,2,0
2025-01-25T22:00:00,5,4,3,1076,2150.4,6,0
2025-01-25T23:00:00,5,3,4,1075,1611.9,8,0
2025-01-26T00:00:00,5,4,0,1079,4316.8,3,0
2025-01-26T01:00:00,5,4,5,1078,3234.9,4,0
2025-01-26T02:00:00,5,7,7,1078,2588.1,5,0
2025-01-26T03:00:00,5,3,0,1081,6487.4,2,0
2025-01-26T04:00:00,5,4,2,1083,2165.1,6,0
2025-01-26T05:00:00,5,2,2,1083,1855.8,7,0
2025-01-26T06:00:00,5,2,0,1085,1625.7,8,0
2025-01-26T07:00:00,5,0,0,1085,2604.8,5,0
2025-01-26T08:00:00,5,7,8,1084,3251.4,4,0
2025-01-26T09:00:00,5,12,9,1087,6523.5,2,0
2025-01-26T10:00:00,5,14,9,1092,2182.0,6,0
2025-01-26T11:00:00,5,15,11,1096,2632.1,5,0
2025-01-26T12:00:00,5,14,9,1101,4403.6,3,0
2025-01-26T13:00:00,5,12,10,1103,1892.4,7,0
2025-01-26T14:00:00,5,12,12,1103,2205.0,6,0
2025-01-26T15:00:00,5,20,20,1103,6620.0,2,0
2025-01-26T16:00:00,5,14,13,1104,1892.2,7,0
2025-01-26T17:00:00,5,6,0,1110,6660.1,2,0
2025-01-26T18:00:00,5,8,7,1111,2223.7,6,0
2025-01-26T19:00:00,5,5,2,1114,4456.4,3,0
2025-01-26T20:00:00,5,2,0,1116,1912.1,7,0
2025-01-26T21:00:00,5,4,0,1120,2687.3,5,0
2025-01-26T22:00:00,5,4,3,1121,1681.6,8,0
2025-01-26T23:00:00,5,3,5,1119,1679.3,8,0
2025-01-27T00:00:00,5,6,4,1121,3364.9,4,0
2025-01-27T01:00:00,5,5,2,1124,1927.2,7,0
2025-01-27T02:00:00,5,5,1,1128,1692.3,8,0
2025-01-27T03:00:00,5,2,3,1127,4507.3,3,0
2025-01-27T04:00:00,5,3,2,1128,3382.5,4,0
2025-01-27T05:00:00,5,3,1,1130,1938.6,7,0
2025-01-27T06:00:00,5,3,3,1130,4520.5,3,0
2025-01-27T07:00:00,5,8,6,1132,6792.4,2,0
2025-01-27T08:00:00,5,4,4,1132,2263.1,6,0
2025-01-27T09:00:00,5,12,9,1135,3406.8,4,0
2025-01-27T10:00:00,5,14,12,1137,1949.5,7,0
2025-01-27T11:00:00,5,8,11,1134,1943.2,7,0
2025-01-27T12:00:00,5,15,11,1138,4552.8,3,0
2025-01-27T13:00:00,5,9,6,1141,2737.6,5,0
2025-01-27T14:00:00,5,11,8,1144,1716.0,8,0
2025-01-27T15:00:00,5,17,12,1149,1721.5,8,0
2025-01-27T16:00:00,5,15,14,1150,1972.0,7,0
2025-01-27T17:00:00,5,2,2,1150,6899.7,2,0
2025-01-27T18:00:00,5,2,2,1150,2300.6,6,0
2025-01-27T19:00:00,5,5,6,1149,6894.3,2,0
2025-01-27T20:00:00,5,1,0,1150,1971.5,7,0
2025-01-27T21:00:00,5,1,0,1151,6906.8,2,0
2025-01-27T22:00:00,5,2,3,1150,3450.7,4,0
2025-01-27T23:00:00,5,4,0,1154,6923.0,2,0
2025-01-28T00:00:00,5,7,3,1158,2314.1,6,0
2025-01-28T01:00:00,5,4,2,1160,6961.0,2,0
2025-01-28T02:00:00,5,3,6,1157,2776.2,5,0
2025-01-28T03:00:00,5,4,0,1161,1742.0,8,0
2025-01-28T04:00:00,5,4,3,1162,6971.1,2,0
2025-01-28T05:00:00,5,2,0,1164,1997.3,7,0
2025-01-28T06:00:00,5,5,4,1165,4660.1,3,0
2025-01-28T07:00:00,5,0,0,1165,4661.6,3,0
2025-01-28T08:00:00,5,2,2,1165,1747.7,8,0
2025-01-28T09:00:00,5,19,13,1171,2340.2,6,0
2025-01-28T10:00:00,5,12,9,1174,7042.4,2,0
2025-01-28T11:00:00,5,16,13,1177,2352.8,6,0
2025-01-28T12:00:00,5,14,9,1182,4726.6,3,0
2025-01-28T13:00:00,5,15,11,1186,1779.5,8,0
2025-01-28T14:00:00,5,18,15,1189,3568.2,4,0
2025-01-28T15:00:00,5,20,16,1193,3579.6,4,0
2025-01-28T16:00:00,5,13,12,1194,2388.8,6,0
2025-01-28T17:00:00,5,8,6,1196,2871.4,5,0
2025-01-28T18:00:00,5,3,3,1196,2870.2,5,0
2025-01-28T19:00:00,5,0,0,1196,2868.5,5,0
2025-01-28T20:00:00,5,2,0,1198,2394.8,6,0
2025-01-28T21:00:00,5,4,8,1194,3583.0,4,0
2025-01-28T22:00:00,5,2,1,1195,2869.0,5,0
2025-01-28T23:00:00,5,3,2,1196,2050.8,7,0
2025-01-29T00:00:00,5,1,0,1197,3590.8,4,0
2025-01-29T01:00:00,5,1,0,1198,4793.8,3,0
2025-01-29T02:00:00,5,4,2,1200,2880.8,5,0
2025-01-29T03:00:00,5,0,0,1200,3598.5,4,0
2025-01-29T04:00:00,5,6,6,1200,2058.3,7,0
2025-01-29T05:00:00,5,4,3,1201,2402.3,6,0
2025-01-29T06:00:00,5,4,5,1200,1799.4,8,0
2025-01-29T07:00:00,5,7,1,1206,7234.6,2,0
2025-01-29T08:00:00,5,3,2,1207,7240.2,2,0
2025-01-29T09:00:00,5,12,9,1210,2905.6,5,0
2025-01-29T10:00:00,5,13,8,1215,2082.1,7,0
2025-01-29T11:00:00,5,16,13,1218,2434.4,6,0
2025-01-29T12:00:00,5,20,13,1225,4899.7,3,0
2025-01-29T13:00:00,5,14,12,1227,4910.0,3,0
2025-01-29T14:00:00,5,11,8,1230,2110.1,7,0
2025-01-29T15:00:00,5,18,17,1231,4923.6,3,0
2025-01-29T16:00:00,5,19,14,1236,4945.9,3,0
2025-01-29T17:00:00,5,13,15,1234,1849.8,8,0
2025-01-29T18:00:00,5,2,1,1235,2117.5,7,0
2025-01-29T19:00:00,5,7,10,1232,2957.9,5,0
2025-01-29T20:00:00,5,5,5,1232,2463.8,6,0
2025-01-29T21:00:00,5,0,1,1231,2953.1,5,0
2025-01-29T22:00:00,5,4,3,1232,2955.9,5,0
2025-01-29T23:00:00,5,9,7,1234,4937.2,3,0
2025-01-30T00:00:00,5,9,8,1235,3706.1,4,0
2025-01-30T01:00:00,5,5,3,1237,3710.2,4,0
2025-01-30T02:00:00,5,0,1,1236,7416.5,2,0
2025-01-30T03:00:00,5,3,1,1238,2970.5,5,0
2025-01-30T04:00:00,5,1,3,1236,2473.7,6,0
2025-01-30T05:00:00,5,2,1,1237,4949.9,3,0
2025-01-30T06:00:00,5,5,3,1239,4957.5,3,0
2025-01-30T07:00:00,5,4,1,1242,4969.3,3,0
2025-01-30T08:00:00,5,1,0,1243,4972.3,3,0
2025-01-30T09:00:00,5,19,14,1248,2495.5,6,0
2025-01-30T10:00:00,5,17,14,1251,3752.8,4,0
2025-01-30T11:00:00,5,15,16,1250,1873.6,8,0
2025-01-30T12:00:00,5,13,8,1255,5021.3,3,0
2025-01-30T13:00:00,5,16,12,1259,3778.5,4,0
2025-01-30T14:00:00,5,22,20,1261,1892.9,8,0
2025-01-30T15:00:00,5,16,11,1266,7594.8,2,0
2025-01-30T16:00:00,5,19,14,1271,5083.3,3,0
2025-01-30T17:00:00,5,1,0,1272,7633.1,2,0
2025-01-30T18:00:00,5,4,0,1276,5105.3,3,0
2025-01-30T19:00:00,5,3,4,1275,2551.0,6,0
2025-01-30T20:00:00,5,6,3,1278,1918.2,8,0
2025-01-30T21:00:00,5,0,0,1278,2557.6,6,0
2025-01-30T22:00:00,5,5,7,1276,1913.6,8,0
2025-01-30T23:00:00,5,1,0,1277,5106.3,3,0
2025-01-31T00:00:00,5,3,0,1280,5118.3,3,0
2025-01-31T01:00:00,5,5,5,1280,3074.0,5,0
2025-01-31T02:00:00,5,7,5,1282,3077.1,5,0
2025-01-31T03:00:00,5,10,6,1286,1928.1,8,0
2025-01-31T04:00:00,5,6,3,1289,2578.6,6,0
2025-01-31T05:00:00,5,3,2,1290,2209.9,7,0
2025-01-31T06:00:00,5,1,0,1291,5163.7,3,0
2025-01-31T07:00:00,5,3,0,1294,2217.2,7,0
2025-01-31T08:00:00,5,1,3,1292,2214.5,7,0
2025-01-31T09:00:00,5,13,11,1294,2219.6,7,0
2025-01-31T10:00:00,5,19,18,1295,3884.2,4,0
2025-01-31T11:00:00,5,14,8,1301,2229.5,7,0
2025-01-31T12:00:00,5,12,12,1301,3904.7,4,0
2025-01-31T13:00:00,5,19,13,1307,2615.3,6,0
2025-01-31T14:00:00,5,18,11,1314,2626.2,6,0
2025-01-31T15:00:00,5,16,12,1318,2260.1,7,0
2025-01-31T16:00:00,5,14,12,1320,2640.6,6,0
2025-01-31T17:00:00,5,0,0,1320,7918.7,2,0
2025-01-31T18:00:00,5,6,5,1321,5283.6,3,0
2025-01-31T19:00:00,5,4,2,1323,2644.8,6,0
2025-01-31T20:00:00,5,5,6,1322,7933.1,2,0
2025-01-31T21:00:00,5,0,0,1322,3172.8,5,0
2025-01-31T22:00:00,5,1,2,1321,2264.0,7,0
2025-01-31T23:00:00,5,0,0,1321,1980.5,8,0
2025-02-01T00:00:00,5,3,1,1323,2266.0,7,0
2025-02-01T01:00:00,5,2,0,1325,3974.4,4,0
2025-02-01T02:00:00,5,3,2,1326,7957.4,2,0
2025-02-01T03:00:00,5,1,0,1327,7962.9,2,0
2025-02-01T04:00:00,5,1,0,1328,7969.0,2,0
2025-02-01T05:00:00,5,0,0,1328,1990.2,8,0
2025-02-01T06:00:00,5,1,1,1328,3984.9,4,0
2025-02-01T07:00:00,5,2,2,1328,3187.5,5,0
2025-02-01T08:00:00,5,0,0,1328,1990.7,8,0
2025-02-01T09:00:00,5,14,9,1333,2001.1,8,0
2025-02-01T10:00:00,5,15,14,1334,5337.8,3,0
2025-02-01T11:00:00,5,12,9,1337,5348.2,3,0
2025-02-01T12:00:00,5,17,16,1338,5350.2,3,0
2025-02-01T13:00:00,5,12,10,1340,2297.2,7,0
2025-02-01T14:00:00,5,20,18,1342,5369.4,3,0
2025-02-01T15:00:00,5,17,11,1348,5390.4,3,0
2025-02-01T16:00:00,5,13,6,1355,4064.0,4,0
2025-02-01T17:00:00,5,8,7,1356,2712.7,6,0
2025-02-01T18:00:00,5,2,0,1358,2037.8,8,0
2025-02-01T19:00:00,5,10,10,1358,5431.9,3,0
2025-02-01T20:00:00,5,5,0,1363,2726.8,6,0
2025-02-01T21:00:00,5,7,6,1364,4091.4,4,0
2025-02-01T22:00:00,5,5,5,1364,2044.2,8,0
2025-02-01T23:00:00,5,2,3,1363,2725.6,6,0
2025-02-02T00:00:00,5,5,0,1368,8209.2,2,0
2025-02-02T01:00:00,5,5,7,1366,5463.8,3,0
2025-02-02T02:00:00,5,4,5,1365,8191.8,2,0
2025-02-02T03:00:00,5,3,5,1363,2335.0,7,0
2025-02-02T04:00:00,5,2,3,1362,4086.8,4,0
2025-02-02T05:00:00,5,6,4,1364,3273.0,5,0
2025-02-02T06:00:00,5,4,2,1366,3279.7,5,0
2025-02-02T07:00:00,5,0,0,1366,2050.0,8,0
2025-02-02T08:00:00,5,7,5,1368,2737.4,6,0
2025-02-02T09:00:00,5,8,9,1367,4100.3,4,0
2025-02-02T10:00:00,5,16,9,1374,2354.0,7,0
2025-02-02T11:00:00,5,16,12,1378,2068.8,8,0
2025-02-02T12:00:00,5,9,8,1379,2069.4,8,0
2025-02-02T13:00:00,5,13,10,1382,4145.6,4,0
2025-02-02T14:00:00,5,12,13,1381,2367.5,7,0
2025-02-02T15:00:00,5,10,9,1382,2072.5,8,0
2025-02-02T16:00:00,5,13,10,1385,2768.3,6,0
2025-02-02T17:00:00,5,7,3,1389,2776.7,6,0
2025-02-02T18:00:00,5,1,0,1390,2384.5,7,0
2025-02-02T19:00:00,5,4,3,1391,2781.6,6,0
2025-02-02T20:00:00,5,7,5,1393,2087.8,8,0
2025-02-02T21:00:00,5,7,4,1396,3351.1,5,0
2025-02-02T22:00:00,5,5,2,1399,5595.1,3,0
2025-02-02T23:00:00,5,10,9,1400,2801.2,6,0
2025-02-03T00:00:00,5,5,4,1401,2100.0,8,0
2025-02-03T01:00:00,5,0,0,1401,2100.8,8,0
2025-02-03T02:00:00,5,6,3,1404,4210.4,4,0
2025-02-03T03:00:00,5,7,7,1404,5616.5,3,0
2025-02-03T04:00:00,5,4,4,1404,2105.5,8,0
2025-02-03T05:00:00,5,4,6,1402,2402.9,7,0
2025-02-03T06:00:00,5,0,0,1402,2802.8,6,0
2025-02-03T07:00:00,5,0,1,1401,4201.9,4,0
2025-02-03T08:00:00,5,2,1,1402,8412.1,2,0
2025-02-03T09:00:00,5,15,14,1403,5611.1,3,0
2025-02-03T10:00:00,5,19,11,1411,5642.4,3,0
2025-02-03T11:00:00,5,13,14,1410,2819.4,6,0
2025-02-03T12:00:00,5,21,16,1415,5660.5,3,0
2025-02-03T13:00:00,5,14,10,1419,2129.4,8,0
2025-02-03T14:00:00,5,11,6,1424,5694.1,3,0
2025-02-03T15:00:00,5,5,3,1426,2446.5,7,0
2025-02-03T16:00:00,5,14,8,1432,3437.9,5,0
2025-02-03T17:00:00,5,6,4,1434,2149.7,8,0
2025-02-03T18:00:00,5,4,4,1434,2459.8,7,0
2025-02-03T19:00:00,5,6,7,1433,5733.1,3,0
2025-02-03T20:00:00,5,5,3,1435,2151.8,8,0
2025-02-03T21:00:00,5,6,3,1438,4312.1,4,0
2025-02-03T22:00:00,5,2,3,1437,8623.5,2,0
2025-02-03T23:00:00,5,3,1,1439,4319.0,4,0
2025-02-04T00:00:00,5,3,2,1440,2878.8,6,0
2025-02-04T01:00:00,5,9,5,1444,5775.9,3,0
2025-02-04T02:00:00,5,3,0,1447,2480.4,7,0
2025-02-04T03:00:00,5,0,2,1445,3467.7,5,0
2025-02-04T04:00:00,5,5,2,1448,2171.3,8,0
2025-02-04T05:00:00,5,7,6,1449,5796.9,3,0
2025-02-04T06:00:00,5,0,6,1443,3462.7,5,0
2025-02-04T07:00:00,5,7,1,1449,4345.8,4,0
2025-02-04T08:00:00,5,3,2,1450,5799.2,3,0
2025-02-04T09:00:00,5,14,12,1452,4355.7,4,0
2025-02-04T10:00:00,5,13,7,1458,3497.4,5,0
2025-02-04T11:00:00,5,12,11,1459,2188.9,8,0
2025-02-04T12:00:00,5,9,4,1464,2196.7,8,0
2025-02-04T13:00:00,5,13,8,1469,3524.7,5,0
2025-02-04T14:00:00,5,18,15,1472,4417.9,4,0
2025-02-04T15:00:00,5,15,14,1473,8836.0,2,0
2025-02-04T16:00:00,5,17,15,1475,2948.8,6,0
2025-02-04T17:00:00,5,4,0,1479,5916.5,3,0
2025-02-04T18:00:00,5,0,0,1479,2218.5,8,0
2025-02-04T19:00:00,5,7,4,1482,3557.0,5,0
2025-02-04T20:00:00,5,6,5,1483,2540.3,7,0
2025-02-04T21:00:00,5,4,7,1480,5920.4,3,0
2025-02-04T22:00:00,5,3,1,1482,4446.2,4,0
2025-02-04T23:00:00,5,1,2,1481,4443.5,4,0
2025-02-05T00:00:00,5,0,1,1480,2537.9,7,0
2025-02-05T01:00:00,5,0,0,1480,2960.4,6,0
2025-02-05T02:00:00,5,7,7,1480,3552.1,5,0
2025-02-05T03:00:00,5,3,2,1481,2964.0,6,0
2025-02-05T04:00:00,5,6,7,1480,2961.0,6,0
2025-02-05T05:00:00,5,0,0,1480,2219.7,8,0
2025-02-05T06:00:00,5,5,6,1479,2958.3,6,0
2025-02-05T07:00:00,5,8,2,1485,5940.4,3,0
2025-02-05T08:00:00,5,2,0,1487,2231.4,8,0
2025-02-05T09:00:00,5,17,14,1490,2556.1,7,0
2025-02-05T10:00:00,5,12,12,1490,8939.8,2,0
2025-02-05T11:00:00,5,14,9,1495,2561.7,7,0
2025-02-05T12:00:00,5,12,14,1493,5970.7,3,0
2025-02-05T13:00:00,5,16,13,1496,2565.9,7,0
2025-02-05T14:00:00,5,15,9,1502,9012.5,2,0
2025-02-05T15:00:00,5,7,6,1503,9019.2,2,0
2025-02-05T16:00:00,5,18,16,1505,2581.0,7,0
2025-02-05T17:00:00,5,4,2,1507,6026.2,3,0
2025-02-05T18:00:00,5,5,1,1511,4534.0,4,0
2025-02-05T19:00:00,5,0,0,1511,3625.7,5,0
2025-02-05T20:00:00,5,0,0,1511,9067.9,2,0
2025-02-05T21:00:00,5,2,0,1513,2593.3,7,0
2025-02-05T22:00:00,5,7,9,1511,2588.6,7,0
2025-02-05T23:00:00,5,2,3,1510,6038.9,3,0
2025-02-06T00:00:00,5,2,4,1508,2585.6,7,0
2025-02-06T01:00:00,5,3,1,1510,4530.4,4,0
2025-02-06T02:00:00,5,4,7,1507,9041.8,2,0
2025-02-06T03:00:00,5,0,0,1507,2262.5,8,0
2025-02-06T04:00:00,5,4,6,1505,9029.7,2,0
2025-02-06T05:00:00,5,0,0,1505,6019.5,3,0
2025-02-06T06:00:00,5,3,2,1506,4517.1,4,0
2025-02-06T07:00:00,5,4,1,1509,3622.7,5,0
2025-02-06T08:00:00,5,0,0,1509,9053.8,2,0
2025-02-06T09:00:00,5,15,11,1513,2594.5,7,0
2025-02-06T10:00:00,5,20,16,1517,9103.2,2,0
2025-02-06T11:00:00,5,11,8,1520,9118.9,2,0
2025-02-06T12:00:00,5,11,7,1524,2284.3,8,0
2025-02-06T13:00:00,5,16,11,1529,3670.7,5,0
2025-02-06T14:00:00,5,16,13,1532,6126.4,3,0
2025-02-06T15:00:00,5,17,13,1536,9215.1,2,0
2025-02-06T16:00:00,5,20,14,1542,3700.5,5,0
2025-02-06T17:00:00,5,4,2,1544,2315.8,8,0
2025-02-06T18:00:00,5,5,2,1547,3714.0,5,0
2025-02-06T19:00:00,5,0,0,1547,4641.5,4,0
2025-02-06T20:00:00,5,9,3,1553,2662.5,7,0
2025-02-06T21:00:00,5,5,5,1553,6213.1,3,0
2025-02-06T22:00:00,5,6,0,1559,9353.3,2,0
2025-02-06T23:00:00,5,4,4,1559,9355.3,2,0
2025-02-07T00:00:00,5,1,3,1557,4669.8,4,0
2025-02-07T01:00:00,5,8,5,1560,6241.9,3,0
2025-02-07T02:00:00,5,0,0,1560,3743.8,5,0
2025-02-07T03:00:00,5,1,2,1559,3741.3,5,0
2025-02-07T04:00:00,5,0,4,1555,3733.7,5,0
2025-02-07T05:00:00,5,2,0,1557,9342.2,2,0
2025-02-07T06:00:00,5,4,2,1559,4676.6,4,0
2025-02-07T07:00:00,5,0,0,1559,6235.2,3,0
2025-02-07T08:00:00,5,7,5,1561,9364.8,2,0
2025-02-07T09:00:00,5,11,7,1565,3757.8,5,0
2025-02-07T10:00:00,5,13,13,1565,3128.5,6,0
2025-02-07T11:00:00,5,17,14,1568,2353.3,8,0
2025-02-07T12:00:00,5,18,13,1573,4718.1,4,0
2025-02-07T13:00:00,5,23,18,1578,6310.2,3,0
2025-02-07T14:00:00,5,15,12,1581,2708.3,7,0
2025-02-07T15:00:00,5,10,6,1585,2715.9,7,0
2025-02-07T16:00:00,5,14,12,1587,4762.6,4,0
2025-02-07T17:00:00,5,4,1,1590,2725.6,7,0
2025-02-07T18:00:00,5,1,1,1590,3816.2,5,0
2025-02-07T19:00:00,5,3,2,1591,3182.6,6,0
2025-02-07T20:00:00,5,4,3,1592,9550.7,2,0
2025-02-07T21:00:00,5,4,4,1592,3822.3,5,0
2025-02-07T22:00:00,5,0,0,1592,3182.2,6,0
2025-02-07T23:00:00,5,0,0,1592,4777.9,4,0
2025-02-08T00:00:00,5,6,7,1591,3180.9,6,0
2025-02-08T01:00:00,5,3,0,1594,4783.6,4,0
2025-02-08T02:00:00,5,6,2,1598,3194.6,6,0
2025-02-08T03:00:00,5,1,0,1599,6396.3,3,0
2025-02-08T04:00:00,5,10,9,1600,6400.3,3,0
2025-02-08T05:00:00,5,2,3,1599,6397.0,3,0
2025-02-08T06:00:00,5,4,1,1602,9614.0,2,0
2025-02-08T07:00:00,5,2,5,1599,3837.1,5,0
2025-02-08T08:00:00,5,2,1,1600,4800.4,4,0
2025-02-08T09:00:00,5,14,11,1603,9616.9,2,0
2025-02-08T10:00:00,5,15,11,1607,2754.3,7,0
2025-02-08T11:00:00,5,18,14,1611,3865.5,5,0
2025-02-08T12:00:00,5,17,16,1612,2418.8,8,0
2025-02-08T13:00:00,5,16,12,1616,9695.6,2,0
2025-02-08T14:00:00,5,13,9,1620,2431.9,8,0
2025-02-08T15:00:00,5,12,13,1619,3236.2,6,0
2025-02-08T16:00:00,5,16,13,1622,6489.2,3,0
2025-02-08T17:00:00,5,0,0,1622,4864.4,4,0
2025-02-08T18:00:00,5,2,4,1620,3886.7,5,0
2025-02-08T19:00:00,5,7,2,1625,4875.1,4,0
2025-02-08T20:00:00,5,4,3,1626,3900.5,5,0
2025-02-08T21:00:00,5,5,6,1625,2784.8,7,0
2025-02-08T22:00:00,5,1,0,1626,9754.6,2,0
2025-02-08T23:00:00,5,2,0,1628,3908.0,5,0
2025-02-09T00:00:00,5,10,7,1631,6524.7,3,0
2025-02-09T01:00:00,5,5,6,1630,2445.1,8,0
2025-02-09T02:00:00,5,0,0,1630,3912.4,5,0
2025-02-09T03:00:00,5,3,5,1628,4882.1,4,0
2025-02-09T04:00:00,5,4,3,1629,9773.4,2,0
2025-02-09T05:00:00,5,5,4,1630,3910.7,5,0
2025-02-09T06:00:00,5,1,0,1631,3261.6,6,0
2025-02-09T07:00:00,5,0,0,1631,2796.1,7,0
2025-02-09T08:00:00,5,5,3,1633,9798.7,2,0
2025-02-09T09:00:00,5,17,12,1638,9827.1,2,0
2025-02-09T10:00:00,5,7,5,1640,6558.6,3,0
2025-02-09T11:00:00,5,13,8,1645,6579.0,3,0
2025-02-09T12:00:00,5,19,13,1651,2831.3,7,0
2025-02-09T13:00:00,5,16,10,1657,9940.8,2,0
2025-02-09T14:00:00,5,10,9,1658,2488.1,8,0
2025-02-09T15:00:00,5,14,10,1662,2850.9,7,0
2025-02-09T16:00:00,5,14,9,1667,2856.7,7,0
2025-02-09T17:00:00,5,3,1,1669,2861.6,7,0
2025-02-09T18:00:00,5,7,6,1670,3339.5,6,0
2025-02-09T19:00:00,5,6,2,1674,10042.5,2,0
2025-02-09T20:00:00,5,1,1,1674,6696.3,3,0
2025-02-09T21:00:00,5,5,3,1676,5027.4,4,0
2025-02-09T22:00:00,5,0,0,1676,2514.9,8,0
2025-02-09T23:00:00,5,5,4,1677,5031.1,4,0
2025-02-10T00:00:00,5,2,1,1678,3354.5,6,0
2025-02-10T01:00:00,5,7,5,1680,4031.9,5,0
2025-02-10T02:00:00,5,8,7,1681,3360.6,6,0
2025-02-10T03:00:00,5,0,0,1681,6725.2,3,0
2025-02-10T04:00:00,5,3,1,1683,5048.3,4,0
2025-02-10T05:00:00,5,3,4,1682,4035.2,5,0
2025-02-10T06:00:00,5,5,3,1684,6735.2,3,0
2025-02-10T07:00:00,5,0,1,1683,5047.8,4,0
2025-02-10T08:00:00,5,6,6,1683,2526.1,8,0
2025-02-10T09:00:00,5,12,11,1684,4041.3,5,0
2025-02-10T10:00:00,5,10,9,1685,4042.8,5,0
2025-02-10T11:00:00,5,16,15,1686,5059.7,4,0
2025-02-10T12:00:00,5,17,12,1691,6762.8,3,0
2025-02-10T13:00:00,5,14,11,1694,2541.0,8,0
2025-02-10T14:00:00,5,11,11,1694,3389.6,6,0
2025-02-10T15:00:00,5,18,15,1697,10183.9,2,0
2025-02-10T16:00:00,5,11,11,1697,10181.5,2,0
2025-02-10T17:00:00,5,7,5,1699,4079.5,5,0
2025-02-10T18:00:00,5,7,5,1701,3402.8,6,0
2025-02-10T19:00:00,5,0,2,1699,4078.1,5,0
2025-02-10T20:00:00,5,1,1,1699,4077.3,5,0
2025-02-10T21:00:00,5,10,8,1701,10205.0,2,0
2025-02-10T22:00:00,5,7,3,1705,3409.2,6,0
2025-02-10T23:00:00,5,2,5,1702,5106.9,4,0
2025-02-11T00:00:00,5,4,6,1700,5098.2,4,0
2025-02-11T01:00:00,5,5,5,1700,5101.7,4,0
2025-02-11T02:00:00,5,1,1,1700,10200.0,2,0
2025-02-11T03:00:00,5,3,1,1702,6807.4,3,0
2025-02-11T04:00:00,5,2,3,1701,2550.5,8,0
2025-02-11T05:00:00,5,0,0,1701,5103.0,4,0
2025-02-11T06:00:00,5,9,8,1702,10210.4,2,0
2025-02-11T07:00:00,5,2,0,1704,3408.0,6,0
2025-02-11T08:00:00,5,3,1,1706,6825.1,3,0
2025-02-11T09:00:00,5,20,16,1710,10258.7,2,0
2025-02-11T10:00:00,5,9,4,1715,2570.9,8,0
2025-02-11T11:00:00,5,11,9,1717,4122.1,5,0
2025-02-11T12:00:00,5,14,11,1720,4127.3,5,0
2025-02-11T13:00:00,5,16,12,1724,3446.8,6,0
2025-02-11T14:00:00,5,21,16,1729,3458.8,6,0
2025-02-11T15:00:00,5,16,12,1733,5198.1,4,0
2025-02-11T16:00:00,5,15,13,1735,2602.8,8,0
2025-02-11T17:00:00,5,0,1,1734,2972.5,7,0
2025-02-11T18:00:00,5,5,1,1738,6952.5,3,0
2025-02-11T19:00:00,5,2,1,1739,10433.3,2,0
2025-02-11T20:00:00,5,0,0,1739,4175.2,5,0
2025-02-11T21:00:00,5,2,1,1740,10438.8,2,0
2025-02-11T22:00:00,5,7,9,1738,10429.9,2,0
2025-02-11T23:00:00,5,4,1,1741,10444.3,2,0
2025-02-12T00:00:00,5,10,5,1746,4192.3,5,0
2025-02-12T01:00:00,5,3,0,1749,5246.7,4,0
2025-02-12T02:00:00,5,2,0,1751,2628.3,8,0
2025-02-12T03:00:00,5,5,0,1756,10536.3,2,0
2025-02-12T04:00:00,5,6,3,1759,2639.4,8,0
2025-02-12T05:00:00,5,8,8,1759,10555.6,2,0
2025-02-12T06:00:00,5,7,7,1759,3519.3,6,0
2025-02-12T07:00:00,5,0,0,1759,3516.7,6,0
2025-02-12T08:00:00,5,2,0,1761,5283.4,4,0
2025-02-12T09:00:00,5,15,11,1765,3024.1,7,0
2025-02-12T10:00:00,5,14,8,1771,4250.2,5,0
2025-02-12T11:00:00,5,13,7,1777,7108.0,3,0
2025-02-12T12:00:00,5,11,4,1784,3058.4,7,0
2025-02-12T13:00:00,5,20,18,1786,4286.5,5,0
2025-02-12T14:00:00,5,12,7,1791,10748.0,2,0
2025-02-12T15:00:00,5,14,11,1794,3589.5,6,0
2025-02-12T16:00:00,5,11,7,1798,3083.4,7,0
2025-02-12T17:00:00,5,5,4,1799,7196.8,3,0
2025-02-12T18:00:00,5,0,0,1799,10795.8,2,0
2025-02-12T19:00:00,5,0,0,1799,4318.1,5,0
2025-02-12T20:00:00,5,4,3,1800,10801.5,2,0
2025-02-12T21:00:00,5,6,3,1803,4328.2,5,0
2025-02-12T22:00:00,5,7,8,1802,5406.3,4,0
2025-02-12T23:00:00,5,7,5,1804,5413.8,4,0
2025-02-13T00:00:00,5,7,6,1805,4332.6,5,0
2025-02-13T01:00:00,5,0,0,1805,7221.5,3,0
2025-02-13T02:00:00,5,1,0,1806,7223.3,3,0
2025-02-13T03:00:00,5,2,0,1808,7230.8,3,0
2025-02-13T04:00:00,5,1,1,1808,7231.2,3,0
2025-02-13T05:00:00,5,0,0,1808,4341.0,5,0
2025-02-13T06:00:00,5,6,5,1809,3100.1,7,0
2025-02-13T07:00:00,5,7,6,1810,2715.0,8,0
2025-02-13T08:00:00,5,0,0,1810,5430.3,4,0
2025-02-13T09:00:00,5,14,11,1813,10876.2,2,0
2025-02-13T10:00:00,5,16,13,1816,10896.4,2,0
2025-02-13T11:00:00,5,20,15,1821,5463.6,4,0
2025-02-13T12:00:00,5,16,14,1823,3646.0,6,0
2025-02-13T13:00:00,5,12,9,1826,5477.4,4,0
2025-02-13T14:00:00,5,13,9,1830,10979.5,2,0
2025-02-13T15:00:00,5,19,16,1833,3141.8,7,0
2025-02-13T16:00:00,5,12,7,1838,3674.2,6,0
2025-02-13T17:00:00,5,4,0,1842,3157.4,7,0
2025-02-13T18:00:00,5,1,0,1843,5527.8,4,0
2025-02-13T19:00:00,5,8,7,1844,4425.6,5,0
2025-02-13T20:00:00,5,1,0,1845,2768.7,8,0
2025-02-13T21:00:00,5,3,1,1847,11081.1,2,0
2025-02-13T22:00:00,5,5,3,1849,11094.9,2,0
2025-02-13T23:00:00,5,2,3,1848,4434.0,5,0
2025-02-14T00:00:00,5,3,3,1848,2771.2,8,0
2025-02-14T01:00:00,5,0,0,1848,3167.1,7,0
2025-02-14T02:00:00,5,4,3,1849,2771.8,8,0
2025-02-14T03:00:00,5,6,5,1850,2776.4,8,0
2025-02-14T04:00:00,5,0,0,1850,3170.7,7,0
2025-02-14T05:00:00,5,3,0,1853,7413.5,3,0
2025-02-14T06:00:00,5,8,8,1853,3177.9,7,0
2025-02-14T07:00:00,5,7,3,1857,2786.6,8,0
2025-02-14T08:00:00,5,3,1,1859,3187.4,7,0
2025-02-14T09:00:00,5,13,11,1861,5582.1,4,0
2025-02-14T10:00:00,5,16,15,1862,3191.2,7,0
2025-02-14T11:00:00,5,15,11,1866,2798.0,8,0
2025-02-14T12:00:00,5,12,10,1868,2800.3,8,0
2025-02-14T13:00:00,5,18,14,1872,11232.8,2,0
2025-02-14T14:00:00,5,14,8,1878,11268.0,2,0
2025-02-14T15:00:00,5,16,12,1882,7528.6,3,0
2025-02-14T16:00:00,5,12,7,1887,5659.5,4,0
2025-02-14T17:00:00,5,9,8,1888,2833.6,8,0
2025-02-14T18:00:00,5,4,4,1888,11327.5,2,0
2025-02-14T19:00:00,5,4,3,1889,2831.5,8,0
2025-02-14T20:00:00,5,3,3,1889,7556.5,3,0
2025-02-14T21:00:00,5,0,0,1889,3777.7,6,0
2025-02-14T22:00:00,5,3,1,1891,5674.8,4,0
2025-02-14T23:00:00,5,3,4,1890,3781.4,6,0
2025-02-15T00:00:00,5,4,3,1891,4536.8,5,0
2025-02-15T01:00:00,5,1,0,1892,11352.0,2,0
2025-02-15T02:00:00,5,5,4,1893,4544.0,5,0
2025-02-15T03:00:00,5,4,3,1894,7574.1,3,0
2025-02-15T04:00:00,5,1,4,1891,5673.5,4,0
2025-02-15T05:00:00,5,0,0,1891,2835.4,8,0
2025-02-15T06:00:00,5,3,4,1890,4537.9,5,0
2025-02-15T07:00:00,5,3,1,1892,2836.3,8,0
2025-02-15T08:00:00,5,3,1,1894,3787.8,6,0
2025-02-15T09:00:00,5,16,8,1902,7609.1,3,0
2025-02-15T10:00:00,5,13,12,1903,3804.2,6,0
2025-02-15T11:00:00,5,14,13,1904,2854.6,8,0
2025-02-15T12:00:00,5,21,16,1909,7634.1,3,0
2025-02-15T13:00:00,5,15,8,1916,7662.9,3,0
2025-02-15T14:00:00,5,15,10,1921,3843.7,6,0
2025-02-15T15:00:00,5,10,6,1925,3301.8,7,0
2025-02-15T16:00:00,5,15,12,1928,11566.4,2,0
2025-02-15T17:00:00,5,4,1,1931,3861.9,6,0
2025-02-15T18:00:00,5,0,0,1931,4634.8,5,0
2025-02-15T19:00:00,5,2,5,1928,3307.0,7,0
2025-02-15T20:00:00,5,5,2,1931,11586.7,2,0
2025-02-15T21:00:00,5,0,0,1931,3311.0,7,0
2025-02-15T22:00:00,5,5,3,1933,3312.5,7,0
2025-02-15T23:00:00,5,6,6,1933,4637.7,5,0
2025-02-16T00:00:00,5,2,4,1931,2896.7,8,0
2025-02-16T01:00:00,5,6,5,1932,4636.2,5,0
2025-02-16T02:00:00,5,3,2,1933,5797.3,4,0
2025-02-16T03:00:00,5,6,5,1934,7736.3,3,0
2025-02-16T04:00:00,5,0,0,1934,7735.9,3,0
2025-02-16T05:00:00,5,5,5,1934,5802.5,4,0
2025-02-16T06:00:00,5,4,5,1933,7731.5,3,0
2025-02-16T07:00:00,5,3,0,1936,4647.9,5,0
2025-02-16T08:00:00,5,1,0,1937,11622.7,2,0
2025-02-16T09:00:00,5,16,14,1939,3877.7,6,0
2025-02-16T10:00:00,5,17,13,1943,3332.5,7,0
2025-02-16T11:00:00,5,13,10,1946,7782.8,3,0
2025-02-16T12:00:00,5,16,10,1952,2929.7,8,0
2025-02-16T13:00:00,5,13,11,1954,3350.9,7,0
2025-02-16T14:00:00,5,20,16,1958,3917.9,6,0
2025-02-16T15:00:00,5,10,3,1965,4717.5,5,0
2025-02-16T16:00:00,5,11,8,1968,11809.4,2,0
2025-02-16T17:00:00,5,6,3,1971,3378.8,7,0
2025-02-16T18:00:00,5,7,6,1972,2959.2,8,0
2025-02-16T19:00:00,5,0,0,1972,2959.1,8,0
2025-02-16T20:00:00,5,3,0,1975,4742.0,5,0
2025-02-16T21:00:00,5,4,5,1974,7894.6,3,0
2025-02-16T22:00:00,5,3,1,1976,3387.5,7,0
2025-02-16T23:00:00,5,3,2,1977,11863.7,2,0
2025-02-17T00:00:00,5,5,3,1979,4751.3,5,0
2025-02-17T01:00:00,5,2,0,1981,5944.8,4,0
2025-02-17T02:00:00,5,5,2,1984,11904.2,2,0
2025-02-17T03:00:00,5,7,3,1988,7952.3,3,0
2025-02-17T04:00:00,5,0,2,1986,11916.4,2,0
2025-02-17T05:00:00,5,5,3,1988,3977.9,6,0
2025-02-17T06:00:00,5,3,4,1987,7949.5,3,0
2025-02-17T07:00:00,5,9,7,1989,4772.8,5,0
2025-02-17T08:00:00,5,5,6,1988,5962.5,4,0
2025-02-17T09:00:00,5,16,10,1994,5983.7,4,0
2025-02-17T10:00:00,5,19,15,1998,3995.3,6,0
2025-02-17T11:00:00,5,12,10,2000,11998.5,2,0
2025-02-17T12:00:00,5,17,17,2000,3426.6,7,0
2025-02-17T13:00:00,5,13,8,2005,4008.2,6,0
2025-02-17T14:00:00,5,12,10,2007,3438.6,7,0
2025-02-17T15:00:00,5,9,6,2010,8038.8,3,0
2025-02-17T16:00:00,5,13,8,2015,3456.1,7,0
2025-02-17T17:00:00,5,5,5,2015,3455.6,7,0
2025-02-17T18:00:00,5,6,4,2017,4839.8,5,0
2025-02-17T19:00:00,5,5,3,2019,8077.6,3,0
2025-02-17T20:00:00,5,4,2,2021,4042.8,6,0
2025-02-17T21:00:00,5,6,4,2023,4855.6,5,0
2025-02-17T22:00:00,5,3,1,2025,4859.2,5,0
2025-02-17T23:00:00,5,5,5,2025,6077.0,4,0
2025-02-18T00:00:00,5,4,2,2027,4052.4,6,0
2025-02-18T01:00:00,5,3,4,2026,12156.7,2,0
2025-02-18T02:00:00,5,2,1,2027,4053.3,6,0
2025-02-18T03:00:00,5,0,0,2027,6082.3,4,0
2025-02-18T04:00:00,5,2,0,2029,8117.7,3,0
2025-02-18T05:00:00,5,0,2,2027,4052.5,6,0
2025-02-18T06:00:00,5,5,6,2026,6077.3,4,0
2025-02-18T07:00:00,5,4,4,2026,4050.4,6,0
2025-02-18T08:00:00,5,10,7,2029,4057.0,6,0
2025-02-18T09:00:00,5,17,14,2032,4065.6,6,0
2025-02-18T10:00:00,5,22,17,2037,4073.7,6,0
2025-02-18T11:00:00,5,14,9,2042,4902.1,5,0
2025-02-18T12:00:00,5,16,17,2041,6122.7,4,0
2025-02-18T13:00:00,5,13,5,2049,4918.7,5,0
2025-02-18T14:00:00,5,13,7,2055,3083.2,8,0
2025-02-18T15:00:00,5,12,7,2060,3530.8,7,0
2025-02-18T16:00:00,5,18,14,2064,3539.1,7,0
2025-02-18T17:00:00,5,6,2,2068,3102.9,8,0
2025-02-18T18:00:00,5,6,9,2065,3541.8,7,0
2025-02-18T19:00:00,5,3,2,2066,3098.5,8,0
2025-02-18T20:00:00,5,2,0,2068,8272.2,3,0
2025-02-18T21:00:00,5,0,0,2068,3544.6,7,0
2025-02-18T22:00:00,5,5,5,2068,4136.9,6,0
2025-02-18T23:00:00,5,4,2,2070,6209.3,4,0
2025-02-19T00:00:00,5,5,3,2072,6215.6,4,0
2025-02-19T01:00:00,5,9,6,2075,6224.5,4,0
2025-02-19T02:00:00,5,5,1,2079,3564.9,7,0
2025-02-19T03:00:00,5,0,2,2077,4154.0,6,0
2025-02-19T04:00:00,5,1,1,2077,3562.1,7,0
2025-02-19T05:00:00,5,3,3,2077,4985.9,5,0
2025-02-19T06:00:00,5,0,3,2074,8296.0,3,0
2025-02-19T07:00:00,5,2,2,2074,6221.1,4,0
2025-02-19T08:00:00,5,4,0,2078,4986.8,5,0
2025-02-19T09:00:00,5,11,10,2079,6237.4,4,0
2025-02-19T10:00:00,5,12,9,2082,3124.8,8,0
2025-02-19T11:00:00,5,12,6,2088,5009.3,5,0
2025-02-19T12:00:00,5,11,7,2092,6277.4,4,0
2025-02-19T13:00:00,5,13,9,2096,8384.5,3,0
2025-02-19T14:00:00,5,15,10,2101,3602.9,7,0
2025-02-19T15:00:00,5,15,13,2103,5046.0,5,0
2025-02-19T16:00:00,5,16,10,2109,8437.9,3,0
2025-02-19T17:00:00,5,5,3,2111,4222.1,6,0
2025-02-19T18:00:00,5,3,2,2112,3168.5,8,0
2025-02-19T19:00:00,5,2,1,2113,5069.5,5,0
2025-02-19T20:00:00,5,8,6,2115,6344.9,4,0
2025-02-19T21:00:00,5,2,4,2113,3171.4,8,0
2025-02-19T22:00:00,5,0,1,2112,6336.3,4,0
2025-02-19T23:00:00,5,2,2,2112,6334.1,4,0
2025-02-20T00:00:00,5,4,0,2116,4231.6,6,0
2025-02-20T01:00:00,5,1,2,2115,12691.1,2,0
2025-02-20T02:00:00,5,5,0,2120,6358.5,4,0
2025-02-20T03:00:00,5,8,5,2123,6368.7,4,0
2025-02-20T04:00:00,5,1,4,2120,4239.5,6,0
2025-02-20T05:00:00,5,4,3,2121,8484.0,3,0
2025-02-20T06:00:00,5,0,0,2121,3636.4,7,0
2025-02-20T07:00:00,5,3,3,2121,5090.5,5,0
2025-02-20T08:00:00,5,9,8,2122,6366.2,4,0
2025-02-20T09:00:00,5,8,8,2122,3183.4,8,0
2025-02-20T10:00:00,5,15,11,2126,4251.5,6,0
2025-02-20T11:00:00,5,13,13,2126,6376.2,4,0
2025-02-20T12:00:00,5,11,7,2130,6391.2,4,0
2025-02-20T13:00:00,5,16,10,2136,3202.2,8,0
2025-02-20T14:00:00,5,14,12,2138,3207.6,8,0
2025-02-20T15:00:00,5,19,12,2145,6436.1,4,0
2025-02-20T16:00:00,5,18,13,2150,12898.1,2,0
2025-02-20T17:00:00,5,0,1,2149,4299.3,6,0
2025-02-20T18:00:00,5,3,3,2149,12895.5,2,0
2025-02-20T19:00:00,5,2,2,2149,3224.5,8,0
2025-02-20T20:00:00,5,3,1,2151,6452.2,4,0
2025-02-20T21:00:00,5,3,3,2151,6454.9,4,0
2025-02-20T22:00:00,5,5,5,2151,5161.8,5,0
2025-02-20T23:00:00,5,9,10,2150,6450.0,4,0
2025-02-21T00:00:00,5,6,4,2152,5164.6,5,0
2025-02-21T01:00:00,5,6,8,2150,8598.6,3,0
2025-02-21T02:00:00,5,4,3,2151,6454.3,4,0
2025-02-21T03:00:00,5,4,6,2149,12896.0,2,0
2025-02-21T04:00:00,5,3,3,2149,3685.0,7,0
2025-02-21T05:00:00,5,1,0,2150,6448.6,4,0
2025-02-21T06:00:00,5,5,3,2152,3687.3,7,0
2025-02-21T07:00:00,5,2,0,2154,4306.3,6,0
2025-02-21T08:00:00,5,7,3,2158,4315.6,6,0
2025-02-21T09:00:00,5,17,15,2160,4318.6,6,0
2025-02-21T10:00:00,5,11,9,2162,5189.5,5,0
2025-02-21T11:00:00,5,13,11,2164,5193.3,5,0
2025-02-21T12:00:00,5,14,14,2164,3246.3,8,0
2025-02-21T13:00:00,5,8,6,2166,3712.0,7,0
2025-02-21T14:00:00,5,13,9,2170,8678.9,3,0
2025-02-21T15:00:00,5,12,10,2172,4342.2,6,0
2025-02-21T16:00:00,5,11,3,2180,3270.8,8,0
2025-02-21T17:00:00,5,1,4,2177,6531.9,4,0
2025-02-21T18:00:00,5,0,0,2177,3731.2,7,0
2025-02-21T19:00:00,5,5,1,2181,3740.0,7,0
2025-02-21T20:00:00,5,0,0,2181,13085.4,2,0
2025-02-21T21:00:00,5,8,6,2183,3743.2,7,0
2025-02-21T22:00:00,5,1,0,2184,3275.7,8,0
2025-02-21T23:00:00,5,5,5,2184,3274.4,8,0
2025-02-22T00:00:00,5,6,5,2185,3276.2,8,0
2025-02-22T01:00:00,5,5,1,2189,3751.8,7,0
2025-02-22T02:00:00,5,0,1,2188,6564.3,4,0
2025-02-22T03:00:00,5,5,4,2189,5255.3,5,0
2025-02-22T04:00:00,5,0,1,2188,13126.3,2,0
2025-02-22T05:00:00,5,6,6,2188,8751.8,3,0
2025-02-22T06:00:00,5,5,2,2191,13145.0,2,0
2025-02-22T07:00:00,5,1,2,2190,4381.3,6,0
2025-02-22T08:00:00,5,2,0,2192,8768.9,3,0
2025-02-22T09:00:00,5,14,12,2194,3762.5,7,0
2025-02-22T10:00:00,5,10,7,2197,5272.6,5,0
2025-02-22T11:00:00,5,10,7,2200,13200.3,2,0
2025-02-22T12:00:00,5,10,7,2203,13217.1,2,0
2025-02-22T13:00:00,5,14,11,2206,4410.4,6,0
2025-02-22T14:00:00,5,19,17,2208,3785.7,7,0
2025-02-22T15:00:00,5,15,12,2211,13264.8,2,0
2025-02-22T16:00:00,5,17,14,2214,8857.3,3,0
2025-02-22T17:00:00,5,1,1,2214,13282.7,2,0
2025-02-22T18:00:00,5,5,2,2217,13300.4,2,0
2025-02-22T19:00:00,5,6,5,2218,6652.0,4,0
2025-02-22T20:00:00,5,6,2,2222,3811.0,7,0
2025-02-22T21:00:00,5,8,7,2223,13339.9,2,0
2025-02-22T22:00:00,5,0,0,2223,13336.3,2,0
2025-02-22T23:00:00,5,4,6,2221,3333.2,8,0
2025-02-23T00:00:00,5,4,0,2225,3815.6,7,0
2025-02-23T01:00:00,5,8,7,2226,4450.1,6,0
2025-02-23T02:00:00,5,5,2,2229,8916.9,3,0
2025-02-23T03:00:00,5,0,0,2229,3345.3,8,0
2025-02-23T04:00:00,5,6,3,2232,6697.8,4,0
2025-02-23T05:00:00,5,1,1,2232,4462.8,6,0
2025-02-23T06:00:00,5,4,2,2234,13402.4,2,0
2025-02-23T07:00:00,5,3,3,2234,4469.8,6,0
2025-02-23T08:00:00,5,10,10,2234,4467.5,6,0
2025-02-23T09:00:00,5,11,10,2235,3350.8,8,0
2025-02-23T10:00:00,5,16,11,2240,5375.0,5,0
2025-02-23T11:00:00,5,10,6,2244,4487.0,6,0
2025-02-23T12:00:00,5,14,9,2249,6745.6,4,0
2025-02-23T13:00:00,5,13,13,2249,3853.5,7,0
2025-02-23T14:00:00,5,10,9,2250,13498.5,2,0
2025-02-23T15:00:00,5,9,6,2253,6759.9,4,0
2025-02-23T16:00:00,5,14,8,2259,3872.4,7,0
2025-02-23T17:00:00,5,0,0,2259,6777.3,4,0
2025-02-23T18:00:00,5,2,0,2261,4522.1,6,0
2025-02-23T19:00:00,5,0,0,2261,13565.1,2,0
2025-02-23T20:00:00,5,3,1,2263,4527.6,6,0
2025-02-23T21:00:00,5,4,2,2265,3881.2,7,0
2025-02-23T22:00:00,5,4,4,2265,13588.5,2,0
2025-02-23T23:00:00,5,5,0,2270,3891.1,7,0
2025-02-24T00:00:00,5,3,4,2269,4536.2,6,0
2025-02-24T01:00:00,5,0,0,2269,3890.0,7,0
2025-02-24T02:00:00,5,4,4,2269,3404.3,8,0
2025-02-24T03:00:00,5,5,6,2268,5441.4,5,0
2025-02-24T04:00:00,5,8,8,2268,13606.5,2,0
2025-02-24T05:00:00,5,5,0,2273,13637.2,2,0
2025-02-24T06:00:00,5,2,1,2274,5456.3,5,0
2025-02-24T07:00:00,5,7,2,2279,3418.9,8,0
2025-02-24T08:00:00,5,1,1,2279,3906.8,7,0
2025-02-24T09:00:00,5,13,9,2283,5477.5,5,0
2025-02-24T10:00:00,5,11,7,2287,4573.8,6,0
2025-02-24T11:00:00,5,13,9,2291,5497.4,5,0
2025-02-24T12:00:00,5,11,11,2291,5497.4,5,0
2025-02-24T13:00:00,5,15,10,2296,4593.2,6,0
2025-02-24T14:00:00,5,11,7,2300,3944.1,7,0
2025-02-24T15:00:00,5,16,13,2303,4606.7,6,0
2025-02-24T16:00:00,5,15,9,2309,6926.7,4,0
2025-02-24T17:00:00,5,3,6,2306,5534.2,5,0
2025-02-24T18:00:00,5,5,5,2306,5532.9,5,0
2025-02-24T19:00:00,5,8,4,2310,9241.1,3,0
2025-02-24T20:00:00,5,9,7,2312,3962.0,7,0
2025-02-24T21:00:00,5,10,7,2315,3474.3,8,0
2025-02-24T22:00:00,5,8,3,2320,6960.4,4,0
2025-02-24T23:00:00,5,1,3,2318,5561.9,5,0
2025-02-25T00:00:00,5,10,10,2318,13909.1,2,0
2025-02-25T01:00:00,5,5,3,2320,4641.7,6,0
2025-02-25T02:00:00,5,2,0,2322,4642.7,6,0
2025-02-25T03:00:00,5,0,1,2321,5572.3,5,0
2025-02-25T04:00:00,5,3,2,2322,6967.2,4,0
2025-02-25T05:00:00,5,8,2,2328,5587.4,5,0
2025-02-25T06:00:00,5,5,2,2331,4660.8,6,0
2025-02-25T07:00:00,5,5,6,2330,3496.4,8,0
2025-02-25T08:00:00,5,5,6,2329,5590.6,5,0
2025-02-25T09:00:00,5,20,15,2334,4666.6,6,0
2025-02-25T10:00:00,5,10,9,2335,4671.9,6,0
2025-02-25T11:00:00,5,16,11,2340,5614.5,5,0
2025-02-25T12:00:00,5,14,11,2343,3515.7,8,0
2025-02-25T13:00:00,5,17,13,2347,3521.1,8,0
2025-02-25T14:00:00,5,14,12,2349,3525.2,8,0
2025-02-25T15:00:00,5,8,8,2349,4024.9,7,0
2025-02-25T16:00:00,5,20,16,2353,4035.2,7,0
2025-02-25T17:00:00,5,4,4,2353,4707.3,6,0
2025-02-25T18:00:00,5,2,0,2355,14131.0,2,0
2025-02-25T19:00:00,5,9,8,2356,7069.8,4,0
2025-02-25T20:00:00,5,2,1,2357,7071.7,4,0
2025-02-25T21:00:00,5,6,8,2355,5651.0,5,0
2025-02-25T22:00:00,5,3,1,2357,14141.1,2,0
2025-02-25T23:00:00,5,0,0,2357,4713.1,6,0
2025-02-26T00:00:00,5,3,7,2353,4034.7,7,0
2025-02-26T01:00:00,5,1,0,2354,3529.5,8,0
2025-02-26T02:00:00,5,1,4,2351,3526.2,8,0
2025-02-26T03:00:00,5,3,0,2354,9414.0,3,0
2025-02-26T04:00:00,5,1,0,2355,4037.6,7,0
2025-02-26T05:00:00,5,5,3,2357,14140.3,2,0
2025-02-26T06:00:00,5,2,3,2356,7067.8,4,0
2025-02-26T07:00:00,5,3,4,2355,3534.4,8,0
2025-02-26T08:00:00,5,1,0,2356,5654.3,5,0
2025-02-26T09:00:00,5,16,8,2364,5673.2,5,0
2025-02-26T10:00:00,5,17,15,2366,9465.9,3,0
2025-02-26T11:00:00,5,12,10,2368,9472.1,3,0
2025-02-26T12:00:00,5,19,14,2373,3558.5,8,0
2025-02-26T13:00:00,5,12,9,2376,9504.7,3,0
2025-02-26T14:00:00,5,16,14,2378,5709.1,5,0
2025-02-26T15:00:00,5,12,7,2383,4084.5,7,0
2025-02-26T16:00:00,5,12,8,2387,5729.8,5,0
2025-02-26T17:00:00,5,5,3,2389,7168.8,4,0
2025-02-26T18:00:00,5,3,2,2390,4781.5,6,0
2025-02-26T19:00:00,5,1,0,2391,4099.4,7,0
2025-02-26T20:00:00,5,2,4,2389,4776.3,6,0
2025-02-26T21:00:00,5,6,5,2390,3583.3,8,0
2025-02-26T22:00:00,5,7,1,2396,9582.3,3,0
2025-02-26T23:00:00,5,1,0,2397,5752.9,5,0
2025-02-27T00:00:00,5,6,5,2398,5753.3,5,0
2025-02-27T01:00:00,5,1,3,2396,14377.4,2,0
2025-02-27T02:00:00,5,3,5,2394,3592.2,8,0
2025-02-27T03:00:00,5,8,4,2398,3596.8,8,0
2025-02-27T04:00:00,5,0,1,2397,14383.8,2,0
2025-02-27T05:00:00,5,6,4,2399,5757.2,5,0
2025-02-27T06:00:00,5,3,3,2399,4111.5,7,0
2025-02-27T07:00:00,5,4,2,2401,7201.3,4,0
2025-02-27T08:00:00,5,1,3,2399,7198.3,4,0
2025-02-27T09:00:00,5,15,12,2402,4118.5,7,0
2025-02-27T10:00:00,5,15,12,2405,9618.4,3,0
2025-02-27T11:00:00,5,16,15,2406,9624.5,3,0
2025-02-27T12:00:00,5,11,8,2409,14455.1,2,0
2025-02-27T13:00:00,5,18,14,2413,4135.6,7,0
2025-02-27T14:00:00,5,13,6,2420,5808.2,5,0
2025-02-27T15:00:00,5,13,11,2422,4845.3,6,0
2025-02-27T16:00:00,5,10,9,2423,4153.1,7,0
2025-02-27T17:00:00,5,4,1,2426,14556.1,2,0
2025-02-27T18:00:00,5,0,2,2424,4156.8,7,0
2025-02-27T19:00:00,5,6,6,2424,5818.3,5,0
2025-02-27T20:00:00,5,0,3,2421,3630.6,8,0
2025-02-27T21:00:00,5,6,5,2422,14532.1,2,0
2025-02-27T22:00:00,5,0,0,2422,4845.0,6,0
2025-02-27T23:00:00,5,5,1,2426,4160.7,7,0
2025-02-28T00:00:00,5,1,1,2426,5821.3,5,0
2025-02-28T01:00:00,5,2,1,2427,4852.4,6,0
2025-02-28T02:00:00,5,2,1,2428,4162.1,7,0
2025-02-28T03:00:00,5,2,0,2430,14580.4,2,0
2025-02-28T04:00:00,5,3,2,2431,4863.5,6,0
2025-02-28T05:00:00,5,5,3,2433,9733.5,3,0
2025-02-28T06:00:00,5,3,0,2436,7309.8,4,0
2025-02-28T07:00:00,5,4,5,2435,14611.6,2,0
2025-02-28T08:00:00,5,4,0,2439,3659.0,8,0
2025-02-28T09:00:00,5,12,7,2444,4888.9,6,0
2025-02-28T10:00:00,5,13,12,2445,5867.7,5,0
2025-02-28T11:00:00,5,9,8,2446,14675.4,2,0
2025-02-28T12:00:00,5,13,8,2451,4201.8,7,0
2025-02-28T13:00:00,5,12,9,2454,7363.5,4,0
2025-02-28T14:00:00,5,15,9,2460,3691.9,8,0
2025-02-28T15:00:00,5,11,10,2461,14766.1,2,0
2025-02-28T16:00:00,5,15,9,2467,4228.9,7,0
2025-02-28T17:00:00,5,1,0,2468,4230.8,7,0
2025-02-28T18:00:00,5,4,3,2469,4231.3,7,0
2025-02-28T19:00:00,5,5,2,2472,7415.0,4,0
2025-02-28T20:00:00,5,4,0,2476,14855.2,2,0
2025-02-28T21:00:00,5,1,0,2477,3717.4,8,0
2025-02-28T22:00:00,5,6,4,2479,9915.8,3,0
2025-02-28T23:00:00,5,1,1,2479,4957.3,6,0
2025-03-01T00:00:00,5,1,0,2480,14879.7,2,0
2025-03-01T01:00:00,5,3,0,2483,4256.3,7,0
2025-03-01T02:00:00,5,6,3,2486,14917.9,2,0
2025-03-01T03:00:00,5,0,1,2485,4970.0,6,0
2025-03-01T04:00:00,5,8,5,2488,9950.8,3,0
2025-03-01T05:00:00,5,8,7,2489,4266.7,7,0
2025-03-01T06:00:00,5,5,1,2493,4272.0,7,0
2025-03-01T07:00:00,5,7,6,2494,14964.5,2,0
2025-03-01T08:00:00,5,5,5,2494,4274.9,7,0
2025-03-01T09:00:00,5,9,8,2495,14972.0,2,0
2025-03-01T10:00:00,5,15,12,2498,14989.0,2,0
2025-03-01T11:00:00,5,10,6,2502,4288.9,7,0
2025-03-01T12:00:00,5,23,16,2509,7526.3,4,0
2025-03-01T13:00:00,5,13,10,2512,10047.3,3,0
2025-03-01T14:00:00,5,14,9,2517,5032.8,6,0
2025-03-01T15:00:00,5,20,16,2521,10085.8,3,0
2025-03-01T16:00:00,5,16,10,2527,6065.2,5,0
2025-03-01T17:00:00,5,4,4,2527,10108.4,3,0
2025-03-01T18:00:00,5,3,3,2527,7582.7,4,0
2025-03-01T19:00:00,5,5,5,2527,10106.1,3,0
2025-03-01T20:00:00,5,6,7,2526,10103.9,3,0
2025-03-01T21:00:00,5,5,3,2528,10110.2,3,0
2025-03-01T22:00:00,5,0,0,2528,7585.8,4,0
2025-03-01T23:00:00,5,0,0,2528,15166.2,2,0
2025-03-02T00:00:00,5,1,3,2526,3789.8,8,0
2025-03-02T01:00:00,5,3,0,2529,6070.1,5,0
2025-03-02T02:00:00,5,3,0,2532,10127.2,3,0
2025-03-02T03:00:00,5,1,0,2533,10131.9,3,0
2025-03-02T04:00:00,5,6,3,2536,6084.6,5,0
2025-03-02T05:00:00,5,5,3,2538,3807.4,8,0
2025-03-02T06:00:00,5,7,2,2543,15257.0,2,0
2025-03-02T07:00:00,5,6,3,2546,7636.7,4,0
2025-03-02T08:00:00,5,6,7,2545,7633.7,4,0
2025-03-02T09:00:00,5,11,9,2547,4367.1,7,0
2025-03-02T10:00:00,5,21,15,2553,3830.9,8,0
2025-03-02T11:00:00,5,15,8,2560,7678.2,4,0
2025-03-02T12:00:00,5,16,14,2562,5125.5,6,0
2025-03-02T13:00:00,5,14,8,2568,6164.1,5,0
2025-03-02T14:00:00,5,20,15,2573,6175.6,5,0
2025-03-02T15:00:00,5,8,12,2569,5138.7,6,0
2025-03-02T16:00:00,5,14,8,2575,7725.1,4,0
2025-03-02T17:00:00,5,1,0,2576,5152.2,6,0
2025-03-02T18:00:00,5,0,0,2576,10304.8,3,0
2025-03-02T19:00:00,5,2,2,2576,5153.6,6,0
2025-03-02T20:00:00,5,3,4,2575,6180.7,5,0
2025-03-02T21:00:00,5,0,0,2575,6180.9,5,0
2025-03-02T22:00:00,5,4,2,2577,10308.2,3,0
2025-03-02T23:00:00,5,6,8,2575,4416.0,7,0
2025-03-03T00:00:00,5,4,2,2577,6185.4,5,0
2025-03-03T01:00:00,5,2,0,2579,3870.2,8,0
2025-03-03T02:00:00,5,0,1,2578,10312.7,3,0
2025-03-03T03:00:00,5,2,0,2580,3870.7,8,0
2025-03-03T04:00:00,5,5,2,2583,10331.8,3,0
2025-03-03T05:00:00,5,2,4,2581,15487.9,2,0
2025-03-03T06:00:00,5,4,1,2584,5169.8,6,0
2025-03-03T07:00:00,5,6,2,2588,7762.3,4,0
2025-03-03T08:00:00,5,4,1,2591,3886.4,8,0
2025-03-03T09:00:00,5,11,5,2597,15582.7,2,0
2025-03-03T10:00:00,5,14,9,2602,6244.2,5,0
2025-03-03T11:00:00,5,14,8,2608,7825.5,4,0
2025-03-03T12:00:00,5,16,9,2615,7846.3,4,0
2025-03-03T13:00:00,5,12,8,2619,7858.9,4,0
2025-03-03T14:00:00,5,17,15,2621,15726.3,2,0
2025-03-03T15:00:00,5,15,10,2626,6303.7,5,0
2025-03-03T16:00:00,5,20,15,2631,4509.4,7,0
2025-03-03T17:00:00,5,1,1,2631,15784.5,2,0
2025-03-03T18:00:00,5,6,6,2631,3947.2,8,0
2025-03-03T19:00:00,5,7,6,2632,15792.3,2,0
2025-03-03T20:00:00,5,5,2,2635,10540.5,3,0
2025-03-03T21:00:00,5,5,2,2638,7912.3,4,0
2025-03-03T22:00:00,5,7,3,2642,4531.0,7,0
2025-03-03T23:00:00,5,6,3,2645,15871.3,2,0
2025-03-04T00:00:00,5,9,5,2649,10594.2,3,0
2025-03-04T01:00:00,5,3,4,2648,10590.9,3,0
2025-03-04T02:00:00,5,5,8,2645,10580.6,3,0
2025-03-04T03:00:00,5,4,3,2646,10583.9,3,0
2025-03-04T04:00:00,5,0,3,2643,5285.2,6,0
2025-03-04T05:00:00,5,1,0,2644,15863.4,2,0
2025-03-04T06:00:00,5,5,7,2642,3964.2,8,0
2025-03-04T07:00:00,5,2,0,2644,6345.2,5,0
2025-03-04T08:00:00,5,6,3,2647,5292.4,6,0
2025-03-04T09:00:00,5,16,12,2651,4546.5,7,0
2025-03-04T10:00:00,5,18,12,2657,7970.3,4,0
2025-03-04T11:00:00,5,17,10,2664,5327.7,6,0
2025-03-04T12:00:00,5,8,7,2665,5329.8,6,0
2025-03-04T13:00:00,5,16,10,2671,10683.5,3,0
2025-03-04T14:00:00,5,17,14,2674,6416.9,5,0
2025-03-04T15:00:00,5,21,18,2677,8032.1,4,0
2025-03-04T16:00:00,5,15,14,2678,10711.5,3,0
2025-03-04T17:00:00,5,2,0,2680,5358.6,6,0
2025-03-04T18:00:00,5,3,4,2679,4018.6,8,0
2025-03-04T19:00:00,5,5,5,2679,10715.8,3,0
2025-03-04T20:00:00,5,3,5,2677,8031.7,4,0
2025-03-04T21:00:00,5,5,6,2676,4013.2,8,0
2025-03-04T22:00:00,5,5,6,2675,4586.1,7,0
2025-03-04T23:00:00,5,3,4,2674,4584.0,7,0
2025-03-05T00:00:00,5,0,2,2672,4579.8,7,0
2025-03-05T01:00:00,5,5,3,2674,10696.5,3,0
2025-03-05T02:00:00,5,0,0,2674,6417.1,5,0
2025-03-05T03:00:00,5,1,0,2675,4013.4,8,0
2025-03-05T04:00:00,5,4,1,2678,5355.4,6,0
2025-03-05T05:00:00,5,2,1,2679,8037.2,4,0
2025-03-05T06:00:00,5,7,3,2683,4598.4,7,0
2025-03-05T07:00:00,5,0,0,2683,6440.6,5,0
2025-03-05T08:00:00,5,2,4,2681,16085.3,2,0
2025-03-05T09:00:00,5,16,11,2686,16114.1,2,0
2025-03-05T10:00:00,5,13,9,2690,6457.2,5,0
2025-03-05T11:00:00,5,14,9,2695,5388.8,6,0
2025-03-05T12:00:00,5,10,7,2698,4047.8,8,0
2025-03-05T13:00:00,5,16,14,2700,4050.5,8,0
2025-03-05T14:00:00,5,16,10,2706,8116.3,4,0
2025-03-05T15:00:00,5,6,8,2704,5406.6,6,0
2025-03-05T16:00:00,5,14,11,2707,10826.2,3,0
2025-03-05T17:00:00,5,3,4,2706,4637.9,7,0
2025-03-05T18:00:00,5,3,1,2708,6500.3,5,0
2025-03-05T19:00:00,5,0,0,2708,8123.2,4,0
2025-03-05T20:00:00,5,3,2,2709,5419.4,6,0
2025-03-05T21:00:00,5,7,5,2711,16265.9,2,0
2025-03-05T22:00:00,5,5,5,2711,8134.3,4,0
2025-03-05T23:00:00,5,10,9,2712,5425.9,6,0
2025-03-06T00:00:00,5,0,0,2712,5424.0,6,0
2025-03-06T01:00:00,5,5,4,2713,10853.1,3,0
2025-03-06T02:00:00,5,4,2,2715,4654.0,7,0
2025-03-06T03:00:00,5,8,6,2717,10866.1,3,0
2025-03-06T04:00:00,5,10,11,2716,6516.5,5,0
2025-03-06T05:00:00,5,0,0,2716,4656.4,7,0
2025-03-06T06:00:00,5,7,5,2718,5434.1,6,0
2025-03-06T07:00:00,5,8,9,2717,4075.0,8,0
2025-03-06T08:00:00,5,7,4,2720,16318.8,2,0
2025-03-06T09:00:00,5,17,16,2721,4082.8,8,0
2025-03-06T10:00:00,5,17,14,2724,16344.3,2,0
2025-03-06T11:00:00,5,15,10,2729,4093.4,8,0
2025-03-06T12:00:00,5,15,6,2738,4695.1,7,0
2025-03-06T13:00:00,5,11,9,2740,6574.1,5,0
2025-03-06T14:00:00,5,17,11,2746,10985.1,3,0
2025-03-06T15:00:00,5,10,9,2747,5495.0,6,0
2025-03-06T16:00:00,5,15,10,2752,4716.6,7,0
2025-03-06T17:00:00,5,0,0,2752,11009.9,3,0
2025-03-06T18:00:00,5,3,0,2755,8266.6,4,0
2025-03-06T19:00:00,5,7,7,2755,6613.3,5,0
2025-03-06T20:00:00,5,8,6,2757,4725.9,7,0
2025-03-06T21:00:00,5,7,6,2758,4726.2,7,0
2025-03-06T22:00:00,5,9,9,2758,8273.5,4,0
2025-03-06T23:00:00,5,6,6,2758,5515.9,6,0
2025-03-07T00:00:00,5,3,1,2760,11040.5,3,0
2025-03-07T01:00:00,5,4,1,2763,16576.9,2,0
2025-03-07T02:00:00,5,5,0,2768,5538.0,6,0
2025-03-07T03:00:00,5,1,0,2769,5538.5,6,0
2025-03-07T04:00:00,5,4,4,2769,8308.0,4,0
2025-03-07T05:00:00,5,0,2,2767,8301.5,4,0
2025-03-07T06:00:00,5,7,7,2767,5535.0,6,0
2025-03-07T07:00:00,5,5,2,2770,4155.0,8,0
2025-03-07T08:00:00,5,6,4,2772,16633.8,2,0
2025-03-07T09:00:00,5,8,5,2775,8326.5,4,0
2025-03-07T10:00:00,5,19,14,2780,5559.6,6,0
2025-03-07T11:00:00,5,17,14,2783,8349.8,4,0
2025-03-07T12:00:00,5,15,12,2786,16717.8,2,0
2025-03-07T13:00:00,5,13,8,2791,4186.5,8,0
2025-03-07T14:00:00,5,15,14,2792,16750.6,2,0
2025-03-07T15:00:00,5,12,12,2792,4186.9,8,0
2025-03-07T16:00:00,5,12,10,2794,4190.8,8,0
2025-03-07T17:00:00,5,0,1,2793,5584.5,6,0
2025-03-07T18:00:00,5,4,5,2792,4786.1,7,0
2025-03-07T19:00:00,5,4,4,2792,8377.2,4,0
2025-03-07T20:00:00,5,8,8,2792,8376.2,4,0
2025-03-07T21:00:00,5,0,0,2792,16750.4,2,0
2025-03-07T22:00:00,5,5,4,2793,11170.1,3,0
2025-03-07T23:00:00,5,6,4,2795,8386.0,4,0
2025-03-08T00:00:00,5,2,1,2796,5592.7,6,0
2025-03-08T01:00:00,5,4,2,2798,5595.5,6,0
2025-03-08T02:00:00,5,4,2,2800,5600.7,6,0
2025-03-08T03:00:00,5,6,8,2798,8394.1,4,0
2025-03-08T04:00:00,5,5,3,2800,16800.3,2,0
2025-03-08T05:00:00,5,5,6,2799,4798.8,7,0
2025-03-08T06:00:00,5,4,0,2803,8409.4,4,0
2025-03-08T07:00:00,5,2,1,2804,5606.1,6,0
2025-03-08T08:00:00,5,0,0,2804,11215.3,3,0
2025-03-08T09:00:00,5,10,8,2806,11225.6,3,0
2025-03-08T10:00:00,5,15,15,2806,6733.5,5,0
2025-03-08T11:00:00,5,16,12,2810,16861.9,2,0
2025-03-08T12:00:00,5,16,14,2812,4821.7,7,0
2025-03-08T13:00:00,5,16,14,2814,4222.2,8,0
2025-03-08T14:00:00,5,8,5,2817,6762.6,5,0
2025-03-08T15:00:00,5,16,10,2823,11292.8,3,0
2025-03-08T16:00:00,5,12,10,2825,6781.2,5,0
2025-03-08T17:00:00,5,0,0,2825,5648.0,6,0
2025-03-08T18:00:00,5,8,5,2828,4240.2,8,0
2025-03-08T19:00:00,5,6,5,2829,6787.6,5,0
2025-03-08T20:00:00,5,0,0,2829,11316.4,3,0
2025-03-08T21:00:00,5,0,0,2829,8486.8,4,0
2025-03-08T22:00:00,5,3,0,2832,5664.2,6,0
2025-03-08T23:00:00,5,3,4,2831,6792.5,5,0
2025-03-09T00:00:00,5,5,3,2833,8500.4,4,0
2025-03-09T01:00:00,5,5,3,2835,4251.4,8,0
2025-03-09T02:00:00,5,2,2,2835,8505.1,4,0
2025-03-09T03:00:00,5,3,2,2836,5671.1,6,0
2025-03-09T04:00:00,5,3,1,2838,4863.5,7,0
2025-03-09T05:00:00,5,3,1,2840,6816.3,5,0
2025-03-09T06:00:00,5,6,5,2841,4263.4,8,0
2025-03-09T07:00:00,5,2,3,2840,6817.4,5,0
2025-03-09T08:00:00,5,3,3,2840,11361.6,3,0
2025-03-09T09:00:00,5,16,12,2844,5689.0,6,0
2025-03-09T10:00:00,5,10,8,2846,4878.2,7,0
2025-03-09T11:00:00,5,12,12,2846,6829.4,5,0
2025-03-09T12:00:00,5,13,11,2848,17089.6,2,0
2025-03-09T13:00:00,5,17,9,2856,6855.3,5,0
2025-03-09T14:00:00,5,18,13,2861,6866.7,5,0
2025-03-09T15:00:00,5,14,12,2863,5724.1,6,0
2025-03-09T16:00:00,5,13,13,2863,17178.8,2,0
2025-03-09T17:00:00,5,11,9,2865,5729.9,6,0
2025-03-09T18:00:00,5,1,0,2866,4298.7,8,0
2025-03-09T19:00:00,5,5,3,2868,17208.2,2,0
2025-03-09T20:00:00,5,1,0,2869,17213.3,2,0
2025-03-09T21:00:00,5,0,2,2867,6882.2,5,0
2025-03-09T22:00:00,5,5,3,2869,11476.5,3,0
2025-03-09T23:00:00,5,2,1,2870,5740.4,6,0
2025-03-10T00:00:00,5,1,1,2870,4304.9,8,0
2025-03-10T01:00:00,5,7,6,2871,17224.6,2,0
2025-03-10T02:00:00,5,8,6,2873,11492.7,3,0
2025-03-10T03:00:00,5,5,0,2878,8634.7,4,0
2025-03-10T04:00:00,5,3,0,2881,6914.5,5,0
2025-03-10T05:00:00,5,2,4,2879,4936.8,7,0
2025-03-10T06:00:00,5,7,2,2884,8653.1,4,0
2025-03-10T07:00:00,5,2,2,2884,11537.2,3,0
2025-03-10T08:00:00,5,1,1,2884,4326.6,8,0
2025-03-10T09:00:00,5,15,11,2888,5775.5,6,0
2025-03-10T10:00:00,5,20,13,2895,5789.4,6,0
2025-03-10T11:00:00,5,14,10,2899,6957.8,5,0
2025-03-10T12:00:00,5,19,16,2902,4976.7,7,0
2025-03-10T13:00:00,5,21,15,2908,8725.8,4,0
2025-03-10T14:00:00,5,16,14,2910,4989.9,7,0
2025-03-10T15:00:00,5,13,13,2910,4988.1,7,0
2025-03-10T16:00:00,5,16,15,2911,4991.0,7,0
2025-03-10T17:00:00,5,7,5,2913,5825.6,6,0
2025-03-10T18:00:00,5,0,0,2913,4368.4,8,0
2025-03-10T19:00:00,5,7,2,2918,5001.0,7,0
2025-03-10T20:00:00,5,4,4,2918,5003.1,7,0
2025-03-10T21:00:00,5,6,0,2924,11695.8,3,0
2025-03-10T22:00:00,5,5,6,2923,5010.3,7,0
2025-03-10T23:00:00,5,0,0,2923,4386.0,8,0
2025-03-11T00:00:00,5,2,2,2923,11690.9,3,0
2025-03-11T01:00:00,5,4,1,2926,7023.9,5,0
2025-03-11T02:00:00,5,4,3,2927,11710.0,3,0
2025-03-11T03:00:00,5,8,5,2930,5022.6,7,0
2025-03-11T04:00:00,5,4,5,2929,5019.9,7,0
2025-03-11T05:00:00,5,3,2,2930,17580.1,2,0
2025-03-11T06:00:00,5,3,3,2930,11719.8,3,0
2025-03-11T07:00:00,5,8,5,2933,4398.5,8,0
2025-03-11T08:00:00,5,7,3,2937,8809.6,4,0
2025-03-11T09:00:00,5,14,11,2940,8820.5,4,0
2025-03-11T10:00:00,5,13,12,2941,17644.5,2,0
2025-03-11T11:00:00,5,15,12,2944,5886.9,6,0
2025-03-11T12:00:00,5,8,5,2947,8839.3,4,0
2025-03-11T13:00:00,5,10,7,2950,5057.6,7,0
2025-03-11T14:00:00,5,15,12,2953,7086.0,5,0
2025-03-11T15:00:00,5,16,13,2956,5910.8,6,0
2025-03-11T16:00:00,5,11,11,2956,4435.6,8,0
2025-03-11T17:00:00,5,0,0,2956,7093.0,5,0
2025-03-11T18:00:00,5,0,0,2956,4434.8,8,0
2025-03-11T19:00:00,5,10,4,2962,4444.9,8,0
2025-03-11T20:00:00,5,4,4,2962,11847.5,3,0
2025-03-11T21:00:00,5,1,1,2962,11848.5,3,0
2025-03-11T22:00:00,5,10,9,2963,4443.6,8,0
2025-03-11T23:00:00,5,1,0,2964,5928.0,6,0
2025-03-12T00:00:00,5,5,2,2967,8901.4,4,0
2025-03-12T01:00:00,5,11,10,2968,17807.4,2,0
2025-03-12T02:00:00,5,8,8,2968,17807.2,2,0
2025-03-12T03:00:00,5,4,3,2969,17814.1,2,0
2025-03-12T04:00:00,5,4,5,2968,5936.0,6,0
2025-03-12T05:00:00,5,3,2,2969,7127.3,5,0
2025-03-12T06:00:00,5,0,0,2969,11877.0,3,0
2025-03-12T07:00:00,5,7,2,2974,5096.5,7,0
2025-03-12T08:00:00,5,4,5,2973,17836.7,2,0
2025-03-12T09:00:00,5,13,7,2979,4469.2,8,0
2025-03-12T10:00:00,5,12,9,2982,11926.1,3,0
2025-03-12T11:00:00,5,14,13,2983,17899.6,2,0
2025-03-12T12:00:00,5,16,12,2987,5122.1,7,0
2025-03-12T13:00:00,5,14,10,2991,4488.0,8,0
2025-03-12T14:00:00,5,10,9,2992,4486.7,8,0
2025-03-12T15:00:00,5,16,15,2993,11972.2,3,0
2025-03-12T16:00:00,5,14,12,2995,7186.5,5,0
2025-03-12T17:00:00,5,7,6,2996,5136.7,7,0
2025-03-12T18:00:00,5,4,4,2996,4494.4,8,0
2025-03-12T19:00:00,5,10,6,3000,5141.7,7,0
2025-03-12T20:00:00,5,2,3,2999,17995.4,2,0
2025-03-12T21:00:00,5,6,1,3004,6009.1,6,0
2025-03-12T22:00:00,5,7,3,3008,6015.6,6,0
2025-03-12T23:00:00,5,3,2,3009,18054.0,2,0
2025-03-13T00:00:00,5,4,4,3009,4511.6,8,0
2025-03-13T01:00:00,5,4,1,3012,6024.4,6,0
2025-03-13T02:00:00,5,4,3,3013,6027.5,6,0
2025-03-13T03:00:00,5,4,1,3016,9048.8,4,0
2025-03-13T04:00:00,5,1,0,3017,7239.6,5,0
2025-03-13T05:00:00,5,4,5,3016,18096.9,2,0
2025-03-13T06:00:00,5,0,0,3016,18095.0,2,0
2025-03-13T07:00:00,5,9,7,3018,6035.5,6,0
2025-03-13T08:00:00,5,4,4,3018,4525.9,8,0
2025-03-13T09:00:00,5,14,13,3019,6038.7,6,0
2025-03-13T10:00:00,5,15,13,3021,4530.2,8,0
2025-03-13T11:00:00,5,16,12,3025,6050.8,6,0
2025-03-13T12:00:00,5,9,6,3028,4541.4,8,0
2025-03-13T13:00:00,5,16,10,3034,5199.2,7,0
2025-03-13T14:00:00,5,16,8,3042,4561.1,8,0
2025-03-13T15:00:00,5,15,12,3045,4568.7,8,0
2025-03-13T16:00:00,5,16,15,3046,6093.4,6,0
2025-03-13T17:00:00,5,3,5,3044,7304.9,5,0
2025-03-13T18:00:00,5,3,3,3044,4564.4,8,0
2025-03-13T19:00:00,5,5,3,3046,6092.0,6,0
2025-03-13T20:00:00,5,2,2,3046,4570.1,8,0
2025-03-13T21:00:00,5,3,2,3047,4572.3,8,0
2025-03-13T22:00:00,5,6,4,3049,4572.3,8,0
2025-03-13T23:00:00,5,0,0,3049,6099.0,6,0
2025-03-14T00:00:00,5,2,0,3051,18305.8,2,0
2025-03-14T01:00:00,5,7,7,3051,18308.0,2,0
2025-03-14T02:00:00,5,5,1,3055,7333.7,5,0
2025-03-14T03:00:00,5,6,6,3055,4581.9,8,0
2025-03-14T04:00:00,5,3,0,3058,5242.5,7,0
2025-03-14T05:00:00,5,5,4,3059,5244.8,7,0
2025-03-14T06:00:00,5,6,8,3057,18341.7,2,0
2025-03-14T07:00:00,5,0,0,3057,12227.0,3,0
2025-03-14T08:00:00,5,5,5,3057,4587.1,8,0
2025-03-14T09:00:00,5,18,13,3062,6123.2,6,0
2025-03-14T10:00:00,5,15,8,3069,18415.9,2,0
2025-03-14T11:00:00,5,11,7,3073,18438.2,2,0
2025-03-14T12:00:00,5,18,17,3074,12294.8,3,0
2025-03-14T13:00:00,5,18,14,3078,6156.4,6,0
2025-03-14T14:00:00,5,18,13,3083,7401.1,5,0
2025-03-14T15:00:00,5,12,13,3082,18492.6,2,0
2025-03-14T16:00:00,5,21,16,3087,7407.5,5,0
2025-03-14T17:00:00,5,9,6,3090,5295.3,7,0
2025-03-14T18:00:00,5,2,0,3092,6185.0,6,0
2025-03-14T19:00:00,5,3,4,3091,9272.5,4,0
2025-03-14T20:00:00,5,7,9,3089,4633.3,8,0
2025-03-14T21:00:00,5,8,6,3091,7420.0,5,0
2025-03-14T22:00:00,5,2,1,3092,18551.2,2,0
2025-03-14T23:00:00,5,0,0,3092,6184.5,6,0
2025-03-15T00:00:00,5,6,2,3096,6193.6,6,0
2025-03-15T01:00:00,5,0,0,3096,6190.6,6,0
2025-03-15T02:00:00,5,7,0,3103,7445.4,5,0
2025-03-15T03:00:00,5,5,0,3108,18647.2,2,0
2025-03-15T04:00:00,5,1,0,3109,6218.4,6,0
2025-03-15T05:00:00,5,0,0,3109,6217.6,6,0
2025-03-15T06:00:00,5,2,4,3107,4659.4,8,0
2025-03-15T07:00:00,5,1,0,3108,6214.1,6,0
2025-03-15T08:00:00,5,6,7,3107,6212.1,6,0
2025-03-15T09:00:00,5,16,8,3115,6231.7,6,0
2025-03-15T10:00:00,5,10,7,3118,6234.7,6,0
2025-03-15T11:00:00,5,15,10,3123,5353.8,7,0
2025-03-15T12:00:00,5,17,15,3125,18751.6,2,0
2025-03-15T13:00:00,5,15,8,3132,12530.0,3,0
2025-03-15T14:00:00,5,13,8,3137,9409.6,4,0
2025-03-15T15:00:00,5,12,7,3142,4713.2,8,0
2025-03-15T16:00:00,5,16,13,3145,9434.2,4,0
2025-03-15T17:00:00,5,0,2,3143,7543.7,5,0
2025-03-15T18:00:00,5,6,4,3145,12578.7,3,0
2025-03-15T19:00:00,5,0,0,3145,7548.0,5,0
2025-03-15T20:00:00,5,0,0,3145,4716.2,8,0
2025-03-15T21:00:00,5,4,1,3148,4720.6,8,0
2025-03-15T22:00:00,5,5,2,3151,12605.2,3,0
2025-03-15T23:00:00,5,4,2,3153,7566.8,5,0
2025-03-16T00:00:00,5,8,7,3154,7570.3,5,0
2025-03-16T01:00:00,5,3,2,3155,5409.3,7,0
2025-03-16T02:00:00,5,2,0,3157,18940.1,2,0
2025-03-16T03:00:00,5,4,0,3161,4741.0,8,0
2025-03-16T04:00:00,5,1,3,3159,18953.0,2,0
2025-03-16T05:00:00,5,8,4,3163,9490.5,4,0
2025-03-16T06:00:00,5,1,1,3163,4746.2,8,0
2025-03-16T07:00:00,5,3,2,3164,5422.9,7,0
2025-03-16T08:00:00,5,0,0,3164,6328.1,6,0
2025-03-16T09:00:00,5,12,8,3168,12671.9,3,0
2025-03-16T10:00:00,5,15,11,3172,19031.1,2,0
2025-03-16T11:00:00,5,10,11,3171,9514.3,4,0
2025-03-16T12:00:00,5,14,8,3177,7624.6,5,0
2025-03-16T13:00:00,5,9,6,3180,7633.1,5,0
2025-03-16T14:00:00,5,12,12,3180,6361.8,6,0
2025-03-16T15:00:00,5,12,10,3182,12729.2,3,0
2025-03-16T16:00:00,5,15,13,3184,7641.1,5,0
2025-03-16T17:00:00,5,12,11,3185,12740.7,3,0
2025-03-16T18:00:00,5,10,10,3185,9554.0,4,0
2025-03-16T19:00:00,5,3,7,3181,12724.8,3,0
2025-03-16T20:00:00,5,0,0,3181,4770.3,8,0
2025-03-16T21:00:00,5,0,0,3181,6363.4,6,0
2025-03-16T22:00:00,5,2,6,3177,4764.7,8,0
2025-03-16T23:00:00,5,2,0,3179,12715.1,3,0
2025-03-17T00:00:00,5,5,0,3184,7643.0,5,0
2025-03-17T01:00:00,5,4,6,3182,5453.3,7,0
2025-03-17T02:00:00,5,3,0,3185,12740.3,3,0
2025-03-17T03:00:00,5,4,0,3189,12754.9,3,0
2025-03-17T04:00:00,5,3,1,3191,4787.9,8,0
2025-03-17T05:00:00,5,6,6,3191,12764.6,3,0
2025-03-17T06:00:00,5,0,0,3191,19147.7,2,0
2025-03-17T07:00:00,5,2,0,3193,6385.0,6,0
2025-03-17T08:00:00,5,0,0,3193,9578.6,4,0
2025-03-17T09:00:00,5,8,5,3196,19176.8,2,0
2025-03-17T10:00:00,5,14,8,3202,5488.4,7,0
2025-03-17T11:00:00,5,15,14,3203,5489.5,7,0
2025-03-17T12:00:00,5,17,12,3208,19248.9,2,0
2025-03-17T13:00:00,5,18,12,3214,5508.3,7,0
2025-03-17T14:00:00,5,17,16,3215,7715.8,5,0
2025-03-17T15:00:00,5,17,13,3219,19313.7,2,0
2025-03-17T16:00:00,5,10,8,3221,5523.7,7,0
2025-03-17T17:00:00,5,1,3,3219,19314.4,2,0
2025-03-17T18:00:00,5,7,5,3221,5522.3,7,0
2025-03-17T19:00:00,5,4,4,3221,12884.5,3,0
2025-03-17T20:00:00,5,3,5,3219,6438.4,6,0
2025-03-17T21:00:00,5,1,0,3220,4830.8,8,0
2025-03-17T22:00:00,5,3,5,3218,7722.2,5,0
2025-03-17T23:00:00,5,0,0,3218,5518.1,7,0
2025-03-18T00:00:00,5,8,7,3219,9657.9,4,0
2025-03-18T01:00:00,5,0,0,3219,19313.2,2,0
2025-03-18T02:00:00,5,4,3,3220,9658.7,4,0
2025-03-18T03:00:00,5,1,1,3220,7727.3,5,0
2025-03-18T04:00:00,5,3,0,3223,4832.9,8,0
2025-03-18T05:00:00,5,2,0,3225,4837.3,8,0
2025-03-18T06:00:00,5,6,3,3228,4842.7,8,0
2025-03-18T07:00:00,5,3,0,3231,5539.3,7,0
2025-03-18T08:00:00,5,1,3,3229,7751.3,5,0
2025-03-18T09:00:00,5,17,15,3231,12922.4,3,0
2025-03-18T10:00:00,5,17,16,3232,19391.1,2,0
2025-03-18T11:00:00,5,14,9,3237,5547.7,7,0
2025-03-18T12:00:00,5,14,14,3237,7768.2,5,0
2025-03-18T13:00:00,5,10,9,3238,4856.3,8,0
2025-03-18T14:00:00,5,15,11,3242,4862.3,8,0
2025-03-18T15:00:00,5,13,6,3249,4874.1,8,0
2025-03-18T16:00:00,5,20,15,3254,9760.7,4,0
2025-03-18T17:00:00,5,0,1,3253,6505.5,6,0
2025-03-18T18:00:00,5,3,0,3256,6513.5,6,0
2025-03-18T19:00:00,5,7,4,3259,9775.4,4,0
2025-03-18T20:00:00,5,2,2,3259,7821.7,5,0
2025-03-18T21:00:00,5,1,0,3260,5587.1,7,0
2025-03-18T22:00:00,5,5,6,3259,4889.2,8,0
2025-03-18T23:00:00,5,6,5,3260,7822.7,5,0
2025-03-19T00:00:00,5,6,4,3262,4893.3,8,0
2025-03-19T01:00:00,5,5,7,3260,6520.8,6,0
2025-03-19T02:00:00,5,0,0,3260,7822.0,5,0
2025-03-19T03:00:00,5,3,4,3259,7822.4,5,0
2025-03-19T04:00:00,5,0,0,3259,13037.3,3,0
2025-03-19T05:00:00,5,6,2,3263,19577.9,2,0
2025-03-19T06:00:00,5,1,0,3264,4895.5,8,0
2025-03-19T07:00:00,5,5,2,3267,9800.5,4,0
2025-03-19T08:00:00,5,0,0,3267,5602.1,7,0
2025-03-19T09:00:00,5,13,12,3268,4901.0,8,0
2025-03-19T10:00:00,5,14,9,3273,6546.8,6,0
2025-03-19T11:00:00,5,16,15,3274,13097.4,3,0
2025-03-19T12:00:00,5,16,12,3278,5619.4,7,0
2025-03-19T13:00:00,5,18,13,3283,13131.9,3,0
2025-03-19T14:00:00,5,15,8,3290,19741.3,2,0
2025-03-19T15:00:00,5,14,13,3291,5641.2,7,0
2025-03-19T16:00:00,5,12,10,3293,13171.1,3,0
2025-03-19T17:00:00,5,2,0,3295,5649.4,7,0
2025-03-19T18:00:00,5,5,2,3298,13190.7,3,0
2025-03-19T19:00:00,5,8,9,3297,6593.2,6,0
2025-03-19T20:00:00,5,5,6,3296,7910.6,5,0
2025-03-19T21:00:00,5,1,3,3294,5648.3,7,0
2025-03-19T22:00:00,5,4,1,3297,19783.1,2,0
2025-03-19T23:00:00,5,3,0,3300,19799.0,2,0
2025-03-20T00:00:00,5,0,0,3300,13200.2,3,0
2025-03-20T01:00:00,5,1,0,3301,9904.7,4,0
2025-03-20T02:00:00,5,2,2,3301,13205.7,3,0
2025-03-20T03:00:00,5,8,7,3302,5659.7,7,0
2025-03-20T04:00:00,5,0,0,3302,5658.7,7,0
2025-03-20T05:00:00,5,2,4,3300,6598.9,6,0
2025-03-20T06:00:00,5,9,6,3303,5660.8,7,0
2025-03-20T07:00:00,5,0,0,3303,4954.1,8,0
2025-03-20T08:00:00,5,7,6,3304,7931.0,5,0
2025-03-20T09:00:00,5,17,15,3306,5668.6,7,0
2025-03-20T10:00:00,5,12,9,3309,4961.8,8,0
2025-03-20T11:00:00,5,17,11,3315,9946.2,4,0
2025-03-20T12:00:00,5,24,20,3319,5691.4,7,0
2025-03-20T13:00:00,5,11,7,3323,5698.2,7,0
2025-03-20T14:00:00,5,13,5,3331,13322.7,3,0
2025-03-20T15:00:00,5,12,10,3333,8000.3,5,0
2025-03-20T16:00:00,5,17,14,3336,20017.5,2,0
2025-03-20T17:00:00,5,10,7,3339,5007.1,8,0
2025-03-20T18:00:00,5,9,9,3339,13357.2,3,0
2025-03-20T19:00:00,5,5,5,3339,5726.0,7,0
2025-03-20T20:00:00,5,9,4,3344,8026.2,5,0
2025-03-20T21:00:00,5,6,7,3343,20056.0,2,0
2025-03-20T22:00:00,5,6,5,3344,5731.9,7,0
2025-03-20T23:00:00,5,7,3,3348,6696.0,6,0
2025-03-21T00:00:00,5,6,3,3351,13402.5,3,0
2025-03-21T01:00:00,5,1,3,3349,10045.8,4,0
2025-03-21T02:00:00,5,2,6,3345,5015.6,8,0
2025-03-21T03:00:00,5,0,2,3343,8021.6,5,0
2025-03-21T04:00:00,5,3,2,3344,13377.1,3,0
2025-03-21T05:00:00,5,6,1,3349,8039.1,5,0
2025-03-21T06:00:00,5,0,0,3349,20092.4,2,0
2025-03-21T07:00:00,5,0,1,3348,5021.2,8,0
2025-03-21T08:00:00,5,5,1,3352,8043.8,5,0
2025-03-21T09:00:00,5,10,7,3355,13420.9,3,0
2025-03-21T10:00:00,5,17,13,3359,5757.6,7,0
2025-03-21T11:00:00,5,15,7,3367,8081.9,5,0
2025-03-21T12:00:00,5,14,9,3372,13489.3,3,0
2025-03-21T13:00:00,5,14,12,3374,10120.2,4,0
2025-03-21T14:00:00,5,15,7,3382,8115.1,5,0
2025-03-21T15:00:00,5,13,9,3386,5077.2,8,0
2025-03-21T16:00:00,5,17,12,3391,6782.7,6,0
2025-03-21T17:00:00,5,6,3,3394,10180.0,4,0
2025-03-21T18:00:00,5,0,0,3394,10180.3,4,0
2025-03-21T19:00:00,5,2,3,3393,6784.3,6,0
2025-03-21T20:00:00,5,5,2,3396,5094.2,8,0
2025-03-21T21:00:00,5,5,0,3401,13603.7,3,0
2025-03-21T22:00:00,5,0,0,3401,13605.2,3,0
2025-03-21T23:00:00,5,6,4,3403,6804.5,6,0
2025-03-22T00:00:00,5,4,4,3403,6806.8,6,0
2025-03-22T01:00:00,5,3,3,3403,6804.2,6,0
2025-03-22T02:00:00,5,4,3,3404,8171.6,5,0
2025-03-22T03:00:00,5,5,3,3406,20436.8,2,0
2025-03-22T04:00:00,5,5,5,3406,8175.4,5,0
2025-03-22T05:00:00,5,1,0,3407,8178.7,5,0
2025-03-22T06:00:00,5,0,0,3407,10220.4,4,0
2025-03-22T07:00:00,5,2,3,3406,20435.9,2,0
2025-03-22T08:00:00,5,3,0,3409,6817.1,6,0
2025-03-22T09:00:00,5,12,11,3410,5113.9,8,0
2025-03-22T10:00:00,5,10,8,3412,13649.5,3,0
2025-03-22T11:00:00,5,13,6,3419,13677.2,3,0
2025-03-22T12:00:00,5,11,4,3426,10278.0,4,0
2025-03-22T13:00:00,5,11,9,3428,13710.1,3,0
2025-03-22T14:00:00,5,11,7,3432,10296.4,4,0
2025-03-22T15:00:00,5,17,14,3435,20608.6,2,0
2025-03-22T16:00:00,5,19,16,3438,6877.2,6,0
2025-03-22T17:00:00,5,4,5,3437,20622.6,2,0
2025-03-22T18:00:00,5,3,1,3439,20633.5,2,0
2025-03-22T19:00:00,5,4,6,3437,6875.8,6,0
2025-03-22T20:00:00,5,3,2,3438,13750.6,3,0
2025-03-22T21:00:00,5,5,4,3439,6878.3,6,0
2025-03-22T22:00:00,5,0,0,3439,5158.1,8,0
2025-03-22T23:00:00,5,3,4,3438,6875.0,6,0
2025-03-23T00:00:00,5,4,3,3439,10315.6,4,0
2025-03-23T01:00:00,5,3,2,3440,10320.5,4,0
2025-03-23T02:00:00,5,2,2,3440,13760.7,3,0
2025-03-23T03:00:00,5,7,3,3444,5905.6,7,0
2025-03-23T04:00:00,5,5,2,3447,10342.7,4,0
2025-03-23T05:00:00,5,2,1,3448,13790.6,3,0
2025-03-23T06:00:00,5,6,6,3448,13792.6,3,0
2025-03-23T07:00:00,5,3,2,3449,13795.6,3,0
2025-03-23T08:00:00,5,4,6,3447,5908.5,7,0
2025-03-23T09:00:00,5,22,17,3452,10357.1,4,0
2025-03-23T10:00:00,5,11,10,3453,5919.2,7,0
2025-03-23T11:00:00,5,11,8,3456,20736.3,2,0
2025-03-23T12:00:00,5,16,12,3460,20760.0,2,0
2025-03-23T13:00:00,5,18,18,3460,8302.5,5,0
2025-03-23T14:00:00,5,10,4,3466,5199.1,8,0
2025-03-23T15:00:00,5,18,13,3471,5205.5,8,0
2025-03-23T16:00:00,5,17,13,3475,6950.0,6,0
2025-03-23T17:00:00,5,4,5,3474,5955.0,7,0
2025-03-23T18:00:00,5,5,6,3473,20838.4,2,0
2025-03-23T19:00:00,5,3,4,3472,5952.6,7,0
2025-03-23T20:00:00,5,6,5,3473,20839.1,2,0
2025-03-23T21:00:00,5,10,9,3474,10420.9,4,0
2025-03-23T22:00:00,5,4,0,3478,20866.9,2,0
2025-03-23T23:00:00,5,6,3,3481,13923.9,3,0
2025-03-24T00:00:00,5,6,1,3486,20915.1,2,0
2025-03-24T01:00:00,5,4,1,3489,8375.0,5,0
2025-03-24T02:00:00,5,6,2,3493,6986.8,6,0
2025-03-24T03:00:00,5,2,4,3491,10471.2,4,0
2025-03-24T04:00:00,5,7,2,3496,5991.6,7,0
2025-03-24T05:00:00,5,7,4,3499,13997.4,3,0
2025-03-24T06:00:00,5,7,5,3501,10504.1,4,0
2025-03-24T07:00:00,5,1,1,3501,7000.1,6,0
2025-03-24T08:00:00,5,2,0,3503,21019.9,2,0
2025-03-24T09:00:00,5,14,10,3507,5259.2,8,0
2025-03-24T10:00:00,5,13,11,3509,10525.2,4,0
2025-03-24T11:00:00,5,20,13,3516,8439.5,5,0
2025-03-24T12:00:00,5,13,10,3519,21112.1,2,0
2025-03-24T13:00:00,5,15,10,3524,14096.8,3,0
2025-03-24T14:00:00,5,11,11,3524,7048.8,6,0
2025-03-24T15:00:00,5,14,11,3527,21163.3,2,0
2025-03-24T16:00:00,5,16,13,3530,21179.4,2,0
2025-03-24T17:00:00,5,7,4,3533,7064.5,6,0
2025-03-24T18:00:00,5,4,6,3531,5296.5,8,0
2025-03-24T19:00:00,5,1,0,3532,7064.5,6,0
2025-03-24T20:00:00,5,5,1,3536,6062.2,7,0
2025-03-24T21:00:00,5,5,6,3535,14140.3,3,0
2025-03-24T22:00:00,5,10,7,3538,10613.4,4,0
2025-03-24T23:00:00,5,0,0,3538,8490.3,5,0
2025-03-25T00:00:00,5,5,3,3540,6067.7,7,0
2025-03-25T01:00:00,5,1,1,3540,21238.8,2,0
2025-03-25T02:00:00,5,4,4,3540,7078.3,6,0
2025-03-25T03:00:00,5,3,0,3543,7085.4,6,0
2025-03-25T04:00:00,5,8,4,3547,5321.6,8,0
2025-03-25T05:00:00,5,5,5,3547,21283.5,2,0
2025-03-25T06:00:00,5,2,2,3547,8514.4,5,0
2025-03-25T07:00:00,5,5,5,3547,10639.7,4,0
2025-01-01T00:00:00,6,4,5,1,5.5,3,30
2025-01-01T01:00:00,6,10,9,2,4.9,8,30
2025-01-01T02:00:00,6,5,8,0,-0.0,6,30
2025-01-01T03:00:00,6,4,5,0,-0.7,7,30
2025-01-01T04:00:00,6,6,5,1,1.1,8,30
2025-01-01T05:00:00,6,3,3,1,1.1,8,30
2025-01-01T06:00:00,6,6,5,2,5.0,5,30
2025-01-01T07:00:00,6,0,0,2,7.6,4,30
2025-01-01T08:00:00,6,0,0,2,4.7,7,30
2025-01-01T09:00:00,6,10,9,3,10.9,3,29
2025-01-01T10:00:00,6,16,12,7,15.1,5,28
2025-01-01T11:00:00,6,15,10,12,34.1,4,26
2025-01-01T12:00:00,6,19,14,17,40.3,5,24
2025-01-01T13:00:00,6,16,14,19,113.3,2,23
2025-01-01T14:00:00,6,13,4,28,41.5,8,19
2025-01-01T15:00:00,6,16,12,32,190.1,2,18
2025-01-01T16:00:00,6,19,14,37,55.9,8,16
2025-01-01T17:00:00,6,6,1,42,126.1,4,14
2025-01-01T18:00:00,6,5,2,45,89.3,6,12
2025-01-01T19:00:00,6,5,0,50,151.6,4,10
2025-01-01T20:00:00,6,3,3,50,87.6,7,10
2025-01-01T21:00:00,6,6,5,51,86.1,7,10
2025-01-01T22:00:00,6,5,6,50,99.1,6,10
2025-01-01T23:00:00,6,2,0,52,312.4,2,10
2025-01-02T00:00:00,6,0,0,52,155.0,4,10
2025-01-02T01:00:00,6,4,1,55,109.4,6,8
2025-01-02T02:00:00,6,4,3,56,83.2,8,8
2025-01-02T03:00:00,6,2,5,53,319.7,2,9
2025-01-02T04:00:00,6,2,4,51,205.7,3,10
2025-01-02T05:00:00,6,7,9,49,72.0,8,11
2025-01-02T06:00:00,6,2,0,51,89.0,7,10
2025-01-02T07:00:00,6,4,0,55,81.5,8,8
2025-01-02T08:00:00,6,1,0,56,222.4,3,8
2025-01-02T09:00:00,6,12,10,58,172.0,4,7
2025-01-02T10:00:00,6,13,9,62,107.4,7,6
2025-01-02T11:00:00,6,21,15,68,117.8,7,3
2025-01-02T12:00:00,6,18,11,75,224.9,4,0
2025-01-02T13:00:00,6,7,5,77,153.2,6,0
2025-01-02T14:00:00,6,14,10,81,123.5,8,0
2025-01-02T15:00:00,6,13,12,82,326.1,3,0
2025-01-02T16:00:00,6,14,10,86,172.2,6,0
2025-01-02T17:00:00,6,1,1,86,517.8,2,0
2025-01-02T18:00:00,6,3,3,86,207.6,5,0
2025-01-02T19:00:00,6,0,0,86,146.4,7,0
2025-01-02T20:00:00,6,3,2,87,346.5,3,0
2025-01-02T21:00:00,6,5,6,86,343.2,3,0
2025-01-02T22:00:00,6,6,2,90,216.7,5,0
2025-01-02T23:00:00,6,6,9,87,174.8,6,0
2025-01-03T00:00:00,6,10,8,89,132.1,8,0
2025-01-03T01:00:00,6,8,5,92,368.3,3,0
2025-01-03T02:00:00,6,5,2,95,189.4,6,0
2025-01-03T03:00:00,6,2,3,94,142.8,8,0
2025-01-03T04:00:00,6,7,3,98,237.2,5,0
2025-01-03T05:00:00,6,2,3,97,193.7,6,0
2025-01-03T06:00:00,6,1,0,98,195.6,6,0
2025-01-03T07:00:00,6,4,5,97,290.6,4,0
2025-01-03T08:00:00,6,6,2,101,403.3,3,0
2025-01-03T09:00:00,6,15,8,108,160.2,8,0
2025-01-03T10:00:00,6,19,13,114,456.0,3,0
2025-01-03T11:00:00,6,15,12,117,467.7,3,0
2025-01-03T12:00:00,6,8,8,117,200.2,7,0
2025-01-03T13:00:00,6,13,8,122,182.0,8,0
2025-01-03T14:00:00,6,19,17,124,298.1,5,0
2025-01-03T15:00:00,6,15,9,130,193.2,8,0
2025-01-03T16:00:00,6,10,6,134,269.3,6,0
2025-01-03T17:00:00,6,4,4,134,227.9,7,0
2025-01-03T18:00:00,6,3,3,134,534.9,3,0
2025-01-03T19:00:00,6,1,2,133,201.3,8,0
2025-01-03T20:00:00,6,12,8,137,546.7,3,0
2025-01-03T21:00:00,6,6,6,137,546.3,3,0
2025-01-03T22:00:00,6,3,2,138,331.0,5,0
2025-01-03T23:00:00,6,3,6,135,324.7,5,0
2025-01-04T00:00:00,6,5,6,134,200.9,8,0
2025-01-04T01:00:00,6,4,4,134,321.8,5,0
2025-01-04T02:00:00,6,1,0,135,405.1,4,0
2025-01-04T03:00:00,6,5,6,134,269.4,6,0
2025-01-04T04:00:00,6,4,4,134,228.6,7,0
2025-01-04T05:00:00,6,2,2,134,228.1,7,0
2025-01-04T06:00:00,6,0,0,134,228.3,7,0
2025-01-04T07:00:00,6,5,4,135,404.9,4,0
2025-01-04T08:00:00,6,13,10,138,415.4,4,0
2025-01-04T09:00:00,6,16,8,146,350.9,5,0
2025-01-04T10:00:00,6,16,9,153,305.7,6,0
2025-01-04T11:00:00,6,13,11,155,308.6,6,0
2025-01-04T12:00:00,6,15,12,158,271.2,7,0
2025-01-04T13:00:00,6,12,8,162,322.4,6,0
2025-01-04T14:00:00,6,16,9,169,290.1,7,0
2025-01-04T15:00:00,6,15,12,172,294.6,7,0
2025-01-04T16:00:00,6,9,6,175,263.0,8,0
2025-01-04T17:00:00,6,8,8,175,263.5,8,0
2025-01-04T18:00:00,6,5,7,173,691.3,3,0
2025-01-04T19:00:00,6,3,1,175,700.9,3,0
2025-01-04T20:00:00,6,6,5,176,423.9,5,0
2025-01-04T21:00:00,6,0,2,174,298.6,7,0
2025-01-04T22:00:00,6,0,0,174,298.3,7,0
2025-01-04T23:00:00,6,4,3,175,698.1,3,0
2025-01-05T00:00:00,6,9,6,178,1069.2,2,0
2025-01-05T01:00:00,6,0,0,178,304.4,7,0
2025-01-05T02:00:00,6,3,3,178,712.6,3,0
2025-01-05T03:00:00,6,1,0,179,308.3,7,0
2025-01-05T04:00:00,6,4,0,183,438.3,5,0
2025-01-05T05:00:00,6,4,2,185,1109.6,2,0
2025-01-05T06:00:00,6,7,4,188,565.8,4,0
2025-01-05T07:00:00,6,3,0,191,764.5,3,0
2025-01-05T08:00:00,6,6,6,191,1146.5,2,0
2025-01-05T09:00:00,6,17,15,193,386.3,6,0
2025-01-05T10:00:00,6,13,9,197,394.5,6,0
2025-01-05T11:00:00,6,14,11,200,1200.2,2,0
2025-01-05T12:00:00,6,13,10,203,303.7,8,0
2025-01-05T13:00:00,6,13,9,207,354.6,7,0
2025-01-05T14:00:00,6,17,13,211,421.8,6,0
2025-01-05T15:00:00,6,11,8,214,514.8,5,0
2025-01-05T16:00:00,6,12,10,216,371.9,7,0
2025-01-05T17:00:00,6,9,6,219,658.9,4,0
2025-01-05T18:00:00,6,1,0,220,440.5,6,0
2025-01-05T19:00:00,6,3,2,221,380.7,7,0
2025-01-05T20:00:00,6,2,0,223,891.5,3,0
2025-01-05T21:00:00,6,3,0,226,902.8,3,0
2025-01-05T22:00:00,6,9,8,227,339.3,8,0
2025-01-05T23:00:00,6,3,1,229,345.3,8,0
2025-01-06T00:00:00,6,0,3,226,450.0,6,0
2025-01-06T01:00:00,6,0,0,226,678.0,4,0
2025-01-06T02:00:00,6,2,0,228,546.3,5,0
2025-01-06T03:00:00,6,4,3,229,1375.1,2,0
2025-01-06T04:00:00,6,4,3,230,345.2,8,0
2025-01-06T05:00:00,6,10,3,237,355.5,8,0
2025-01-06T06:00:00,6,4,6,235,565.9,5,0
2025-01-06T07:00:00,6,1,2,234,466.8,6,0
2025-01-06T08:00:00,6,4,7,231,553.9,5,0
2025-01-06T09:00:00,6,15,10,236,470.4,6,0
2025-01-06T10:00:00,6,11,9,238,953.2,3,0
2025-01-06T11:00:00,6,14,11,241,361.5,8,0
2025-01-06T12:00:00,6,13,11,243,363.8,8,0
2025-01-06T13:00:00,6,16,19,240,960.7,3,0
2025-01-06T14:00:00,6,13,11,242,484.4,6,0
2025-01-06T15:00:00,6,14,10,246,493.1,6,0
2025-01-06T16:00:00,6,14,11,249,595.9,5,0
2025-01-06T17:00:00,6,3,3,249,597.4,5,0
2025-01-06T18:00:00,6,1,2,248,993.0,3,0
2025-01-06T19:00:00,6,2,2,248,742.3,4,0
2025-01-06T20:00:00,6,0,1,247,493.1,6,0
2025-01-06T21:00:00,6,0,0,247,740.1,4,0
2025-01-06T22:00:00,6,0,0,247,371.3,8,0
2025-01-06T23:00:00,6,1,1,247,1483.9,2,0
2025-01-07T00:00:00,6,3,3,247,1483.9,2,0
2025-01-07T01:00:00,6,7,7,247,986.8,3,0
2025-01-07T02:00:00,6,4,4,247,989.8,3,0
2025-01-07T03:00:00,6,7,7,247,421.5,7,0
2025-01-07T04:00:00,6,7,4,250,430.4,7,0
2025-01-07T05:00:00,6,2,1,251,601.5,5,0
2025-01-07T06:00:00,6,4,3,252,755.9,4,0
2025-01-07T07:00:00,6,1,0,253,1011.5,3,0
2025-01-07T08:00:00,6,2,0,255,383.3,8,0
2025-01-07T09:00:00,6,17,13,259,519.4,6,0
2025-01-07T10:00:00,6,14,10,263,451.7,7,0
2025-01-07T11:00:00,6,13,9,267,459.4,7,0
2025-01-07T12:00:00,6,13,8,272,814.0,4,0
2025-01-07T13:00:00,6,10,6,276,1657.8,2,0
2025-01-07T14:00:00,6,13,12,277,414.6,8,0
2025-01-07T15:00:00,6,14,9,282,1693.5,2,0
2025-01-07T16:00:00,6,15,10,287,860.6,4,0
2025-01-07T17:00:00,6,0,2,285,856.2,4,0
2025-01-07T18:00:00,6,0,2,283,1699.0,2,0
2025-01-07T19:00:00,6,1,0,284,682.7,5,0
2025-01-07T20:00:00,6,0,2,282,484.0,7,0
2025-01-07T21:00:00,6,6,6,282,1690.8,2,0
2025-01-07T22:00:00,6,4,2,284,425.6,8,0
2025-01-07T23:00:00,6,12,11,285,854.0,4,0
2025-01-08T00:00:00,6,5,4,286,1144.9,3,0
2025-01-08T01:00:00,6,3,5,284,1137.2,3,0
2025-01-08T02:00:00,6,0,0,284,1703.2,2,0
2025-01-08T03:00:00,6,3,4,283,566.2,6,0
2025-01-08T04:00:00,6,6,5,284,853.9,4,0
2025-01-08T05:00:00,6,4,8,280,421.8,8,0
2025-01-08T06:00:00,6,3,0,283,1133.1,3,0
2025-01-08T07:00:00,6,1,1,283,1133.2,3,0
2025-01-08T08:00:00,6,3,0,286,572.6,6,0
2025-01-08T09:00:00,6,13,7,292,700.7,5,0
2025-01-08T10:00:00,6,15,11,296,712.2,5,0
2025-01-08T11:00:00,6,13,12,297,1780.2,2,0
2025-01-08T12:00:00,6,9,10,296,709.0,5,0
2025-01-08T13:00:00,6,15,8,303,909.9,4,0
2025-01-08T14:00:00,6,14,7,310,618.8,6,0
2025-01-08T15:00:00,6,11,8,313,1251.2,3,0
2025-01-08T16:00:00,6,16,12,317,759.5,5,0
2025-01-08T17:00:00,6,4,4,317,950.2,4,0
2025-01-08T18:00:00,6,0,0,317,1266.6,3,0
2025-01-08T19:00:00,6,5,4,318,956.0,4,0
2025-01-08T20:00:00,6,6,5,319,1915.2,2,0
2025-01-08T21:00:00,6,11,5,325,486.2,8,0
2025-01-08T22:00:00,6,0,1,324,779.5,5,0
2025-01-08T23:00:00,6,5,2,327,1309.3,3,0
2025-01-09T00:00:00,6,3,5,325,557.2,7,0
2025-01-09T01:00:00,6,3,4,324,970.6,4,0
2025-01-09T02:00:00,6,5,2,327,1961.2,2,0
2025-01-09T03:00:00,6,2,0,329,658.7,6,0
2025-01-09T04:00:00,6,4,3,330,1981.4,2,0
2025-01-09T05:00:00,6,7,9,328,563.8,7,0
2025-01-09T06:00:00,6,4,5,327,1307.7,3,0
2025-01-09T07:00:00,6,5,6,326,558.4,7,0
2025-01-09T08:00:00,6,9,7,328,785.6,5,0
2025-01-09T09:00:00,6,12,10,330,1319.0,3,0
2025-01-09T10:00:00,6,12,10,332,498.0,8,0
2025-01-09T11:00:00,6,11,8,335,1003.9,4,0
2025-01-09T12:00:00,6,10,7,338,1353.0,3,0
2025-01-09T13:00:00,6,16,12,342,586.9,7,0
2025-01-09T14:00:00,6,18,13,347,1041.2,4,0
2025-01-09T15:00:00,6,10,9,348,834.0,5,0
2025-01-09T16:00:00,6,17,10,355,2130.4,2,0
2025-01-09T17:00:00,6,4,5,354,532.3,8,0
2025-01-09T18:00:00,6,1,0,355,1420.5,3,0
2025-01-09T19:00:00,6,6,4,357,535.3,8,0
2025-01-09T20:00:00,6,6,5,358,615.1,7,0
2025-01-09T21:00:00,6,5,4,359,862.7,5,0
2025-01-09T22:00:00,6,3,8,354,1061.4,4,0
2025-01-09T23:00:00,6,0,0,354,850.9,5,0
2025-01-10T00:00:00,6,6,6,354,1415.7,3,0
2025-01-10T01:00:00,6,4,1,357,1069.3,4,0
2025-01-10T02:00:00,6,2,0,359,1435.9,3,0
2025-01-10T03:00:00,6,0,0,359,538.6,8,0
2025-01-10T04:00:00,6,2,0,361,539.9,8,0
2025-01-10T05:00:00,6,3,1,363,871.1,5,0
2025-01-10T06:00:00,6,4,4,363,1088.5,4,0
2025-01-10T07:00:00,6,3,0,366,2194.3,2,0
2025-01-10T08:00:00,6,3,3,366,547.9,8,0
2025-01-10T09:00:00,6,13,13,366,731.6,6,0
2025-01-10T10:00:00,6,14,10,370,739.5,6,0
2025-01-10T11:00:00,6,14,10,374,749.4,6,0
2025-01-10T12:00:00,6,11,6,379,2274.6,2,0
2025-01-10T13:00:00,6,11,9,381,1141.0,4,0
2025-01-10T14:00:00,6,13,8,386,662.0,7,0
2025-01-10T15:00:00,6,11,6,391,588.4,8,0
2025-01-10T16:00:00,6,13,12,392,782.9,6,0
2025-01-10T17:00:00,6,10,5,397,1588.6,3,0
2025-01-10T18:00:00,6,1,1,397,795.2,6,0
2025-01-10T19:00:00,6,4,2,399,597.2,8,0
2025-01-10T20:00:00,6,0,3,396,593.9,8,0
2025-01-10T21:00:00,6,3,3,396,2375.3,2,0
2025-01-10T22:00:00,6,6,6,396,592.8,8,0
2025-01-10T23:00:00,6,6,3,399,683.6,7,0
2025-01-11T00:00:00,6,3,0,402,1207.5,4,0
2025-01-11T01:00:00,6,2,3,401,801.5,6,0
2025-01-11T02:00:00,6,8,3,406,1216.9,4,0
2025-01-11T03:00:00,6,2,0,408,1223.1,4,0
2025-01-11T04:00:00,6,0,0,408,979.1,5,0
2025-01-11T05:00:00,6,7,4,411,616.2,8,0
2025-01-11T06:00:00,6,11,8,414,993.2,5,0
2025-01-11T07:00:00,6,6,4,416,1246.2,4,0
2025-01-11T08:00:00,6,1,0,417,2503.5,2,0
2025-01-11T09:00:00,6,16,13,420,841.3,6,0
2025-01-11T10:00:00,6,18,14,424,727.3,7,0
2025-01-11T11:00:00,6,12,10,426,639.1,8,0
2025-01-11T12:00:00,6,15,11,430,2581.5,2,0
2025-01-11T13:00:00,6,13,9,434,1039.6,5,0
2025-01-11T14:00:00,6,21,17,438,1753.5,3,0
2025-01-11T15:00:00,6,10,7,441,1059.1,5,0
2025-01-11T16:00:00,6,7,5,443,2656.2,2,0
2025-01-11T17:00:00,6,5,2,446,1337.8,4,0
2025-01-11T18:00:00,6,2,3,445,763.9,7,0
2025-01-11T19:00:00,6,0,3,442,882.1,6,0
2025-01-11T20:00:00,6,2,3,441,1762.8,3,0
2025-01-11T21:00:00,6,1,2,440,660.7,8,0
2025-01-11T22:00:00,6,7,8,439,754.4,7,0
2025-01-11T23:00:00,6,7,3,443,886.5,6,0
2025-01-12T00:00:00,6,6,4,445,761.5,7,0
2025-01-12T01:00:00,6,2,1,446,669.5,8,0
2025-01-12T02:00:00,6,0,0,446,893.9,6,0
2025-01-12T03:00:00,6,2,1,447,1341.1,4,0
2025-01-12T04:00:00,6,3,5,445,1781.6,3,0
2025-01-12T05:00:00,6,7,5,447,1788.3,3,0
2025-01-12T06:00:00,6,0,0,447,1073.3,5,0
2025-01-12T07:00:00,6,4,2,449,2693.0,2,0
2025-01-12T08:00:00,6,2,1,450,898.3,6,0
2025-01-12T09:00:00,6,18,14,454,1090.3,5,0
2025-01-12T10:00:00,6,16,12,458,2748.4,2,0
2025-01-12T11:00:00,6,14,7,465,796.9,7,0
2025-01-12T12:00:00,6,12,10,467,2803.9,2,0
2025-01-12T13:00:00,6,20,14,473,710.1,8,0
2025-01-12T14:00:00,6,11,10,474,1421.2,4,0
2025-01-12T15:00:00,6,12,9,477,714.8,8,0
2025-01-12T16:00:00,6,13,10,480,1438.7,4,0
2025-01-12T17:00:00,6,7,4,483,965.3,6,0
2025-01-12T18:00:00,6,11,12,482,724.5,8,0
2025-01-12T19:00:00,6,4,5,481,963.9,6,0
2025-01-12T20:00:00,6,1,1,481,1442.2,4,0
2025-01-12T21:00:00,6,5,4,482,827.7,7,0
2025-01-12T22:00:00,6,5,0,487,1461.2,4,0
2025-01-12T23:00:00,6,6,4,489,1957.7,3,0
2025-01-13T00:00:00,6,4,0,493,1478.0,4,0
2025-01-13T01:00:00,6,11,5,499,854.0,7,0
2025-01-13T02:00:00,6,7,8,498,748.2,8,0
2025-01-13T03:00:00,6,1,3,496,1191.8,5,0
2025-01-13T04:00:00,6,3,1,498,1492.4,4,0
2025-01-13T05:00:00,6,1,1,498,855.5,7,0
2025-01-13T06:00:00,6,3,5,496,993.7,6,0
2025-01-13T07:00:00,6,3,2,497,744.9,8,0
2025-01-13T08:00:00,6,1,2,496,2975.9,2,0
2025-01-13T09:00:00,6,19,15,500,1200.4,5,0
2025-01-13T10:00:00,6,17,14,503,2010.9,3,0
2025-01-13T11:00:00,6,17,16,504,1512.8,4,0
2025-01-13T12:00:00,6,17,12,509,873.2,7,0
2025-01-13T13:00:00,6,18,12,515,1236.1,5,0
2025-01-13T14:00:00,6,20,19,516,2063.8,3,0
2025-01-13T15:00:00,6,12,7,521,891.2,7,0
2025-01-13T16:00:00,6,14,12,523,1569.3,4,0
2025-01-13T17:00:00,6,6,7,522,781.8,8,0
2025-01-13T18:00:00,6,5,1,526,3155.2,2,0
2025-01-13T19:00:00,6,1,4,523,1047.0,6,0
2025-01-13T20:00:00,6,5,2,526,1262.1,5,0
2025-01-13T21:00:00,6,3,7,522,3133.0,2,0
2025-01-13T22:00:00,6,0,1,521,1040.3,6,0
2025-01-13T23:00:00,6,6,4,523,1568.4,4,0
2025-01-14T00:00:00,6,3,5,521,1041.4,6,0
2025-01-14T01:00:00,6,3,0,524,1571.1,4,0
2025-01-14T02:00:00,6,5,4,525,2100.6,3,0
2025-01-14T03:00:00,6,1,0,526,1263.5,5,0
2025-01-14T04:00:00,6,3,0,529,907.1,7,0
2025-01-14T05:00:00,6,6,3,532,3191.6,2,0
2025-01-14T06:00:00,6,4,2,534,3203.2,2,0
2025-01-14T07:00:00,6,4,1,537,1609.5,4,0
2025-01-14T08:00:00,6,9,11,535,918.7,7,0
2025-01-14T09:00:00,6,10,7,538,1291.3,5,0
2025-01-14T10:00:00,6,16,15,539,3232.5,2,0
2025-01-14T11:00:00,6,9,6,542,927.8,7,0
2025-01-14T12:00:00,6,10,10,542,1625.6,4,0
2025-01-14T13:00:00,6,10,4,548,2192.2,3,0
2025-01-14T14:00:00,6,20,13,555,1108.8,6,0
2025-01-14T15:00:00,6,16,11,560,840.0,8,0
2025-01-14T16:00:00,6,13,8,565,1694.7,4,0
2025-01-14T17:00:00,6,3,3,565,1694.7,4,0
2025-01-14T18:00:00,6,6,6,565,2260.4,3,0
2025-01-14T19:00:00,6,6,3,568,1704.9,4,0
2025-01-14T20:00:00,6,3,1,570,3422.0,2,0
2025-01-14T21:00:00,6,0,0,570,1709.0,4,0
2025-01-14T22:00:00,6,0,0,570,1142.0,6,0
2025-01-14T23:00:00,6,3,2,571,856.2,8,0
2025-01-15T00:00:00,6,5,2,574,1377.0,5,0
2025-01-15T01:00:00,6,1,3,572,1373.6,5,0
2025-01-15T02:00:00,6,0,2,570,1708.0,4,0
2025-01-15T03:00:00,6,6,3,573,982.8,7,0
2025-01-15T04:00:00,6,0,1,572,1142.9,6,0
2025-01-15T05:00:00,6,4,4,572,2289.1,3,0
2025-01-15T06:00:00,6,1,0,573,1719.7,4,0
2025-01-15T07:00:00,6,5,3,575,1150.5,6,0
2025-01-15T08:00:00,6,1,0,576,1382.0,5,0
2025-01-15T09:00:00,6,19,9,586,880.3,8,0
2025-01-15T10:00:00,6,16,11,591,1419.0,5,0
2025-01-15T11:00:00,6,14,8,597,2388.8,3,0
2025-01-15T12:00:00,6,15,15,597,1021.8,7,0
2025-01-15T13:00:00,6,12,6,603,1205.3,6,0
2025-01-15T14:00:00,6,19,17,605,3630.5,2,0
2025-01-15T15:00:00,6,13,9,609,1460.5,5,0
2025-01-15T16:00:00,6,15,14,610,2438.4,3,0
2025-01-15T17:00:00,6,0,2,608,1043.6,7,0
2025-01-15T18:00:00,6,6,0,614,1051.8,7,0
2025-01-15T19:00:00,6,0,0,614,1474.3,5,0
2025-01-15T20:00:00,6,2,2,614,3683.3,2,0
2025-01-15T21:00:00,6,6,0,620,2481.7,3,0
2025-01-15T22:00:00,6,4,4,620,2481.9,3,0
2025-01-15T23:00:00,6,5,4,621,3727.4,2,0
2025-01-16T00:00:00,6,4,3,622,1064.8,7,0
2025-01-16T01:00:00,6,5,5,622,932.1,8,0
2025-01-16T02:00:00,6,3,1,624,3745.2,2,0
2025-01-16T03:00:00,6,0,1,623,934.7,8,0
2025-01-16T04:00:00,6,2,0,625,3750.8,2,0
2025-01-16T05:00:00,6,1,0,626,1877.6,4,0
2025-01-16T06:00:00,6,4,3,627,1254.4,6,0
2025-01-16T07:00:00,6,3,5,625,1070.6,7,0
2025-01-16T08:00:00,6,10,8,627,1075.2,7,0
2025-01-16T09:00:00,6,14,12,629,1256.7,6,0
2025-01-16T10:00:00,6,12,9,632,3790.3,2,0
2025-01-16T11:00:00,6,15,9,638,2552.2,3,0
2025-01-16T12:00:00,6,14,5,647,1553.8,5,0
2025-01-16T13:00:00,6,13,8,652,1303.3,6,0
2025-01-16T14:00:00,6,10,10,652,977.0,8,0
2025-01-16T15:00:00,6,12,4,660,1978.0,4,0
2025-01-16T16:00:00,6,16,15,661,1984.0,4,0
2025-01-16T17:00:00,6,6,4,663,1135.6,7,0
2025-01-16T18:00:00,6,3,1,665,3988.6,2,0
2025-01-16T19:00:00,6,7,6,666,999.9,8,0
2025-01-16T20:00:00,6,2,2,666,1597.4,5,0
2025-01-16T21:00:00,6,3,6,663,996.3,8,0
2025-01-16T22:00:00,6,7,8,662,1324.2,6,0
2025-01-16T23:00:00,6,0,0,662,991.6,8,0
2025-01-17T00:00:00,6,8,3,667,1332.0,6,0
2025-01-17T01:00:00,6,7,5,669,1004.9,8,0
2025-01-17T02:00:00,6,1,3,667,1144.7,7,0
2025-01-17T03:00:00,6,4,3,668,1335.7,6,0
2025-01-17T04:00:00,6,9,8,669,4012.2,2,0
2025-01-17T05:00:00,6,4,2,671,1609.2,5,0
2025-01-17T06:00:00,6,7,2,676,2027.1,4,0
2025-01-17T07:00:00,6,3,1,678,2034.9,4,0
2025-01-17T08:00:00,6,7,1,684,1641.7,5,0
2025-01-17T09:00:00,6,14,9,689,1652.7,5,0
2025-01-17T10:00:00,6,16,17,688,1030.6,8,0
2025-01-17T11:00:00,6,17,17,688,1375.1,6,0
2025-01-17T12:00:00,6,16,13,691,1184.5,7,0
2025-01-17T13:00:00,6,11,5,697,1193.4,7,0
2025-01-17T14:00:00,6,12,8,701,2804.5,3,0
2025-01-17T15:00:00,6,12,8,705,2819.8,3,0
2025-01-17T16:00:00,6,14,11,708,1060.5,8,0
2025-01-17T17:00:00,6,6,5,709,1214.5,7,0
2025-01-17T18:00:00,6,1,2,708,1060.3,8,0
2025-01-17T19:00:00,6,3,3,708,2831.2,3,0
2025-01-17T20:00:00,6,6,7,707,1697.9,5,0
2025-01-17T21:00:00,6,7,4,710,1704.9,5,0
2025-01-17T22:00:00,6,4,4,710,2129.9,4,0
2025-01-17T23:00:00,6,0,1,709,1215.2,7,0
2025-01-18T00:00:00,6,10,5,714,2140.1,4,0
2025-01-18T01:00:00,6,0,0,714,1223.9,7,0
2025-01-18T02:00:00,6,5,4,715,1714.3,5,0
2025-01-18T03:00:00,6,10,9,716,1718.1,5,0
2025-01-18T04:00:00,6,6,2,720,1727.7,5,0
2025-01-18T05:00:00,6,4,2,722,2890.0,3,0
2025-01-18T06:00:00,6,0,0,722,4333.5,2,0
2025-01-18T07:00:00,6,6,1,727,1245.1,7,0
2025-01-18T08:00:00,6,1,0,728,1246.2,7,0
2025-01-18T09:00:00,6,16,14,730,2918.9,3,0
2025-01-18T10:00:00,6,10,8,732,1462.7,6,0
2025-01-18T11:00:00,6,21,18,735,1762.9,5,0
2025-01-18T12:00:00,6,13,11,737,1264.8,7,0
2025-01-18T13:00:00,6,16,13,740,1481.7,6,0
2025-01-18T14:00:00,6,15,11,744,2233.0,4,0
2025-01-18T15:00:00,6,15,14,745,1491.4,6,0
2025-01-18T16:00:00,6,14,12,747,1494.2,6,0
2025-01-18T17:00:00,6,4,4,747,1495.9,6,0
2025-01-18T18:00:00,6,5,3,749,1285.5,7,0
2025-01-18T19:00:00,6,3,2,750,1501.0,6,0
2025-01-18T20:00:00,6,4,2,752,1287.2,7,0
2025-01-18T21:00:00,6,1,0,753,4518.0,2,0
2025-01-18T22:00:00,6,0,0,753,1129.5,8,0
2025-01-18T23:00:00,6,3,0,756,2269.7,4,0
2025-01-19T00:00:00,6,3,0,759,1301.1,7,0
2025-01-19T01:00:00,6,6,3,762,1305.5,7,0
2025-01-19T02:00:00,6,7,4,765,1146.8,8,0
2025-01-19T03:00:00,6,3,0,768,1537.7,6,0
2025-01-19T04:00:00,6,2,0,770,3078.6,3,0
2025-01-19T05:00:00,6,0,0,770,1541.6,6,0
2025-01-19T06:00:00,6,0,3,767,1150.0,8,0
2025-01-19T07:00:00,6,0,2,765,1528.2,6,0
2025-01-19T08:00:00,6,3,1,767,1532.6,6,0
2025-01-19T09:00:00,6,18,14,771,2314.7,4,0
2025-01-19T10:00:00,6,9,4,776,1861.5,5,0
2025-01-19T11:00:00,6,16,9,783,3132.2,3,0
2025-01-19T12:00:00,6,14,8,789,1576.5,6,0
2025-01-19T13:00:00,6,17,12,794,1589.1,6,0
2025-01-19T14:00:00,6,19,15,798,3192.4,3,0
2025-01-19T15:00:00,6,13,8,803,1375.7,7,0
2025-01-19T16:00:00,6,14,12,805,4829.9,2,0
2025-01-19T17:00:00,6,3,1,807,3226.1,3,0
2025-01-19T18:00:00,6,1,0,808,2424.4,4,0
2025-01-19T19:00:00,6,2,2,808,4848.1,2,0
2025-01-19T20:00:00,6,4,3,809,1619.2,6,0
2025-01-19T21:00:00,6,0,0,809,1617.1,6,0
2025-01-19T22:00:00,6,7,4,812,3249.6,3,0
2025-01-19T23:00:00,6,5,2,815,1628.9,6,0
2025-01-20T00:00:00,6,2,0,817,1959.7,5,0
2025-01-20T01:00:00,6,6,1,822,1407.2,7,0
2025-01-20T02:00:00,6,4,3,823,1975.4,5,0
2025-01-20T03:00:00,6,4,5,822,1643.4,6,0
2025-01-20T04:00:00,6,6,7,821,1407.3,7,0
2025-01-20T05:00:00,6,8,3,826,3302.7,3,0
2025-01-20T06:00:00,6,3,2,827,1653.9,6,0
2025-01-20T07:00:00,6,4,7,824,3297.1,3,0
2025-01-20T08:00:00,6,4,1,827,1242.5,8,0
2025-01-20T09:00:00,6,19,17,829,1658.8,6,0
2025-01-20T10:00:00,6,13,12,830,1659.6,6,0
2025-01-20T11:00:00,6,15,11,834,2002.9,5,0
2025-01-20T12:00:00,6,11,8,837,1436.8,7,0
2025-01-20T13:00:00,6,15,11,841,1681.8,6,0
2025-01-20T14:00:00,6,12,12,841,2018.4,5,0
2025-01-20T15:00:00,6,23,18,846,2028.7,5,0
2025-01-20T16:00:00,6,13,10,849,1274.5,8,0
2025-01-20T17:00:00,6,4,1,852,2044.8,5,0
2025-01-20T18:00:00,6,2,0,854,3417.1,3,0
2025-01-20T19:00:00,6,8,5,857,2572.5,4,0
2025-01-20T20:00:00,6,5,3,859,1471.7,7,0
2025-01-20T21:00:00,6,5,3,861,5167.3,2,0
2025-01-20T22:00:00,6,8,5,864,2590.7,4,0
2025-01-20T23:00:00,6,4,1,867,2080.2,5,0
2025-01-21T00:00:00,6,8,8,867,5202.6,2,0
2025-01-21T01:00:00,6,1,1,867,1484.9,7,0
2025-01-21T02:00:00,6,0,0,867,5203.6,2,0
2025-01-21T03:00:00,6,2,5,864,1480.4,7,0
2025-01-21T04:00:00,6,3,3,864,3457.3,3,0
2025-01-21T05:00:00,6,4,3,865,1730.1,6,0
2025-01-21T06:00:00,6,4,5,864,3454.8,3,0
2025-01-21T07:00:00,6,0,0,864,2073.7,5,0
2025-01-21T08:00:00,6,0,0,864,1296.4,8,0
2025-01-21T09:00:00,6,16,12,868,5207.5,2,0
2025-01-21T10:00:00,6,12,14,866,1297.2,8,0
2025-01-21T11:00:00,6,15,12,869,1487.8,7,0
2025-01-21T12:00:00,6,14,8,875,5251.0,2,0
2025-01-21T13:00:00,6,14,15,874,3494.7,3,0
2025-01-21T14:00:00,6,11,10,875,1748.5,6,0
2025-01-21T15:00:00,6,12,8,879,3516.1,3,0
2025-01-21T16:00:00,6,20,17,882,1763.9,6,0
2025-01-21T17:00:00,6,1,0,883,2647.2,4,0
2025-01-21T18:00:00,6,1,0,884,3535.0,3,0
2025-01-21T19:00:00,6,1,0,885,3541.3,3,0
2025-01-21T20:00:00,6,3,0,888,1523.4,7,0
2025-01-21T21:00:00,6,6,6,888,3553.2,3,0
2025-01-21T22:00:00,6,6,3,891,3564.4,3,0
2025-01-21T23:00:00,6,4,5,890,5341.6,2,0
2025-01-22T00:00:00,6,0,0,890,5338.8,2,0
2025-01-22T01:00:00,6,4,3,891,1336.1,8,0
2025-01-22T02:00:00,6,0,0,891,2140.3,5,0
2025-01-22T03:00:00,6,4,1,894,2144.9,5,0
2025-01-22T04:00:00,6,7,4,897,3586.8,3,0
2025-01-22T05:00:00,6,4,4,897,3589.7,3,0
2025-01-22T06:00:00,6,1,0,898,2153.4,5,0
2025-01-22T07:00:00,6,2,1,899,1799.7,6,0
2025-01-22T08:00:00,6,8,7,900,2161.6,5,0
2025-01-22T09:00:00,6,9,6,903,1548.8,7,0
2025-01-22T10:00:00,6,10,7,906,2718.4,4,0
2025-01-22T11:00:00,6,17,14,909,5452.3,2,0
2025-01-22T12:00:00,6,10,10,909,3635.3,3,0
2025-01-22T13:00:00,6,13,13,909,3637.2,3,0
2025-01-22T14:00:00,6,11,8,912,2735.8,4,0
2025-01-22T15:00:00,6,15,9,918,2202.4,5,0
2025-01-22T16:00:00,6,8,7,919,2757.8,4,0
2025-01-22T17:00:00,6,0,1,918,1375.4,8,0
2025-01-22T18:00:00,6,3,1,920,1842.0,6,0
2025-01-22T19:00:00,6,1,1,920,1841.2,6,0
2025-01-22T20:00:00,6,4,1,923,2213.5,5,0
2025-01-22T21:00:00,6,0,3,920,2760.0,4,0
2025-01-22T22:00:00,6,3,1,922,1582.4,7,0
2025-01-22T23:00:00,6,4,0,926,5557.9,2,0
2025-01-23T00:00:00,6,7,5,928,5568.0,2,0
2025-01-23T01:00:00,6,2,0,930,2791.5,4,0
2025-01-23T02:00:00,6,1,2,929,1858.5,6,0
2025-01-23T03:00:00,6,2,0,931,5586.7,2,0
2025-01-23T04:00:00,6,3,1,933,5599.7,2,0
2025-01-23T05:00:00,6,5,3,935,1601.5,7,0
2025-01-23T06:00:00,6,4,2,937,2249.0,5,0
2025-01-23T07:00:00,6,1,0,938,3750.5,3,0
2025-01-23T08:00:00,6,6,5,939,3756.6,3,0
2025-01-23T09:00:00,6,15,13,941,2258.8,5,0
2025-01-23T10:00:00,6,14,11,944,5665.8,2,0
2025-01-23T11:00:00,6,6,3,947,3786.9,3,0
2025-01-23T12:00:00,6,16,15,948,2276.0,5,0
2025-01-23T13:00:00,6,11,7,952,1902.7,6,0
2025-01-23T14:00:00,6,15,11,956,2866.4,4,0
2025-01-23T15:00:00,6,18,15,959,1642.5,7,0
2025-01-23T16:00:00,6,16,10,965,1656.1,7,0
2025-01-23T17:00:00,6,6,6,965,1930.6,6,0
2025-01-23T18:00:00,6,4,2,967,1448.7,8,0
2025-01-23T19:00:00,6,9,6,970,1941.9,6,0
2025-01-23T20:00:00,6,2,1,971,1455.0,8,0
2025-01-23T21:00:00,6,4,3,972,3887.4,3,0
2025-01-23T22:00:00,6,4,3,973,2917.1,4,0
2025-01-23T23:00:00,6,4,6,971,1663.9,7,0
2025-01-24T00:00:00,6,3,0,974,1947.1,6,0
2025-01-24T01:00:00,6,3,7,970,1455.9,8,0
2025-01-24T02:00:00,6,6,6,970,1453.8,8,0
2025-01-24T03:00:00,6,9,8,971,2330.3,5,0
2025-01-24T04:00:00,6,4,4,971,2911.9,4,0
2025-01-24T05:00:00,6,0,0,971,5826.7,2,0
2025-01-24T06:00:00,6,2,1,972,2915.2,4,0
2025-01-24T07:00:00,6,7,9,970,2326.9,5,0
2025-01-24T08:00:00,6,2,0,972,2330.9,5,0
2025-01-24T09:00:00,6,8,9,971,1458.4,8,0
2025-01-24T10:00:00,6,19,14,976,1951.3,6,0
2025-01-24T11:00:00,6,12,9,979,1959.1,6,0
2025-01-24T12:00:00,6,16,11,984,1685.6,7,0
2025-01-24T13:00:00,6,16,14,986,1690.5,7,0
2025-01-24T14:00:00,6,11,8,989,1694.3,7,0
2025-01-24T15:00:00,6,19,17,991,3962.9,3,0
2025-01-24T16:00:00,6,26,21,996,2989.6,4,0
2025-01-24T17:00:00,6,4,0,1000,2000.3,6,0
2025-01-24T18:00:00,6,9,4,1005,3015.7,4,0
2025-01-24T19:00:00,6,2,1,1006,1725.0,7,0
2025-01-24T20:00:00,6,0,0,1006,1509.0,8,0
2025-01-24T21:00:00,6,5,2,1009,3028.0,4,0
2025-01-24T22:00:00,6,1,0,1010,4041.5,3,0
2025-01-24T23:00:00,6,9,7,1012,2428.4,5,0
2025-01-25T00:00:00,6,2,0,1014,1738.6,7,0
2025-01-25T01:00:00,6,5,0,1019,2038.3,6,0
2025-01-25T02:00:00,6,7,5,1021,6127.5,2,0
2025-01-25T03:00:00,6,9,6,1024,6145.9,2,0
2025-01-25T04:00:00,6,2,0,1026,3076.1,4,0
2025-01-25T05:00:00,6,0,0,1026,2460.9,5,0
2025-01-25T06:00:00,6,5,3,1028,2467.3,5,0
2025-01-25T07:00:00,6,10,6,1032,3096.7,4,0
2025-01-25T08:00:00,6,0,0,1032,1767.5,7,0
2025-01-25T09:00:00,6,12,6,1038,2491.1,5,0
2025-01-25T10:00:00,6,14,15,1037,2487.2,5,0
2025-01-25T11:00:00,6,12,10,1039,3117.4,4,0
2025-01-25T12:00:00,6,12,14,1037,6220.7,2,0
2025-01-25T13:00:00,6,12,9,1040,2079.2,6,0
2025-01-25T14:00:00,6,12,8,1044,3131.4,4,0
2025-01-25T15:00:00,6,14,9,1049,1572.8,8,0
2025-01-25T16:00:00,6,14,13,1050,1799.0,7,0
2025-01-25T17:00:00,6,10,9,1051,2100.7,6,0
2025-01-25T18:00:00,6,2,0,1053,2528.1,5,0
2025-01-25T19:00:00,6,8,2,1059,6355.3,2,0
2025-01-25T20:00:00,6,5,5,1059,6353.1,2,0
2025-01-25T21:00:00,6,4,7,1056,1582.5,8,0
2025-01-25T22:00:00,6,2,0,1058,2117.2,6,0
2025-01-25T23:00:00,6,0,0,1058,2114.4,6,0
2025-01-26T00:00:00,6,0,0,1058,1585.9,8,0
2025-01-26T01:00:00,6,7,6,1059,1589.2,8,0
2025-01-26T02:00:00,6,5,3,1061,4243.8,3,0
2025-01-26T03:00:00,6,5,6,1060,1815.9,7,0
2025-01-26T04:00:00,6,0,0,1060,2544.0,5,0
2025-01-26T05:00:00,6,0,0,1060,1816.1,7,0
2025-01-26T06:00:00,6,0,0,1060,2118.5,6,0
2025-01-26T07:00:00,6,0,0,1060,3181.5,4,0
2025-01-26T08:00:00,6,3,4,1059,2119.0,6,0
2025-01-26T09:00:00,6,12,10,1061,3181.2,4,0
2025-01-26T10:00:00,6,18,11,1068,1602.9,8,0
2025-01-26T11:00:00,6,15,12,1071,3214.0,4,0
2025-01-26T12:00:00,6,14,10,1075,3224.5,4,0
2025-01-26T13:00:00,6,9,9,1075,1613.4,8,0
2025-01-26T14:00:00,6,12,9,1078,4312.0,3,0
2025-01-26T15:00:00,6,14,8,1084,1627.5,8,0
2025-01-26T16:00:00,6,10,7,1087,6522.5,2,0
2025-01-26T17:00:00,6,5,5,1087,1865.3,7,0
2025-01-26T18:00:00,6,7,4,1090,2179.7,6,0
2025-01-26T19:00:00,6,0,0,1090,4360.5,3,0
2025-01-26T20:00:00,6,4,0,1094,3280.8,4,0
2025-01-26T21:00:00,6,0,0,1094,1875.8,7,0
2025-01-26T22:00:00,6,5,1,1098,6588.3,2,0
2025-01-26T23:00:00,6,0,2,1096,1644.1,8,0
2025-01-27T00:00:00,6,5,4,1097,2193.0,6,0
2025-01-27T01:00:00,6,5,6,1096,2629.6,5,0
2025-01-27T02:00:00,6,0,1,1095,1642.8,8,0
2025-01-27T03:00:00,6,3,0,1098,6589.5,2,0
2025-01-27T04:00:00,6,0,3,1095,1876.0,7,0
2025-01-27T05:00:00,6,3,0,1098,3294.6,4,0
2025-01-27T06:00:00,6,3,2,1099,6595.8,2,0
2025-01-27T07:00:00,6,1,0,1100,1651.2,8,0
2025-01-27T08:00:00,6,1,1,1100,1651.6,8,0
2025-01-27T09:00:00,6,10,7,1103,2645.6,5,0
2025-01-27T10:00:00,6,7,6,1104,6625.0,2,0
2025-01-27T11:00:00,6,21,14,1111,2220.5,6,0
2025-01-27T12:00:00,6,21,20,1112,1669.9,8,0
2025-01-27T13:00:00,6,14,11,1115,1674.2,8,0
2025-01-27T14:00:00,6,17,15,1117,4467.6,3,0
2025-01-27T15:00:00,6,15,12,1120,2688.2,5,0
2025-01-27T16:00:00,6,11,9,1122,1924.5,7,0
2025-01-27T17:00:00,6,0,0,1122,2244.4,6,0
2025-01-27T18:00:00,6,3,2,1123,1926.9,7,0
2025-01-27T19:00:00,6,0,2,1121,2692.1,5,0
2025-01-27T20:00:00,6,6,6,1121,2688.9,5,0
2025-01-27T21:00:00,6,1,3,1119,1677.9,8,0
2025-01-27T22:00:00,6,7,6,1120,6721.4,2,0
2025-01-27T23:00:00,6,9,6,1123,1923.9,7,0
2025-01-28T00:00:00,6,0,0,1123,1684.6,8,0
2025-01-28T01:00:00,6,4,6,1121,2242.1,6,0
2025-01-28T02:00:00,6,1,0,1122,2693.3,5,0
2025-01-28T03:00:00,6,6,5,1123,2247.9,6,0
2025-01-28T04:00:00,6,6,0,1129,2257.1,6,0
2025-01-28T05:00:00,6,3,3,1129,1937.4,7,0
2025-01-28T06:00:00,6,3,4,1128,2254.8,6,0
2025-01-28T07:00:00,6,5,5,1128,3385.0,4,0
2025-01-28T08:00:00,6,5,6,1127,2706.3,5,0
2025-01-28T09:00:00,6,13,7,1133,2720.1,5,0
2025-01-28T10:00:00,6,14,9,1138,2274.2,6,0
2025-01-28T11:00:00,6,20,13,1145,1716.9,8,0
2025-01-28T12:00:00,6,13,7,1151,4602.7,3,0
2025-01-28T13:00:00,6,15,16,1150,2299.8,6,0
2025-01-28T14:00:00,6,12,11,1151,1727.7,8,0
2025-01-28T15:00:00,6,10,9,1152,4608.3,3,0
2025-01-28T16:00:00,6,17,13,1156,3467.7,4,0
2025-01-28T17:00:00,6,0,1,1155,3464.9,4,0
2025-01-28T18:00:00,6,7,8,1154,1729.5,8,0
2025-01-28T19:00:00,6,7,5,1156,4622.4,3,0
2025-01-28T20:00:00,6,3,0,1159,1738.8,8,0
2025-01-28T21:00:00,6,0,0,1159,4634.9,3,0
2025-01-28T22:00:00,6,5,4,1160,2785.6,5,0
2025-01-28T23:00:00,6,4,4,1160,6958.9,2,0
2025-01-29T00:00:00,6,6,4,1162,2322.7,6,0
2025-01-29T01:00:00,6,0,1,1161,3483.5,4,0
2025-01-29T02:00:00,6,1,1,1161,6967.6,2,0
2025-01-29T03:00:00,6,6,6,1161,2788.3,5,0
2025-01-29T04:00:00,6,5,0,1166,1748.1,8,0
2025-01-29T05:00:00,6,4,6,1164,1995.0,7,0
2025-01-29T06:00:00,6,3,0,1167,2001.1,7,0
2025-01-29T07:00:00,6,0,0,1167,4668.8,3,0
2025-01-29T08:00:00,6,1,1,1167,4669.1,3,0
2025-01-29T09:00:00,6,9,7,1169,2340.0,6,0
2025-01-29T10:00:00,6,16,12,1173,2814.2,5,0
2025-01-29T11:00:00,6,14,11,1176,7057.0,2,0
2025-01-29T12:00:00,6,11,5,1182,1774.8,8,0
2025-01-29T13:00:00,6,17,14,1185,2029.8,7,0
2025-01-29T14:00:00,6,18,15,1188,2851.3,5,0
2025-01-29T15:00:00,6,14,13,1189,7135.3,2,0
2025-01-29T16:00:00,6,15,9,1195,1791.9,8,0
2025-01-29T17:00:00,6,0,2,1193,2861.9,5,0
2025-01-29T18:00:00,6,1,4,1190,2856.1,5,0
2025-01-29T19:00:00,6,6,5,1191,2041.8,7,0
2025-01-29T20:00:00,6,3,3,1191,2858.4,5,0
2025-01-29T21:00:00,6,4,3,1192,2862.1,5,0
2025-01-29T22:00:00,6,2,6,1188,7129.3,2,0
2025-01-29T23:00:00,6,4,2,1190,2855.2,5,0
2025-01-30T00:00:00,6,2,0,1192,2045.4,7,0
2025-01-30T01:00:00,6,5,2,1195,4779.1,3,0
2025-01-30T02:00:00,6,6,8,1193,4772.2,3,0
2025-01-30T03:00:00,6,5,5,1193,2862.5,5,0
2025-01-30T04:00:00,6,0,0,1193,3577.4,4,0
2025-01-30T05:00:00,6,5,0,1198,2395.5,6,0
2025-01-30T06:00:00,6,1,0,1199,2397.7,6,0
2025-01-30T07:00:00,6,0,0,1199,2054.6,7,0
2025-01-30T08:00:00,6,0,0,1199,4794.9,3,0
2025-01-30T09:00:00,6,17,17,1199,2396.5,6,0
2025-01-30T10:00:00,6,14,7,1206,2413.6,6,0
2025-01-30T11:00:00,6,14,14,1206,2067.8,7,0
2025-01-30T12:00:00,6,16,13,1209,4837.7,3,0
2025-01-30T13:00:00,6,15,13,1211,4844.1,3,0
2025-01-30T14:00:00,6,12,12,1211,2423.9,6,0
2025-01-30T15:00:00,6,17,13,1215,2916.8,5,0
2025-01-30T16:00:00,6,15,14,1216,2085.0,7,0
2025-01-30T17:00:00,6,3,0,1219,7315.1,2,0
2025-01-30T18:00:00,6,3,4,1218,2086.7,7,0
2025-01-30T19:00:00,6,0,2,1216,2084.7,7,0
2025-01-30T20:00:00,6,2,4,1214,2911.6,5,0
2025-01-30T21:00:00,6,10,4,1220,2089.6,7,0
2025-01-30T22:00:00,6,2,1,1221,2928.5,5,0
2025-01-30T23:00:00,6,4,1,1224,2097.7,7,0
2025-01-31T00:00:00,6,8,3,1229,2457.5,6,0
2025-01-31T01:00:00,6,5,4,1230,7380.4,2,0
2025-01-31T02:00:00,6,4,4,1230,2459.7,6,0
2025-01-31T03:00:00,6,4,2,1232,4926.5,3,0
2025-01-31T04:00:00,6,4,2,1234,3702.2,4,0
2025-01-31T05:00:00,6,4,2,1236,1854.4,8,0
2025-01-31T06:00:00,6,2,0,1238,3712.7,4,0
2025-01-31T07:00:00,6,1,0,1239,4954.5,3,0
2025-01-31T08:00:00,6,0,1,1238,1856.1,8,0
2025-01-31T09:00:00,6,11,10,1239,2122.9,7,0
2025-01-31T10:00:00,6,16,14,1241,4964.4,3,0
2025-01-31T11:00:00,6,19,14,1246,1869.3,8,0
2025-01-31T12:00:00,6,20,15,1251,3002.4,5,0
2025-01-31T13:00:00,6,17,13,1255,2152.6,7,0
2025-01-31T14:00:00,6,15,9,1261,5044.0,3,0
2025-01-31T15:00:00,6,11,8,1264,1897.3,8,0
2025-01-31T16:00:00,6,16,11,1269,2174.7,7,0
2025-01-31T17:00:00,6,1,0,1270,5078.3,3,0
2025-01-31T18:00:00,6,5,3,1272,7631.8,2,0
2025-01-31T19:00:00,6,3,3,1272,2543.8,6,0
2025-01-31T20:00:00,6,2,0,1274,3055.8,5,0
2025-01-31T21:00:00,6,1,4,1271,3814.6,4,0
2025-01-31T22:00:00,6,2,3,1270,1905.5,8,0
2025-01-31T23:00:00,6,4,1,1273,1910.1,8,0
2025-02-01T00:00:00,6,3,1,1275,1913.2,8,0
2025-02-01T01:00:00,6,8,6,1277,3065.0,5,0
2025-02-01T02:00:00,6,2,0,1279,5116.0,3,0
2025-02-01T03:00:00,6,3,6,1276,2550.9,6,0
2025-02-01T04:00:00,6,8,5,1279,1920.4,8,0
2025-02-01T05:00:00,6,8,10,1277,5108.7,3,0
2025-02-01T06:00:00,6,6,5,1278,2557.4,6,0
2025-02-01T07:00:00,6,0,0,1278,3832.7,4,0
2025-02-01T08:00:00,6,8,6,1280,7680.8,2,0
2025-02-01T09:00:00,6,11,9,1282,2195.7,7,0
2025-02-01T10:00:00,6,17,13,1286,3086.9,5,0
2025-02-01T11:00:00,6,16,13,1289,1933.0,8,0
2025-02-01T12:00:00,6,16,9,1296,5182.9,3,0
2025-02-01T13:00:00,6,18,16,1298,5190.6,3,0
2025-02-01T14:00:00,6,13,11,1300,3121.4,5,0
2025-02-01T15:00:00,6,12,6,1306,2238.4,7,0
2025-02-01T16:00:00,6,14,13,1307,5226.6,3,0
2025-02-01T17:00:00,6,0,2,1305,3916.2,4,0
2025-02-01T18:00:00,6,6,3,1308,2615.9,6,0
2025-02-01T19:00:00,6,6,4,1310,3929.3,4,0
2025-02-01T20:00:00,6,6,3,1313,1970.1,8,0
2025-02-01T21:00:00,6,3,0,1316,5263.0,3,0
2025-02-01T22:00:00,6,4,1,1319,3167.3,5,0
2025-02-01T23:00:00,6,0,1,1318,1976.3,8,0
2025-02-02T00:00:00,6,0,0,1318,2637.9,6,0
2025-02-02T01:00:00,6,0,0,1318,1976.4,8,0
2025-02-02T02:00:00,6,4,1,1321,7926.4,2,0
2025-02-02T03:00:00,6,1,4,1318,1977.9,8,0
2025-02-02T04:00:00,6,3,3,1318,3161.3,5,0
2025-02-02T05:00:00,6,7,8,1317,3951.7,4,0
2025-02-02T06:00:00,6,5,6,1316,3158.6,5,0
2025-02-02T07:00:00,6,4,0,1320,2638.8,6,0
2025-02-02T08:00:00,6,8,9,1319,2262.9,7,0
2025-02-02T09:00:00,6,11,10,1320,3166.4,5,0
2025-02-02T10:00:00,6,15,16,1319,3958.9,4,0
2025-02-02T11:00:00,6,11,7,1323,1986.2,8,0
2025-02-02T12:00:00,6,13,11,1325,5298.9,3,0
2025-02-02T13:00:00,6,16,11,1330,7978.3,2,0
2025-02-02T14:00:00,6,14,12,1332,3994.6,4,0
2025-02-02T15:00:00,6,15,11,1336,8014.1,2,0
2025-02-02T16:00:00,6,15,12,1339,5356.3,3,0
2025-02-02T17:00:00,6,9,7,1341,8044.8,2,0
2025-02-02T18:00:00,6,7,3,1345,3226.9,5,0
2025-02-02T19:00:00,6,0,0,1345,4033.7,4,0
2025-02-02T20:00:00,6,4,0,1349,2696.6,6,0
2025-02-02T21:00:00,6,3,2,1350,2025.6,8,0
2025-02-02T22:00:00,6,7,6,1351,2701.4,6,0
2025-02-02T23:00:00,6,3,1,1353,8116.5,2,0
2025-02-03T00:00:00,6,10,8,1355,2033.6,8,0
2025-02-03T01:00:00,6,0,0,1355,2323.1,7,0
2025-02-03T02:00:00,6,4,2,1357,5428.2,3,0
2025-02-03T03:00:00,6,0,3,1354,8123.8,2,0
2025-02-03T04:00:00,6,1,3,1352,2029.4,8,0
2025-02-03T05:00:00,6,5,4,1353,5410.1,3,0
2025-02-03T06:00:00,6,0,0,1353,4060.0,4,0
2025-02-03T07:00:00,6,0,0,1353,2318.1,7,0
2025-02-03T08:00:00,6,2,0,1355,2322.1,7,0
2025-02-03T09:00:00,6,10,7,1358,3257.3,5,0
2025-02-03T10:00:00,6,17,14,1361,2334.5,7,0
2025-02-03T11:00:00,6,18,13,1366,2050.3,8,0
2025-02-03T12:00:00,6,14,12,1368,8207.6,2,0
2025-02-03T13:00:00,6,18,11,1375,2061.6,8,0
2025-02-03T14:00:00,6,17,12,1380,3313.1,5,0
2025-02-03T15:00:00,6,15,14,1381,2070.5,8,0
2025-02-03T16:00:00,6,16,9,1388,3331.9,5,0
2025-02-03T17:00:00,6,3,1,1390,5559.3,3,0
2025-02-03T18:00:00,6,2,1,1391,3339.0,5,0
2025-02-03T19:00:00,6,6,1,1396,4190.0,4,0
2025-02-03T20:00:00,6,7,4,1399,8395.0,2,0
2025-02-03T21:00:00,6,8,7,1400,2799.4,6,0
2025-02-03T22:00:00,6,3,2,1401,2401.7,7,0
2025-02-03T23:00:00,6,10,4,1407,5629.6,3,0
2025-02-04T00:00:00,6,1,2,1406,3376.1,5,0
2025-02-04T01:00:00,6,2,2,1406,4217.2,4,0
2025-02-04T02:00:00,6,5,2,1409,2818.5,6,0
2025-02-04T03:00:00,6,0,0,1409,8453.1,2,0
2025-02-04T04:00:00,6,5,6,1408,3378.2,5,0
2025-02-04T05:00:00,6,4,4,1408,2414.8,7,0
2025-02-04T06:00:00,6,3,1,1410,2113.4,8,0
2025-02-04T07:00:00,6,7,11,1406,5623.4,3,0
2025-02-04T08:00:00,6,10,6,1410,3383.9,5,0
2025-02-04T09:00:00,6,16,14,1412,2422.4,7,0
2025-02-04T10:00:00,6,16,12,1416,2428.3,7,0
2025-02-04T11:00:00,6,14,10,1420,4258.8,4,0
2025-02-04T12:00:00,6,10,6,1424,4271.0,4,0
2025-02-04T13:00:00,6,8,7,1425,5701.1,3,0
2025-02-04T14:00:00,6,11,8,1428,2855.7,6,0
2025-02-04T15:00:00,6,11,11,1428,8569.2,2,0
2025-02-04T16:00:00,6,13,9,1432,2147.1,8,0
2025-02-04T17:00:00,6,9,7,1434,5736.1,3,0
2025-02-04T18:00:00,6,7,8,1433,2457.3,7,0
2025-02-04T19:00:00,6,5,1,1437,2875.7,6,0
2025-02-04T20:00:00,6,6,6,1437,4312.4,4,0
2025-02-04T21:00:00,6,5,3,1439,8632.1,2,0
2025-02-04T22:00:00,6,6,7,1438,2155.8,8,0
2025-02-04T23:00:00,6,4,1,1441,5765.6,3,0
2025-02-05T00:00:00,6,8,4,1445,8668.3,2,0
2025-02-05T01:00:00,6,3,4,1444,3463.7,5,0
2025-02-05T02:00:00,6,0,1,1443,3462.6,5,0
2025-02-05T03:00:00,6,2,0,1445,2889.2,6,0
2025-02-05T04:00:00,6,8,9,1444,2477.3,7,0
2025-02-05T05:00:00,6,5,2,1447,3472.6,5,0
2025-02-05T06:00:00,6,5,2,1450,2173.5,8,0
2025-02-05T07:00:00,6,0,0,1450,3480.3,5,0
2025-02-05T08:00:00,6,6,7,1449,5796.4,3,0
2025-02-05T09:00:00,6,13,8,1454,2181.1,8,0
2025-02-05T10:00:00,6,9,3,1460,3503.6,5,0
2025-02-05T11:00:00,6,16,11,1465,2929.3,6,0
2025-02-05T12:00:00,6,18,15,1468,2202.6,8,0
2025-02-05T13:00:00,6,16,15,1469,4406.9,4,0
2025-02-05T14:00:00,6,11,11,1469,2937.2,6,0
2025-02-05T15:00:00,6,15,10,1474,2210.6,8,0
2025-02-05T16:00:00,6,18,17,1475,3539.8,5,0
2025-02-05T17:00:00,6,6,4,1477,2531.4,7,0
2025-02-05T18:00:00,6,2,3,1476,8855.6,2,0
2025-02-05T19:00:00,6,5,2,1479,2956.4,6,0
2025-02-05T20:00:00,6,11,8,1482,2962.1,6,0
2025-02-05T21:00:00,6,4,2,1484,2226.4,8,0
2025-02-05T22:00:00,6,5,4,1485,3563.9,5,0
2025-02-05T23:00:00,6,9,6,1488,3573.0,5,0
2025-02-06T00:00:00,6,5,1,1492,2985.3,6,0
2025-02-06T01:00:00,6,3,2,1493,5972.4,3,0
2025-02-06T02:00:00,6,3,0,1496,2242.7,8,0
2025-02-06T03:00:00,6,7,3,1500,4498.1,4,0
2025-02-06T04:00:00,6,3,4,1499,2998.4,6,0
2025-02-06T05:00:00,6,3,5,1497,3593.3,5,0
2025-02-06T06:00:00,6,3,4,1496,4488.5,4,0
2025-02-06T07:00:00,6,4,2,1498,3595.8,5,0
2025-02-06T08:00:00,6,0,1,1497,2245.7,8,0
2025-02-06T09:00:00,6,12,12,1497,4489.4,4,0
2025-02-06T10:00:00,6,14,12,1499,2249.8,8,0
2025-02-06T11:00:00,6,21,18,1502,3606.5,5,0
2025-02-06T12:00:00,6,14,13,1503,3007.6,6,0
2025-02-06T13:00:00,6,16,14,1505,3011.7,6,0
2025-02-06T14:00:00,6,15,9,1511,9067.5,2,0
2025-02-06T15:00:00,6,17,15,1513,9076.8,2,0
2025-02-06T16:00:00,6,13,8,1518,3036.9,6,0
2025-02-06T17:00:00,6,5,5,1518,3037.7,6,0
2025-02-06T18:00:00,6,2,0,1520,2605.7,7,0
2025-02-06T19:00:00,6,3,0,1523,4569.5,4,0
2025-02-06T20:00:00,6,7,7,1523,2611.1,7,0
2025-02-06T21:00:00,6,6,4,1525,4576.8,4,0
2025-02-06T22:00:00,6,0,0,1525,3659.1,5,0
2025-02-06T23:00:00,6,0,0,1525,6101.8,3,0
2025-02-07T00:00:00,6,9,7,1527,2616.3,7,0
2025-02-07T01:00:00,6,3,6,1524,4570.5,4,0
2025-02-07T02:00:00,6,8,8,1524,4571.9,4,0
2025-02-07T03:00:00,6,5,5,1524,6095.1,3,0
2025-02-07T04:00:00,6,0,2,1522,6088.1,3,0
2025-02-07T05:00:00,6,6,3,1525,2287.0,8,0
2025-02-07T06:00:00,6,4,3,1526,9157.7,2,0
2025-02-07T07:00:00,6,5,5,1526,2288.5,8,0
2025-02-07T08:00:00,6,7,6,1527,6109.0,3,0
2025-02-07T09:00:00,6,7,7,1527,2617.0,7,0
2025-02-07T10:00:00,6,20,18,1529,6116.4,3,0
2025-02-07T11:00:00,6,18,13,1534,9205.6,2,0
2025-02-07T12:00:00,6,11,8,1537,3687.4,5,0
2025-02-07T13:00:00,6,10,9,1538,6152.1,3,0
2025-02-07T14:00:00,6,15,10,1543,3701.3,5,0
2025-02-07T15:00:00,6,10,5,1548,2653.7,7,0
2025-02-07T16:00:00,6,16,13,1551,3722.1,5,0
2025-02-07T17:00:00,6,0,0,1551,4653.1,4,0
2025-02-07T18:00:00,6,4,0,1555,9331.3,2,0
2025-02-07T19:00:00,6,5,3,1557,2670.4,7,0
2025-02-07T20:00:00,6,2,2,1557,9340.5,2,0
2025-02-07T21:00:00,6,4,5,1556,2335.7,8,0
2025-02-07T22:00:00,6,4,0,1560,3120.0,6,0
2025-02-07T23:00:00,6,4,4,1560,6238.0,3,0
2025-02-08T00:00:00,6,8,2,1566,4699.7,4,0
2025-02-08T01:00:00,6,3,2,1567,2687.1,7,0
2025-02-08T02:00:00,6,1,0,1568,2353.0,8,0
2025-02-08T03:00:00,6,0,0,1568,6270.7,3,0
2025-02-08T04:00:00,6,6,5,1569,3764.9,5,0
2025-02-08T05:00:00,6,0,0,1569,3137.2,6,0
2025-02-08T06:00:00,6,2,2,1569,9415.5,2,0
2025-02-08T07:00:00,6,6,4,1571,9427.4,2,0
2025-02-08T08:00:00,6,5,6,1570,3139.5,6,0
2025-02-08T09:00:00,6,12,9,1573,9439.8,2,0
2025-02-08T10:00:00,6,18,12,1579,3157.7,6,0
2025-02-08T11:00:00,6,13,12,1580,3792.8,5,0
2025-02-08T12:00:00,6,16,17,1579,2367.4,8,0
2025-02-08T13:00:00,6,14,8,1585,6339.2,3,0
2025-02-08T14:00:00,6,13,7,1591,2727.1,7,0
2025-02-08T15:00:00,6,14,14,1591,3181.9,6,0
2025-02-08T16:00:00,6,11,8,1594,2390.9,8,0
2025-02-08T17:00:00,6,2,1,1595,4786.0,4,0
2025-02-08T18:00:00,6,0,0,1595,3828.9,5,0
2025-02-08T19:00:00,6,3,3,1595,4786.0,4,0
2025-02-08T20:00:00,6,4,3,1596,2395.4,8,0
2025-02-08T21:00:00,6,1,0,1597,4792.0,4,0
2025-02-08T22:00:00,6,2,0,1599,3198.3,6,0
2025-02-08T23:00:00,6,6,8,1597,6388.0,3,0
2025-02-09T00:00:00,6,3,0,1600,2400.5,8,0
2025-02-09T01:00:00,6,0,1,1599,3196.7,6,0
2025-02-09T02:00:00,6,2,2,1599,3199.5,6,0
2025-02-09T03:00:00,6,8,8,1599,2741.4,7,0
2025-02-09T04:00:00,6,5,6,1598,3833.2,5,0
2025-02-09T05:00:00,6,6,5,1599,2743.1,7,0
2025-02-09T06:00:00,6,2,0,1601,4802.6,4,0
2025-02-09T07:00:00,6,5,4,1602,6406.2,3,0
2025-02-09T08:00:00,6,4,1,1605,2752.9,7,0
2025-02-09T09:00:00,6,15,13,1607,3215.7,6,0
2025-02-09T10:00:00,6,19,19,1607,6426.3,3,0
2025-02-09T11:00:00,6,17,12,1612,4834.4,4,0
2025-02-09T12:00:00,6,18,15,1615,3231.9,6,0
2025-02-09T13:00:00,6,14,13,1616,3879.5,5,0
2025-02-09T14:00:00,6,12,11,1617,6469.7,3,0
2025-02-09T15:00:00,6,15,9,1623,9738.7,2,0
2025-02-09T16:00:00,6,13,9,1627,4882.8,4,0
2025-02-09T17:00:00,6,0,0,1627,4881.0,4,0
2025-02-09T18:00:00,6,2,0,1629,4886.0,4,0
2025-02-09T19:00:00,6,6,4,1631,2445.0,8,0
2025-02-09T20:00:00,6,1,0,1632,4897.6,4,0
2025-02-09T21:00:00,6,1,1,1632,6528.5,3,0
2025-02-09T22:00:00,6,2,0,1634,6535.8,3,0
2025-02-09T23:00:00,6,0,0,1634,4903.1,4,0
2025-02-10T00:00:00,6,6,2,1638,3276.3,6,0
2025-02-10T01:00:00,6,6,4,1640,3935.1,5,0
2025-02-10T02:00:00,6,0,0,1640,3279.0,6,0
2025-02-10T03:00:00,6,2,0,1642,9852.8,2,0
2025-02-10T04:00:00,6,8,5,1645,6580.2,3,0
2025-02-10T05:00:00,6,6,8,1643,3945.0,5,0
2025-02-10T06:00:00,6,5,0,1648,9889.4,2,0
2025-02-10T07:00:00,6,0,1,1647,3292.3,6,0
2025-02-10T08:00:00,6,2,1,1648,3954.3,5,0
2025-02-10T09:00:00,6,14,12,1650,3299.2,6,0
2025-02-10T10:00:00,6,8,3,1655,2484.4,8,0
2025-02-10T11:00:00,6,11,9,1657,3312.7,6,0
2025-02-10T12:00:00,6,20,16,1661,4982.2,4,0
2025-02-10T13:00:00,6,14,12,1663,4990.5,4,0
2025-02-10T14:00:00,6,14,10,1667,4999.7,4,0
2025-02-10T15:00:00,6,15,12,1670,6681.8,3,0
2025-02-10T16:00:00,6,16,14,1672,4012.4,5,0
2025-02-10T17:00:00,6,5,0,1677,10062.7,2,0
2025-02-10T18:00:00,6,6,5,1678,2518.7,8,0
2025-02-10T19:00:00,6,0,0,1678,3356.5,6,0
2025-02-10T20:00:00,6,0,0,1678,4028.0,5,0
2025-02-10T21:00:00,6,4,3,1679,10072.2,2,0
2025-02-10T22:00:00,6,2,1,1680,10081.6,2,0
2025-02-10T23:00:00,6,4,3,1681,2879.9,7,0
2025-02-11T00:00:00,6,2,4,1679,10072.3,2,0
2025-02-11T01:00:00,6,3,2,1680,2519.4,8,0
2025-02-11T02:00:00,6,2,0,1682,6727.5,3,0
2025-02-11T03:00:00,6,10,9,1683,3364.2,6,0
2025-02-11T04:00:00,6,0,0,1683,3364.6,6,0
2025-02-11T05:00:00,6,1,2,1682,2883.3,7,0
2025-02-11T06:00:00,6,2,0,1684,4040.9,5,0
2025-02-11T07:00:00,6,0,1,1683,2522.9,8,0
2025-02-11T08:00:00,6,1,0,1684,4042.6,5,0
2025-02-11T09:00:00,6,10,5,1689,6754.9,3,0
2025-02-11T10:00:00,6,9,5,1693,3386.7,6,0
2025-02-11T11:00:00,6,13,10,1696,10174.8,2,0
2025-02-11T12:00:00,6,16,12,1700,2549.4,8,0
2025-02-11T13:00:00,6,18,15,1703,3407.2,6,0
2025-02-11T14:00:00,6,13,11,1705,2922.4,7,0
2025-02-11T15:00:00,6,14,11,1708,4097.2,5,0
2025-02-11T16:00:00,6,14,11,1711,6842.1,3,0
2025-02-11T17:00:00,6,6,3,1714,5142.2,4,0
2025-02-11T18:00:00,6,5,0,1719,2947.7,7,0
2025-02-11T19:00:00,6,0,0,1719,10314.6,2,0
2025-02-11T20:00:00,6,1,0,1720,2948.1,7,0
2025-02-11T21:00:00,6,5,2,1723,3445.8,6,0
2025-02-11T22:00:00,6,4,2,1725,2957.9,7,0
2025-02-11T23:00:00,6,2,1,1726,5177.4,4,0
2025-02-12T00:00:00,6,3,4,1725,5174.8,4,0
2025-02-12T01:00:00,6,4,1,1728,6914.0,3,0
2025-02-12T02:00:00,6,6,2,1732,5195.8,4,0
2025-02-12T03:00:00,6,6,1,1737,5209.9,4,0
2025-02-12T04:00:00,6,6,4,1739,3480.0,6,0
2025-02-12T05:00:00,6,2,0,1741,3480.6,6,0
2025-02-12T06:00:00,6,1,0,1742,3482.3,6,0
2025-02-12T07:00:00,6,9,8,1743,2615.5,8,0
2025-02-12T08:00:00,6,1,0,1744,2615.4,8,0
2025-02-12T09:00:00,6,15,12,1747,4192.1,5,0
2025-02-12T10:00:00,6,15,9,1753,3505.8,6,0
2025-02-12T11:00:00,6,18,11,1760,10561.3,2,0
2025-02-12T12:00:00,6,12,8,1764,5293.0,4,0
2025-02-12T13:00:00,6,13,12,1765,4237.1,5,0
2025-02-12T14:00:00,6,9,10,1764,3023.6,7,0
2025-02-12T15:00:00,6,14,10,1768,3536.9,6,0
2025-02-12T16:00:00,6,21,20,1769,4243.8,5,0
2025-02-12T17:00:00,6,9,8,1770,10618.5,2,0
2025-02-12T18:00:00,6,1,0,1771,7084.9,3,0
2025-02-12T19:00:00,6,6,6,1771,10624.2,2,0
2025-02-12T20:00:00,6,6,6,1771,3036.8,7,0
2025-02-12T21:00:00,6,0,0,1771,2658.4,8,0
2025-02-12T22:00:00,6,1,0,1772,4251.4,5,0
2025-02-12T23:00:00,6,6,3,1775,5324.3,4,0
2025-02-13T00:00:00,6,0,0,1775,7101.4,3,0
2025-02-13T01:00:00,6,4,4,1775,7101.8,3,0
2025-02-13T02:00:00,6,1,3,1773,4254.6,5,0
2025-02-13T03:00:00,6,4,3,1774,10644.0,2,0
2025-02-13T04:00:00,6,4,2,1776,4263.7,5,0
2025-02-13T05:00:00,6,5,5,1776,7104.7,3,0
2025-02-13T06:00:00,6,1,0,1777,3048.0,7,0
2025-02-13T07:00:00,6,5,1,1781,5344.3,4,0
2025-02-13T08:00:00,6,0,0,1781,10687.0,2,0
2025-02-13T09:00:00,6,16,9,1788,4289.6,5,0
2025-02-13T10:00:00,6,12,9,1791,2688.4,8,0
2025-02-13T11:00:00,6,11,9,1793,10756.8,2,0
2025-02-13T12:00:00,6,16,15,1794,10765.5,2,0
2025-02-13T13:00:00,6,16,14,1796,10774.9,2,0
2025-02-13T14:00:00,6,14,13,1797,10782.6,2,0
2025-02-13T15:00:00,6,14,12,1799,3596.3,6,0
2025-02-13T16:00:00,6,24,20,1803,7211.9,3,0
2025-02-13T17:00:00,6,5,3,1805,2705.9,8,0
2025-02-13T18:00:00,6,7,6,1806,3610.3,6,0
2025-02-13T19:00:00,6,6,5,1807,5422.7,4,0
2025-02-13T20:00:00,6,6,4,1809,2711.7,8,0
2025-02-13T21:00:00,6,5,2,1812,5434.1,4,0
2025-02-13T22:00:00,6,0,2,1810,10861.9,2,0
2025-02-13T23:00:00,6,6,5,1811,2716.5,8,0
2025-02-14T00:00:00,6,3,0,1814,4355.4,5,0
2025-02-14T01:00:00,6,8,6,1816,3112.2,7,0
2025-02-14T02:00:00,6,2,1,1817,7266.4,3,0
2025-02-14T03:00:00,6,1,0,1818,10908.0,2,0
2025-02-14T04:00:00,6,2,0,1820,5459.5,4,0
2025-02-14T05:00:00,6,0,0,1820,3121.1,7,0
2025-02-14T06:00:00,6,1,0,1821,4370.6,5,0
2025-02-14T07:00:00,6,6,2,1825,3126.8,7,0
2025-02-14T08:00:00,6,4,5,1824,3649.1,6,0
2025-02-14T09:00:00,6,17,13,1828,3135.0,7,0
2025-02-14T10:00:00,6,17,11,1834,5503.1,4,0
2025-02-14T11:00:00,6,10,8,1836,11014.2,2,0
2025-02-14T12:00:00,6,15,11,1840,7360.9,3,0
2025-02-14T13:00:00,6,13,10,1843,7372.1,3,0
2025-02-14T14:00:00,6,15,13,1845,11069.7,2,0
2025-02-14T15:00:00,6,17,12,1850,11099.1,2,0
2025-02-14T16:00:00,6,14,11,1853,3178.5,7,0
2025-02-14T17:00:00,6,0,0,1853,7410.8,3,0
2025-02-14T18:00:00,6,5,5,1853,11119.1,2,0
2025-02-14T19:00:00,6,1,3,1851,2776.9,8,0
2025-02-14T20:00:00,6,10,8,1853,2780.4,8,0
2025-02-14T21:00:00,6,1,0,1854,3707.1,6,0
2025-02-14T22:00:00,6,1,1,1854,5562.4,4,0
2025-02-14T23:00:00,6,0,0,1854,5563.5,4,0
2025-02-15T00:00:00,6,2,0,1856,3181.4,7,0
2025-02-15T01:00:00,6,0,1,1855,7420.2,3,0
2025-02-15T02:00:00,6,1,2,1854,7414.8,3,0
2025-02-15T03:00:00,6,7,6,1855,2781.9,8,0
2025-02-15T04:00:00,6,5,3,1857,3713.5,6,0
2025-02-15T05:00:00,6,1,0,1858,3715.5,6,0
2025-02-15T06:00:00,6,5,4,1859,3716.3,6,0
2025-02-15T07:00:00,6,5,2,1862,3190.6,7,0
2025-02-15T08:00:00,6,9,7,1864,3727.2,6,0
2025-02-15T09:00:00,6,14,13,1865,7460.5,3,0
2025-02-15T10:00:00,6,14,13,1866,5596.8,4,0
2025-02-15T11:00:00,6,14,13,1867,11200.2,2,0
2025-02-15T12:00:00,6,15,7,1875,7500.0,3,0
2025-02-15T13:00:00,6,14,12,1877,7507.1,3,0
2025-02-15T14:00:00,6,10,5,1882,5645.8,4,0
2025-02-15T15:00:00,6,16,13,1885,3230.4,7,0
2025-02-15T16:00:00,6,16,9,1892,11353.0,2,0
2025-02-15T17:00:00,6,4,1,1895,2841.8,8,0
2025-02-15T18:00:00,6,7,9,1893,2841.3,8,0
2025-02-15T19:00:00,6,3,2,1894,2842.0,8,0
2025-02-15T20:00:00,6,2,2,1894,3248.4,7,0
2025-02-15T21:00:00,6,3,0,1897,2845.5,8,0
2025-02-15T22:00:00,6,5,2,1900,3257.8,7,0
2025-02-15T23:00:00,6,4,5,1899,3256.1,7,0
2025-02-16T00:00:00,6,6,3,1902,2853.9,8,0
2025-02-16T01:00:00,6,6,4,1904,7615.4,3,0
2025-02-16T02:00:00,6,8,5,1907,4577.1,5,0
2025-02-16T03:00:00,6,0,3,1904,5710.6,4,0
2025-02-16T04:00:00,6,4,0,1908,11446.8,2,0
2025-02-16T05:00:00,6,4,1,1911,2864.7,8,0
2025-02-16T06:00:00,6,3,6,1908,2862.6,8,0
2025-02-16T07:00:00,6,3,2,1909,5727.9,4,0
2025-02-16T08:00:00,6,2,0,1911,3820.9,6,0
2025-02-16T09:00:00,6,18,15,1914,3279.8,7,0
2025-02-16T10:00:00,6,13,11,1916,2875.9,8,0
2025-02-16T11:00:00,6,12,10,1918,3288.7,7,0
2025-02-16T12:00:00,6,19,19,1918,4604.6,5,0
2025-02-16T13:00:00,6,9,8,1919,11513.3,2,0
2025-02-16T14:00:00,6,16,12,1923,4614.1,5,0
2025-02-16T15:00:00,6,14,15,1922,4612.6,5,0
2025-02-16T16:00:00,6,13,12,1923,4617.0,5,0
2025-02-16T17:00:00,6,3,0,1926,3301.4,7,0
2025-02-16T18:00:00,6,7,3,1930,7721.2,3,0
2025-02-16T19:00:00,6,7,7,1930,2893.5,8,0
2025-02-16T20:00:00,6,2,0,1932,11591.0,2,0
2025-02-16T21:00:00,6,8,4,1936,3318.4,7,0
2025-02-16T22:00:00,6,2,2,1936,4644.4,5,0
2025-02-16T23:00:00,6,7,8,1935,3317.6,7,0
2025-02-17T00:00:00,6,5,5,1935,11611.3,2,0
2025-02-17T01:00:00,6,1,0,1936,11616.0,2,0
2025-02-17T02:00:00,6,5,4,1937,4650.0,5,0
2025-02-17T03:00:00,6,5,5,1937,4650.2,5,0
2025-02-17T04:00:00,6,7,3,1941,5821.2,4,0
2025-02-17T05:00:00,6,6,6,1941,3327.5,7,0
2025-02-17T06:00:00,6,0,1,1940,5819.9,4,0
2025-02-17T07:00:00,6,2,5,1937,3875.8,6,0
2025-02-17T08:00:00,6,3,0,1940,3327.1,7,0
2025-02-17T09:00:00,6,16,12,1944,11664.0,2,0
2025-02-17T10:00:00,6,18,15,1947,3339.0,7,0
2025-02-17T11:00:00,6,13,9,1951,5851.9,4,0
2025-02-17T12:00:00,6,13,11,1953,7810.7,3,0
2025-02-17T13:00:00,6,14,10,1957,7829.4,3,0
2025-02-17T14:00:00,6,18,15,1960,4702.3,5,0
2025-02-17T15:00:00,6,11,9,1962,3924.4,6,0
2025-02-17T16:00:00,6,15,13,1964,7856.9,3,0
2025-02-17T17:00:00,6,2,0,1966,3933.0,6,0
2025-02-17T18:00:00,6,0,0,1966,3932.6,6,0
2025-02-17T19:00:00,6,7,5,1968,5904.7,4,0
2025-02-17T20:00:00,6,3,4,1967,4722.6,5,0
2025-02-17T21:00:00,6,5,2,1970,3940.3,6,0
2025-02-17T22:00:00,6,1,1,1970,11820.5,2,0
2025-02-17T23:00:00,6,2,2,1970,7881.1,3,0
2025-02-18T00:00:00,6,1,3,1968,2951.8,8,0
2025-02-18T01:00:00,6,2,0,1970,3938.6,6,0
2025-02-18T02:00:00,6,5,4,1971,2955.5,8,0
2025-02-18T03:00:00,6,3,0,1974,2962.6,8,0
2025-02-18T04:00:00,6,0,0,1974,3385.4,7,0
2025-02-18T05:00:00,6,3,0,1977,11862.4,2,0
2025-02-18T06:00:00,6,7,5,1979,3393.6,7,0
2025-02-18T07:00:00,6,0,5,1974,5921.3,4,0
2025-02-18T08:00:00,6,7,4,1977,4744.3,5,0
2025-02-18T09:00:00,6,14,11,1980,3394.1,7,0
2025-02-18T10:00:00,6,11,7,1984,2977.8,8,0
2025-02-18T11:00:00,6,13,9,1988,3408.7,7,0
2025-02-18T12:00:00,6,17,16,1989,3979.9,6,0
2025-02-18T13:00:00,6,20,14,1995,4786.0,5,0
2025-02-18T14:00:00,6,16,12,1999,5998.3,4,0
2025-02-18T15:00:00,6,15,12,2002,4003.0,6,0
2025-02-18T16:00:00,6,10,7,2005,3439.1,7,0
2025-02-18T17:00:00,6,7,8,2004,4007.1,6,0
2025-02-18T18:00:00,6,2,5,2001,3428.4,7,0
2025-02-18T19:00:00,6,9,6,2004,3007.0,8,0
2025-02-18T20:00:00,6,6,5,2005,6014.4,4,0
2025-02-18T21:00:00,6,2,2,2005,4011.1,6,0
2025-02-18T22:00:00,6,6,5,2006,6017.3,4,0
2025-02-18T23:00:00,6,1,0,2007,3440.8,7,0
2025-02-19T00:00:00,6,0,1,2006,4815.3,5,0
2025-02-19T01:00:00,6,3,4,2005,6014.5,4,0
2025-02-19T02:00:00,6,6,4,2007,6021.9,4,0
2025-02-19T03:00:00,6,1,2,2006,4813.0,5,0
2025-02-19T04:00:00,6,5,4,2007,6022.5,4,0
2025-02-19T05:00:00,6,2,0,2009,6025.7,4,0
2025-02-19T06:00:00,6,2,0,2011,6033.7,4,0
2025-02-19T07:00:00,6,7,4,2014,4028.2,6,0
2025-02-19T08:00:00,6,0,0,2014,12082.3,2,0
2025-02-19T09:00:00,6,14,11,2017,3458.7,7,0
2025-02-19T10:00:00,6,10,9,2018,3029.0,8,0
2025-02-19T11:00:00,6,11,5,2024,4047.9,6,0
2025-02-19T12:00:00,6,8,3,2029,4869.9,5,0
2025-02-19T13:00:00,6,6,0,2035,12211.3,2,0
2025-02-19T14:00:00,6,12,7,2040,3498.4,7,0
2025-02-19T15:00:00,6,17,17,2040,4078.0,6,0
2025-02-19T16:00:00,6,15,11,2044,4905.8,5,0
2025-02-19T17:00:00,6,0,1,2043,6129.2,4,0
2025-02-19T18:00:00,6,4,0,2047,4912.4,5,0
2025-02-19T19:00:00,6,5,4,2048,4914.0,5,0
2025-02-19T20:00:00,6,0,1,2047,12281.0,2,0
2025-02-19T21:00:00,6,1,0,2048,12287.0,2,0
2025-02-19T22:00:00,6,0,0,2048,12288.6,2,0
2025-02-19T23:00:00,6,6,3,2051,3077.7,8,0
2025-02-20T00:00:00,6,4,1,2054,3520.1,7,0
2025-02-20T01:00:00,6,5,1,2058,3527.6,7,0
2025-02-20T02:00:00,6,1,0,2059,4940.3,5,0
2025-02-20T03:00:00,6,3,4,2058,3085.6,8,0
2025-02-20T04:00:00,6,0,0,2058,4937.7,5,0
2025-02-20T05:00:00,6,10,6,2062,4946.9,5,0
2025-02-20T06:00:00,6,5,0,2067,3544.4,7,0
2025-02-20T07:00:00,6,7,5,2069,8276.4,3,0
2025-02-20T08:00:00,6,3,2,2070,12420.3,2,0
2025-02-20T09:00:00,6,17,14,2073,6218.3,4,0
2025-02-20T10:00:00,6,11,7,2077,3559.9,7,0
2025-02-20T11:00:00,6,11,7,2081,12484.6,2,0
2025-02-20T12:00:00,6,13,10,2084,8336.1,3,0
2025-02-20T13:00:00,6,11,7,2088,5011.1,5,0
2025-02-20T14:00:00,6,20,17,2091,4181.4,6,0
2025-02-20T15:00:00,6,15,14,2092,6277.3,4,0
2025-02-20T16:00:00,6,21,17,2096,5030.6,5,0
2025-02-20T17:00:00,6,2,2,2096,3142.6,8,0
2025-02-20T18:00:00,6,2,0,2098,3148.2,8,0
2025-02-20T19:00:00,6,5,2,2101,4200.5,6,0
2025-02-20T20:00:00,6,0,0,2101,3602.6,7,0
2025-02-20T21:00:00,6,0,0,2101,6304.7,4,0
2025-02-20T22:00:00,6,3,1,2103,4207.1,6,0
2025-02-20T23:00:00,6,6,4,2105,3158.5,8,0
2025-02-21T00:00:00,6,5,0,2110,6330.7,4,0
2025-02-21T01:00:00,6,10,8,2112,4224.9,6,0
2025-02-21T02:00:00,6,4,6,2110,3165.4,8,0
2025-02-21T03:00:00,6,6,4,2112,8448.8,3,0
2025-02-21T04:00:00,6,4,0,2116,5079.2,5,0
2025-02-21T05:00:00,6,5,1,2120,12718.2,2,0
2025-02-21T06:00:00,6,4,4,2120,4239.7,6,0
2025-02-21T07:00:00,6,0,0,2120,5089.3,5,0
2025-02-21T08:00:00,6,5,6,2119,8475.0,3,0
2025-02-21T09:00:00,6,14,10,2123,6368.8,4,0
2025-02-21T10:00:00,6,17,11,2129,6386.2,4,0
2025-02-21T11:00:00,6,18,16,2131,3652.5,7,0
2025-02-21T12:00:00,6,15,12,2134,6400.6,4,0
2025-02-21T13:00:00,6,12,6,2140,4281.0,6,0
2025-02-21T14:00:00,6,13,11,2142,5142.2,5,0
2025-02-21T15:00:00,6,15,11,2146,3678.0,7,0
2025-02-21T16:00:00,6,16,9,2153,3691.6,7,0
2025-02-21T17:00:00,6,5,3,2155,4309.0,6,0
2025-02-21T18:00:00,6,6,2,2159,8636.2,3,0
2025-02-21T19:00:00,6,3,3,2159,8637.6,3,0
2025-02-21T20:00:00,6,9,8,2160,5182.1,5,0
2025-02-21T21:00:00,6,6,5,2161,5185.7,5,0
2025-02-21T22:00:00,6,4,7,2158,6472.0,4,0
2025-02-21T23:00:00,6,5,0,2163,12978.0,2,0
2025-02-22T00:00:00,6,5,3,2165,6496.8,4,0
2025-02-22T01:00:00,6,7,4,2168,3714.9,7,0
2025-02-22T02:00:00,6,2,0,2170,3253.5,8,0
2025-02-22T03:00:00,6,2,0,2172,13033.1,2,0
2025-02-22T04:00:00,6,3,2,2173,4345.9,6,0
2025-02-22T05:00:00,6,3,0,2176,13057.2,2,0
2025-02-22T06:00:00,6,5,5,2176,3263.2,8,0
2025-02-22T07:00:00,6,1,2,2175,8699.8,3,0
2025-02-22T08:00:00,6,1,0,2176,3264.9,8,0
2025-02-22T09:00:00,6,15,7,2184,13102.7,2,0
2025-02-22T10:00:00,6,16,12,2188,3751.4,7,0
2025-02-22T11:00:00,6,14,12,2190,5254.2,5,0
2025-02-22T12:00:00,6,16,11,2195,13171.2,2,0
2025-02-22T13:00:00,6,15,10,2200,3772.0,7,0
2025-02-22T14:00:00,6,14,9,2205,5292.3,5,0
2025-02-22T15:00:00,6,11,7,2209,5302.3,5,0
2025-02-22T16:00:00,6,15,10,2214,5314.3,5,0
2025-02-22T17:00:00,6,2,0,2216,13296.9,2,0
2025-02-22T18:00:00,6,3,6,2213,3317.8,8,0
2025-02-22T19:00:00,6,4,7,2210,13260.2,2,0
2025-02-22T20:00:00,6,2,0,2212,4423.4,6,0
2025-02-22T21:00:00,6,9,6,2215,4431.0,6,0
2025-02-22T22:00:00,6,6,3,2218,5324.8,5,0
2025-02-22T23:00:00,6,1,4,2215,6645.9,4,0
2025-02-23T00:00:00,6,4,2,2217,13303.9,2,0
2025-02-23T01:00:00,6,1,0,2218,4434.8,6,0
2025-02-23T02:00:00,6,0,0,2218,4436.9,6,0
2025-02-23T03:00:00,6,0,3,2215,13291.9,2,0
2025-02-23T04:00:00,6,5,2,2218,3328.4,8,0
2025-02-23T05:00:00,6,3,1,2220,8879.4,3,0
2025-02-23T06:00:00,6,0,0,2220,13321.6,2,0
2025-02-23T07:00:00,6,4,2,2222,4444.8,6,0
2025-02-23T08:00:00,6,0,1,2221,4441.9,6,0
2025-02-23T09:00:00,6,16,16,2221,5329.5,5,0
2025-02-23T10:00:00,6,11,7,2225,13348.6,2,0
2025-02-23T11:00:00,6,16,12,2229,4456.4,6,0
2025-02-23T12:00:00,6,12,11,2230,5352.8,5,0
2025-02-23T13:00:00,6,15,12,2233,8931.6,3,0
2025-02-23T14:00:00,6,15,11,2237,13420.7,2,0
2025-02-23T15:00:00,6,18,16,2239,4478.2,6,0
2025-02-23T16:00:00,6,15,9,2245,4490.7,6,0
2025-02-23T17:00:00,6,3,2,2246,4493.2,6,0
2025-02-23T18:00:00,6,6,8,2244,3845.8,7,0
2025-02-23T19:00:00,6,1,1,2244,4487.2,6,0
2025-02-23T20:00:00,6,2,3,2243,6729.1,4,0
2025-02-23T21:00:00,6,2,3,2242,13451.3,2,0
2025-02-23T22:00:00,6,6,5,2243,6727.1,4,0
2025-02-23T23:00:00,6,5,5,2243,5383.6,5,0
2025-02-24T00:00:00,6,0,0,2243,6728.7,4,0
2025-02-24T01:00:00,6,3,2,2244,4487.1,6,0
2025-02-24T02:00:00,6,7,3,2248,8990.9,3,0
2025-02-24T03:00:00,6,2,5,2245,4489.2,6,0
2025-02-24T04:00:00,6,2,0,2247,4492.4,6,0
2025-02-24T05:00:00,6,8,5,2250,13500.0,2,0
2025-02-24T06:00:00,6,8,7,2251,5403.1,5,0
2025-02-24T07:00:00,6,2,1,2252,3858.9,7,0
2025-02-24T08:00:00,6,3,5,2250,3373.9,8,0
2025-02-24T09:00:00,6,10,9,2251,3378.3,8,0
2025-02-24T10:00:00,6,12,8,2255,3382.7,8,0
2025-02-24T11:00:00,6,18,12,2261,6782.9,4,0
2025-02-24T12:00:00,6,11,9,2263,9052.1,3,0
2025-02-24T13:00:00,6,15,12,2266,13595.7,2,0
2025-02-24T14:00:00,6,22,18,2270,3893.2,7,0
2025-02-24T15:00:00,6,14,11,2273,5456.8,5,0
2025-02-24T16:00:00,6,21,15,2279,4559.1,6,0
2025-02-24T17:00:00,6,0,0,2279,4557.4,6,0
2025-02-24T18:00:00,6,7,6,2280,5471.5,5,0
2025-02-24T19:00:00,6,5,4,2281,3423.0,8,0
2025-02-24T20:00:00,6,2,0,2283,4564.4,6,0
2025-02-24T21:00:00,6,4,2,2285,3918.5,7,0
2025-02-24T22:00:00,6,7,7,2285,3428.1,8,0
2025-02-24T23:00:00,6,9,4,2290,3435.4,8,0
2025-02-25T00:00:00,6,5,4,2291,4581.0,6,0
2025-02-25T01:00:00,6,9,5,2295,9181.2,3,0
2025-02-25T02:00:00,6,1,0,2296,4592.3,6,0
2025-02-25T03:00:00,6,0,1,2295,3934.3,7,0
2025-02-25T04:00:00,6,0,0,2295,4590.9,6,0
2025-02-25T05:00:00,6,3,4,2294,4586.2,6,0
2025-02-25T06:00:00,6,5,4,2295,9178.5,3,0
2025-02-25T07:00:00,6,6,4,2297,13783.9,2,0
2025-02-25T08:00:00,6,0,0,2297,4592.3,6,0
2025-02-25T09:00:00,6,15,12,2300,9201.1,3,0
2025-02-25T10:00:00,6,15,13,2302,4604.9,6,0
2025-02-25T11:00:00,6,10,5,2307,3460.7,8,0
2025-02-25T12:00:00,6,9,7,2309,5540.9,5,0
2025-02-25T13:00:00,6,14,15,2308,4614.4,6,0
2025-02-25T14:00:00,6,14,11,2311,3466.7,8,0
2025-02-25T15:00:00,6,10,7,2314,9256.3,3,0
2025-02-25T16:00:00,6,17,10,2321,5571.2,5,0
2025-02-25T17:00:00,6,4,4,2321,13924.9,2,0
2025-02-25T18:00:00,6,1,0,2322,9288.1,3,0
2025-02-25T19:00:00,6,5,7,2320,5568.6,5,0
2025-02-25T20:00:00,6,3,0,2323,3485.2,8,0
2025-02-25T21:00:00,6,6,8,2321,13926.4,2,0
2025-02-25T22:00:00,6,4,3,2322,6965.5,4,0
2025-02-25T23:00:00,6,2,0,2324,5576.7,5,0
2025-02-26T00:00:00,6,7,4,2327,4655.2,6,0
2025-02-26T01:00:00,6,3,2,2328,3991.4,7,0
2025-02-26T02:00:00,6,3,3,2328,6985.1,4,0
2025-02-26T03:00:00,6,4,3,2329,3492.0,8,0
2025-02-26T04:00:00,6,0,0,2329,5589.3,5,0
2025-02-26T05:00:00,6,0,0,2329,4658.8,6,0
2025-02-26T06:00:00,6,0,4,2325,4649.6,6,0
2025-02-26T07:00:00,6,0,0,2325,5581.0,5,0
2025-02-26T08:00:00,6,5,1,2329,3990.7,7,0
2025-02-26T09:00:00,6,13,8,2334,9337.3,3,0
2025-02-26T10:00:00,6,15,13,2336,4672.8,6,0
2025-02-26T11:00:00,6,15,9,2342,4013.6,7,0
2025-02-26T12:00:00,6,13,10,2345,9379.3,3,0
2025-02-26T13:00:00,6,17,13,2349,5638.6,5,0
2025-02-26T14:00:00,6,15,13,2351,5643.4,5,0
2025-02-26T15:00:00,6,7,5,2353,5645.3,5,0
2025-02-26T16:00:00,6,24,18,2359,9436.8,3,0
2025-02-26T17:00:00,6,4,4,2359,4044.2,7,0
2025-02-26T18:00:00,6,1,0,2360,14161.8,2,0
2025-02-26T19:00:00,6,5,4,2361,4046.2,7,0
2025-02-26T20:00:00,6,7,4,2364,3546.8,8,0
2025-02-26T21:00:00,6,5,2,2367,14200.3,2,0
2025-02-26T22:00:00,6,3,1,2369,14215.3,2,0
2025-02-26T23:00:00,6,9,6,2372,7116.5,4,0
2025-02-27T00:00:00,6,8,8,2372,14231.8,2,0
2025-02-27T01:00:00,6,3,3,2372,7117.9,4,0
2025-02-27T02:00:00,6,8,3,2377,9506.2,3,0
2025-02-27T03:00:00,6,5,0,2382,9529.8,3,0
2025-02-27T04:00:00,6,4,4,2382,5716.4,5,0
2025-02-27T05:00:00,6,3,0,2385,7153.8,4,0
2025-02-27T06:00:00,6,0,0,2385,5724.7,5,0
2025-02-27T07:00:00,6,0,2,2383,9533.0,3,0
2025-02-27T08:00:00,6,4,4,2383,14297.8,2,0
2025-02-27T09:00:00,6,11,4,2390,7171.9,4,0
2025-02-27T10:00:00,6,15,13,2392,5741.6,5,0
2025-02-27T11:00:00,6,12,11,2393,4786.8,6,0
2025-02-27T12:00:00,6,12,8,2397,7192.1,4,0
2025-02-27T13:00:00,6,16,15,2398,4111.3,7,0
2025-02-27T14:00:00,6,12,8,2402,7204.1,4,0
2025-02-27T15:00:00,6,18,14,2406,7218.9,4,0
2025-02-27T16:00:00,6,13,9,2410,5782.4,5,0
2025-02-27T17:00:00,6,5,5,2410,14459.7,2,0
2025-02-27T18:00:00,6,4,6,2408,14449.7,2,0
2025-02-27T19:00:00,6,8,8,2408,7222.0,4,0
2025-02-27T20:00:00,6,7,3,2412,7235.6,4,0
2025-02-27T21:00:00,6,0,2,2410,5782.9,5,0
2025-02-27T22:00:00,6,0,0,2410,4820.4,6,0
2025-02-27T23:00:00,6,7,8,2409,3611.8,8,0
2025-02-28T00:00:00,6,2,1,2410,4133.0,7,0
2025-02-28T01:00:00,6,2,0,2412,3617.4,8,0
2025-02-28T02:00:00,6,6,5,2413,3620.1,8,0
2025-02-28T03:00:00,6,0,0,2413,4137.2,7,0
2025-02-28T04:00:00,6,0,1,2412,7236.9,4,0
2025-02-28T05:00:00,6,0,1,2411,14464.4,2,0
2025-02-28T06:00:00,6,0,0,2411,5786.7,5,0
2025-02-28T07:00:00,6,1,0,2412,4825.8,6,0
2025-02-28T08:00:00,6,7,3,2416,4832.0,6,0
2025-02-28T09:00:00,6,11,11,2416,4830.8,6,0
2025-02-28T10:00:00,6,18,15,2419,5804.0,5,0
2025-02-28T11:00:00,6,19,15,2423,7267.4,4,0
2025-02-28T12:00:00,6,17,15,2425,14548.1,2,0
2025-02-28T13:00:00,6,14,10,2429,7285.8,4,0
2025-02-28T14:00:00,6,16,15,2430,3643.5,8,0
2025-02-28T15:00:00,6,15,12,2433,7298.7,4,0
2025-02-28T16:00:00,6,8,5,2436,14617.8,2,0
2025-02-28T17:00:00,6,9,9,2436,4176.9,7,0
2025-02-28T18:00:00,6,4,7,2433,7299.7,4,0
2025-02-28T19:00:00,6,5,2,2436,4870.8,6,0
2025-02-28T20:00:00,6,8,5,2439,4181.5,7,0
2025-02-28T21:00:00,6,5,2,2442,9769.7,3,0
2025-02-28T22:00:00,6,8,2,2448,4195.4,7,0
2025-02-28T23:00:00,6,1,0,2449,4897.3,6,0
2025-03-01T00:00:00,6,5,2,2452,5883.6,5,0
2025-03-01T01:00:00,6,6,3,2455,4207.9,7,0
2025-03-01T02:00:00,6,11,7,2459,9837.3,3,0
2025-03-01T03:00:00,6,0,0,2459,14753.6,2,0
2025-03-01T04:00:00,6,7,3,2463,9850.2,3,0
2025-03-01T05:00:00,6,2,0,2465,7396.2,4,0
2025-03-01T06:00:00,6,0,0,2465,9859.7,3,0
2025-03-01T07:00:00,6,12,12,2465,3695.6,8,0
2025-03-01T08:00:00,6,3,0,2468,7403.6,4,0
2025-03-01T09:00:00,6,12,8,2472,3709.4,8,0
2025-03-01T10:00:00,6,10,9,2473,9893.1,3,0
2025-03-01T11:00:00,6,17,12,2478,4246.6,7,0
2025-03-01T12:00:00,6,17,11,2484,4967.7,6,0
2025-03-01T13:00:00,6,19,14,2489,7466.3,4,0
2025-03-01T14:00:00,6,17,12,2494,14962.4,2,0
2025-03-01T15:00:00,6,10,5,2499,4997.6,6,0
2025-03-01T16:00:00,6,15,13,2501,10006.0,3,0
2025-03-01T17:00:00,6,3,0,2504,10017.0,3,0
2025-03-01T18:00:00,6,4,4,2504,6008.6,5,0
2025-03-01T19:00:00,6,4,0,2508,6017.4,5,0
2025-03-01T20:00:00,6,4,1,2511,6025.8,5,0
2025-03-01T21:00:00,6,1,2,2510,5019.6,6,0
2025-03-01T22:00:00,6,0,0,2510,5019.4,6,0
2025-03-01T23:00:00,6,6,4,2512,10049.1,3,0
2025-03-02T00:00:00,6,2,3,2511,15064.7,2,0
2025-03-02T01:00:00,6,4,1,2514,4308.6,7,0
2025-03-02T02:00:00,6,0,0,2514,7543.3,4,0
2025-03-02T03:00:00,6,2,0,2516,5033.5,6,0
2025-03-02T04:00:00,6,0,0,2516,6037.1,5,0
2025-03-02T05:00:00,6,2,0,2518,3777.8,8,0
2025-03-02T06:00:00,6,4,2,2520,3779.4,8,0
2025-03-02T07:00:00,6,5,0,2525,15150.0,2,0
2025-03-02T08:00:00,6,4,3,2526,10104.1,3,0
2025-03-02T09:00:00,6,12,11,2527,3792.1,8,0
2025-03-02T10:00:00,6,21,19,2529,10115.7,3,0
2025-03-02T11:00:00,6,18,15,2532,5064.5,6,0
2025-03-02T12:00:00,6,16,12,2536,4348.7,7,0
2025-03-02T13:00:00,6,15,10,2541,15244.7,2,0
2025-03-02T14:00:00,6,16,10,2547,6111.8,5,0
2025-03-02T15:00:00,6,17,16,2548,3823.9,8,0
2025-03-02T16:00:00,6,9,7,2550,15298.3,2,0
2025-03-02T17:00:00,6,3,3,2550,7650.7,4,0
2025-03-02T18:00:00,6,1,0,2551,3825.1,8,0
2025-03-02T19:00:00,6,12,6,2557,4382.7,7,0
2025-03-02T20:00:00,6,0,0,2557,6136.8,5,0
2025-03-02T21:00:00,6,4,0,2561,4390.8,7,0
2025-03-02T22:00:00,6,4,1,2564,6152.2,5,0
2025-03-02T23:00:00,6,7,5,2566,15397.5,2,0
2025-03-03T00:00:00,6,9,9,2566,4399.6,7,0
2025-03-03T01:00:00,6,9,6,2569,3854.9,8,0
2025-03-03T02:00:00,6,10,10,2569,5136.9,6,0
2025-03-03T03:00:00,6,5,3,2571,4406.6,7,0
2025-03-03T04:00:00,6,3,2,2572,7714.4,4,0
2025-03-03T05:00:00,6,1,0,2573,7718.9,4,0
2025-03-03T06:00:00,6,3,0,2576,7729.9,4,0
2025-03-03T07:00:00,6,8,5,2579,10316.8,3,0
2025-03-03T08:00:00,6,2,1,2580,3868.3,8,0
2025-03-03T09:00:00,6,13,9,2584,3875.4,8,0
2025-03-03T10:00:00,6,18,14,2588,10350.8,3,0
2025-03-03T11:00:00,6,15,12,2591,15547.3,2,0
2025-03-03T12:00:00,6,15,14,2592,7774.5,4,0
2025-03-03T13:00:00,6,15,15,2592,10367.7,3,0
2025-03-03T14:00:00,6,12,9,2595,5191.8,6,0
2025-03-03T15:00:00,6,18,20,2593,15559.2,2,0
2025-03-03T16:00:00,6,15,13,2595,3892.4,8,0
2025-03-03T17:00:00,6,7,6,2596,7790.0,4,0
2025-03-03T18:00:00,6,3,1,2598,15589.1,2,0
2025-03-03T19:00:00,6,4,5,2597,5194.2,6,0
2025-03-03T20:00:00,6,4,4,2597,7789.7,4,0
2025-03-03T21:00:00,6,7,6,2598,7795.2,4,0
2025-03-03T22:00:00,6,0,3,2595,7784.2,4,0
2025-03-03T23:00:00,6,3,0,2598,7794.2,4,0
2025-03-04T00:00:00,6,10,11,2597,10387.1,3,0
2025-03-04T01:00:00,6,5,2,2600,15598.3,2,0
2025-03-04T02:00:00,6,0,1,2599,15594.5,2,0
2025-03-04T03:00:00,6,1,2,2598,7794.7,4,0
2025-03-04T04:00:00,6,0,0,2598,4453.4,7,0
2025-03-04T05:00:00,6,5,4,2599,6239.0,5,0
2025-03-04T06:00:00,6,9,4,2604,7813.3,4,0
2025-03-04T07:00:00,6,5,0,2609,6263.2,5,0
2025-03-04T08:00:00,6,2,0,2611,7831.5,4,0
2025-03-04T09:00:00,6,18,13,2616,5231.4,6,0
2025-03-04T10:00:00,6,14,10,2620,7859.9,4,0
2025-03-04T11:00:00,6,16,9,2627,10509.8,3,0
2025-03-04T12:00:00,6,14,12,2629,6311.0,5,0
2025-03-04T13:00:00,6,11,6,2634,5266.9,6,0
2025-03-04T14:00:00,6,12,9,2637,5273.6,6,0
2025-03-04T15:00:00,6,11,6,2642,10567.5,3,0
2025-03-04T16:00:00,6,14,8,2648,7945.8,4,0
2025-03-04T17:00:00,6,2,0,2650,10598.4,3,0
2025-03-04T18:00:00,6,9,9,2650,10598.3,3,0
2025-03-04T19:00:00,6,4,1,2653,10612.1,3,0
2025-03-04T20:00:00,6,9,7,2655,5309.9,6,0
2025-03-04T21:00:00,6,9,8,2656,15935.1,2,0
2025-03-04T22:00:00,6,7,5,2658,4557.6,7,0
2025-03-04T23:00:00,6,5,5,2658,10633.9,3,0
2025-03-05T00:00:00,6,7,5,2660,10641.2,3,0
2025-03-05T01:00:00,6,3,4,2659,6383.3,5,0
2025-03-05T02:00:00,6,2,0,2661,7981.0,4,0
2025-03-05T03:00:00,6,4,2,2663,3994.6,8,0
2025-03-05T04:00:00,6,6,6,2663,5326.6,6,0
2025-03-05T05:00:00,6,1,2,2662,7986.9,4,0
2025-03-05T06:00:00,6,3,2,2663,4565.3,7,0
2025-03-05T07:00:00,6,3,5,2661,7981.7,4,0
2025-03-05T08:00:00,6,9,4,2666,4571.9,7,0
2025-03-05T09:00:00,6,15,15,2666,5330.0,6,0
2025-03-05T10:00:00,6,16,13,2669,5336.0,6,0
2025-03-05T11:00:00,6,10,8,2671,8011.6,4,0
2025-03-05T12:00:00,6,17,11,2677,6423.8,5,0
2025-03-05T13:00:00,6,14,10,2681,4023.2,8,0
2025-03-05T14:00:00,6,12,7,2686,5370.7,6,0
2025-03-05T15:00:00,6,14,12,2688,8062.5,4,0
2025-03-05T16:00:00,6,12,9,2691,6456.9,5,0
2025-03-05T17:00:00,6,8,4,2695,16170.8,2,0
2025-03-05T18:00:00,6,5,4,2696,4620.7,7,0
2025-03-05T19:00:00,6,0,0,2696,10785.2,3,0
2025-03-05T20:00:00,6,3,0,2699,8097.4,4,0
2025-03-05T21:00:00,6,1,1,2699,5397.1,6,0
2025-03-05T22:00:00,6,2,2,2699,4628.3,7,0
2025-03-05T23:00:00,6,5,4,2700,5399.4,6,0
2025-03-06T00:00:00,6,0,0,2700,8099.0,4,0
2025-03-06T01:00:00,6,5,2,2703,10810.4,3,0
2025-03-06T02:00:00,6,2,0,2705,4056.7,8,0
2025-03-06T03:00:00,6,1,0,2706,4639.5,7,0
2025-03-06T04:00:00,6,7,3,2710,4645.4,7,0
2025-03-06T05:00:00,6,0,1,2709,4061.8,8,0
2025-03-06T06:00:00,6,3,1,2711,5420.7,6,0
2025-03-06T07:00:00,6,4,3,2712,8137.7,4,0
2025-03-06T08:00:00,6,8,8,2712,4648.8,7,0
2025-03-06T09:00:00,6,14,12,2714,8142.1,4,0
2025-03-06T10:00:00,6,9,6,2717,4076.1,8,0
2025-03-06T11:00:00,6,15,7,2725,8176.3,4,0
2025-03-06T12:00:00,6,13,7,2731,4095.3,8,0
2025-03-06T13:00:00,6,17,13,2735,10941.7,3,0
2025-03-06T14:00:00,6,17,13,2739,6573.5,5,0
2025-03-06T15:00:00,6,12,9,2742,4114.6,8,0
2025-03-06T16:00:00,6,11,6,2747,10989.3,3,0
2025-03-06T17:00:00,6,0,0,2747,16482.2,2,0
2025-03-06T18:00:00,6,4,0,2751,4715.9,7,0
2025-03-06T19:00:00,6,4,7,2748,8245.9,4,0
2025-03-06T20:00:00,6,3,4,2747,6592.2,5,0
2025-03-06T21:00:00,6,7,5,2749,8247.6,4,0
2025-03-06T22:00:00,6,9,3,2755,6613.7,5,0
2025-03-06T23:00:00,6,1,0,2756,4723.6,7,0
2025-03-07T00:00:00,6,4,3,2757,16542.8,2,0
2025-03-07T01:00:00,6,5,5,2757,6618.3,5,0
2025-03-07T02:00:00,6,0,2,2755,4721.3,7,0
2025-03-07T03:00:00,6,5,2,2758,5517.6,6,0
2025-03-07T04:00:00,6,0,0,2758,8275.1,4,0
2025-03-07T05:00:00,6,4,3,2759,4727.8,7,0
2025-03-07T06:00:00,6,0,1,2758,4727.2,7,0
2025-03-07T07:00:00,6,5,4,2759,6620.6,5,0
2025-03-07T08:00:00,6,1,0,2760,4139.3,8,0
2025-03-07T09:00:00,6,11,6,2765,8296.6,4,0
2025-03-07T10:00:00,6,14,10,2769,8308.7,4,0
2025-03-07T11:00:00,6,12,9,2772,16630.4,2,0
2025-03-07T12:00:00,6,17,12,2777,16663.4,2,0
2025-03-07T13:00:00,6,13,9,2781,4766.3,7,0
2025-03-07T14:00:00,6,10,5,2786,4180.8,8,0
2025-03-07T15:00:00,6,13,10,2789,11156.5,3,0
2025-03-07T16:00:00,6,18,17,2790,16741.8,2,0
2025-03-07T17:00:00,6,0,0,2790,8371.8,4,0
2025-03-07T18:00:00,6,3,0,2793,16756.3,2,0
2025-03-07T19:00:00,6,0,0,2793,5585.8,6,0
2025-03-07T20:00:00,6,2,2,2793,16759.7,2,0
2025-03-07T21:00:00,6,5,7,2791,11162.1,3,0
2025-03-07T22:00:00,6,0,0,2791,11166.0,3,0
2025-03-07T23:00:00,6,1,3,2789,4183.2,8,0
2025-03-08T00:00:00,6,3,1,2791,4784.4,7,0
2025-03-08T01:00:00,6,4,4,2791,11162.5,3,0
2025-03-08T02:00:00,6,5,5,2791,4786.0,7,0
2025-03-08T03:00:00,6,0,1,2790,4784.7,7,0
2025-03-08T04:00:00,6,7,1,2796,16774.6,2,0
2025-03-08T05:00:00,6,4,3,2797,4794.8,7,0
2025-03-08T06:00:00,6,4,0,2801,11205.3,3,0
2025-03-08T07:00:00,6,1,0,2802,16812.0,2,0
2025-03-08T08:00:00,6,6,3,2805,4207.7,8,0
2025-03-08T09:00:00,6,17,13,2809,4815.3,7,0
2025-03-08T10:00:00,6,14,11,2812,16871.5,2,0
2025-03-08T11:00:00,6,13,9,2816,4829.3,7,0
2025-03-08T12:00:00,6,18,17,2817,4226.0,8,0
2025-03-08T13:00:00,6,17,10,2824,8470.7,4,0
2025-03-08T14:00:00,6,20,16,2828,16968.0,2,0
2025-03-08T15:00:00,6,13,9,2832,8497.8,4,0
2025-03-08T16:00:00,6,12,10,2834,17004.4,2,0
2025-03-08T17:00:00,6,3,0,2837,6809.3,5,0
2025-03-08T18:00:00,6,8,6,2839,4258.9,8,0
2025-03-08T19:00:00,6,6,2,2843,11373.7,3,0
2025-03-08T20:00:00,6,6,4,2845,5691.4,6,0
2025-03-08T21:00:00,6,7,8,2844,8532.7,4,0
2025-03-08T22:00:00,6,4,1,2847,6831.9,5,0
2025-03-08T23:00:00,6,0,0,2847,4269.2,8,0
2025-03-09T00:00:00,6,1,0,2848,17088.2,2,0
2025-03-09T01:00:00,6,7,3,2852,4889.8,7,0
2025-03-09T02:00:00,6,4,1,2855,8564.2,4,0
2025-03-09T03:00:00,6,1,0,2856,4894.3,7,0
2025-03-09T04:00:00,6,4,5,2855,4893.9,7,0
2025-03-09T05:00:00,6,0,1,2854,4282.4,8,0
2025-03-09T06:00:00,6,8,5,2857,5712.1,6,0
2025-03-09T07:00:00,6,7,7,2857,17142.9,2,0
2025-03-09T08:00:00,6,1,0,2858,4899.0,7,0
2025-03-09T09:00:00,6,16,12,2862,5723.0,6,0
2025-03-09T10:00:00,6,13,12,2863,11453.6,3,0
2025-03-09T11:00:00,6,15,14,2864,5728.3,6,0
2025-03-09T12:00:00,6,15,10,2869,11477.2,3,0
2025-03-09T13:00:00,6,17,12,2874,4311.1,8,0
2025-03-09T14:00:00,6,16,14,2876,8629.8,4,0
2025-03-09T15:00:00,6,20,18,2878,6907.5,5,0
2025-03-09T16:00:00,6,15,14,2879,4320.0,8,0
2025-03-09T17:00:00,6,6,6,2879,11514.9,3,0
2025-03-09T18:00:00,6,2,3,2878,11511.6,3,0
2025-03-09T19:00:00,6,3,1,2880,4320.6,8,0
2025-03-09T20:00:00,6,0,0,2880,11518.6,3,0
2025-03-09T21:00:00,6,2,3,2879,4935.7,7,0
2025-03-09T22:00:00,6,4,1,2882,8644.8,4,0
2025-03-09T23:00:00,6,2,0,2884,4942.8,7,0
2025-03-10T00:00:00,6,3,3,2884,4326.0,8,0
2025-03-10T01:00:00,6,1,0,2885,4946.7,7,0
2025-03-10T02:00:00,6,0,0,2885,11540.3,3,0
2025-03-10T03:00:00,6,3,3,2885,5769.0,6,0
2025-03-10T04:00:00,6,0,4,2881,5761.3,6,0
2025-03-10T05:00:00,6,3,0,2884,4324.6,8,0
2025-03-10T06:00:00,6,0,0,2884,6920.5,5,0
2025-03-10T07:00:00,6,6,2,2888,5776.4,6,0
2025-03-10T08:00:00,6,3,0,2891,4955.1,7,0
2025-03-10T09:00:00,6,10,10,2891,6938.7,5,0
2025-03-10T10:00:00,6,16,15,2892,4959.3,7,0
2025-03-10T11:00:00,6,19,12,2899,8695.7,4,0
2025-03-10T12:00:00,6,19,14,2904,6968.3,5,0
2025-03-10T13:00:00,6,13,13,2904,8713.0,4,0
2025-03-10T14:00:00,6,15,10,2909,8725.0,4,0
2025-03-10T15:00:00,6,14,7,2916,11664.5,3,0
2025-03-10T16:00:00,6,16,11,2921,17527.2,2,0
2025-03-10T17:00:00,6,0,0,2921,17524.2,2,0
2025-03-10T18:00:00,6,4,3,2922,5007.4,7,0
2025-03-10T19:00:00,6,9,7,2924,4387.1,8,0
2025-03-10T20:00:00,6,0,0,2924,11694.9,3,0
2025-03-10T21:00:00,6,1,0,2925,8773.8,4,0
2025-03-10T22:00:00,6,6,6,2925,17548.2,2,0
2025-03-10T23:00:00,6,7,5,2927,5019.4,7,0
2025-03-11T00:00:00,6,0,1,2926,17556.4,2,0
2025-03-11T01:00:00,6,3,3,2926,11705.0,3,0
2025-03-11T02:00:00,6,7,6,2927,8782.9,4,0
2025-03-11T03:00:00,6,6,1,2932,11727.9,3,0
2025-03-11T04:00:00,6,5,3,2934,8803.7,4,0
2025-03-11T05:00:00,6,4,0,2938,17628.7,2,0
2025-03-11T06:00:00,6,0,0,2938,7049.6,5,0
2025-03-11T07:00:00,6,2,4,2936,5033.3,7,0
2025-03-11T08:00:00,6,2,0,2938,8814.1,4,0
2025-03-11T09:00:00,6,15,13,2940,4410.6,8,0
2025-03-11T10:00:00,6,17,13,2944,5048.6,7,0
2025-03-11T11:00:00,6,16,12,2948,8845.0,4,0
2025-03-11T12:00:00,6,12,12,2948,8842.5,4,0
2025-03-11T13:00:00,6,21,19,2950,8849.4,4,0
2025-03-11T14:00:00,6,15,11,2954,7089.4,5,0
2025-03-11T15:00:00,6,14,11,2957,11826.3,3,0
2025-03-11T16:00:00,6,16,10,2963,7112.0,5,0
2025-03-11T17:00:00,6,4,2,2965,8893.9,4,0
2025-03-11T18:00:00,6,0,3,2962,5077.8,7,0
2025-03-11T19:00:00,6,5,4,2963,17777.8,2,0
2025-03-11T20:00:00,6,0,0,2963,5927.7,6,0
2025-03-11T21:00:00,6,3,4,2962,17771.5,2,0
2025-03-11T22:00:00,6,3,1,2964,11854.6,3,0
2025-03-11T23:00:00,6,3,6,2961,17765.9,2,0
2025-03-12T00:00:00,6,6,2,2965,11858.4,3,0
2025-03-12T01:00:00,6,4,2,2967,8900.8,4,0
2025-03-12T02:00:00,6,6,3,2970,8911.3,4,0
2025-03-12T03:00:00,6,5,1,2974,5947.6,6,0
2025-03-12T04:00:00,6,4,3,2975,7140.2,5,0
2025-03-12T05:00:00,6,5,2,2978,5103.9,7,0
2025-03-12T06:00:00,6,0,1,2977,8929.1,4,0
2025-03-12T07:00:00,6,6,4,2979,17875.1,2,0
2025-03-12T08:00:00,6,2,4,2977,4463.8,8,0
2025-03-12T09:00:00,6,10,9,2978,5105.3,7,0
2025-03-12T10:00:00,6,14,10,2982,5110.3,7,0
2025-03-12T11:00:00,6,8,8,2982,11929.2,3,0
2025-03-12T12:00:00,6,19,15,2986,5118.1,7,0
2025-03-12T13:00:00,6,14,11,2989,7174.3,5,0
2025-03-12T14:00:00,6,8,5,2992,8976.3,4,0
2025-03-12T15:00:00,6,13,7,2998,17989.1,2,0
2025-03-12T16:00:00,6,17,14,3001,4503.2,8,0
2025-03-12T17:00:00,6,2,0,3003,5147.3,7,0
2025-03-12T18:00:00,6,4,3,3004,9010.6,4,0
2025-03-12T19:00:00,6,0,1,3003,7206.7,5,0
2025-03-12T20:00:00,6,4,5,3002,9007.0,4,0
2025-03-12T21:00:00,6,5,3,3004,18022.8,2,0
2025-03-12T22:00:00,6,4,1,3007,12029.0,3,0
2025-03-12T23:00:00,6,0,0,3007,9021.1,4,0
2025-03-13T00:00:00,6,7,7,3007,7216.9,5,0
2025-03-13T01:00:00,6,4,4,3007,18042.2,2,0
2025-03-13T02:00:00,6,5,8,3004,5149.9,7,0
2025-03-13T03:00:00,6,2,0,3006,4507.8,8,0
2025-03-13T04:00:00,6,6,2,3010,4515.0,8,0
2025-03-13T05:00:00,6,2,1,3011,9034.9,4,0
2025-03-13T06:00:00,6,6,2,3015,12059.2,3,0
2025-03-13T07:00:00,6,2,0,3017,5171.9,7,0
2025-03-13T08:00:00,6,2,3,3016,5169.8,7,0
2025-03-13T09:00:00,6,13,7,3022,7253.5,5,0
2025-03-13T10:00:00,6,15,12,3025,5186.0,7,0
2025-03-13T11:00:00,6,15,10,3030,5192.4,7,0
2025-03-13T12:00:00,6,16,13,3033,9098.5,4,0
2025-03-13T13:00:00,6,9,8,3034,12136.6,3,0
2025-03-13T14:00:00,6,14,13,3035,4554.4,8,0
2025-03-13T15:00:00,6,15,11,3039,9116.5,4,0
2025-03-13T16:00:00,6,13,12,3040,6078.2,6,0
2025-03-13T17:00:00,6,6,4,3042,4564.7,8,0
2025-03-13T18:00:00,6,0,0,3042,18250.7,2,0
2025-03-13T19:00:00,6,0,1,3041,4563.4,8,0
2025-03-13T20:00:00,6,4,4,3041,4560.4,8,0
2025-03-13T21:00:00,6,6,5,3042,9126.3,4,0
2025-03-13T22:00:00,6,9,5,3046,18276.6,2,0
2025-03-13T23:00:00,6,3,3,3046,7309.1,5,0
2025-03-14T00:00:00,6,7,4,3049,6098.5,6,0
2025-03-14T01:00:00,6,0,0,3049,12197.5,3,0
2025-03-14T02:00:00,6,3,0,3052,6102.1,6,0
2025-03-14T03:00:00,6,5,8,3049,6096.9,6,0
2025-03-14T04:00:00,6,5,0,3054,12214.6,3,0
2025-03-14T05:00:00,6,2,3,3053,5233.6,7,0
2025-03-14T06:00:00,6,0,1,3052,7325.3,5,0
2025-03-14T07:00:00,6,5,5,3052,9155.6,4,0
2025-03-14T08:00:00,6,4,0,3056,4584.6,8,0
2025-03-14T09:00:00,6,12,10,3058,6116.1,6,0
2025-03-14T10:00:00,6,18,18,3058,6115.7,6,0
2025-03-14T11:00:00,6,19,14,3063,5249.6,7,0
2025-03-14T12:00:00,6,16,13,3066,7357.6,5,0
2025-03-14T13:00:00,6,17,13,3070,12280.2,3,0
2025-03-14T14:00:00,6,14,13,3071,6143.1,6,0
2025-03-14T15:00:00,6,15,9,3077,7386.4,5,0
2025-03-14T16:00:00,6,12,10,3079,18475.6,2,0
2025-03-14T17:00:00,6,1,0,3080,18480.3,2,0
2025-03-14T18:00:00,6,2,1,3081,7393.2,5,0
2025-03-14T19:00:00,6,4,0,3085,7402.1,5,0
2025-03-14T20:00:00,6,0,0,3085,12339.7,3,0
2025-03-14T21:00:00,6,2,0,3087,12348.5,3,0
2025-03-14T22:00:00,6,0,0,3087,5290.2,7,0
2025-03-14T23:00:00,6,2,3,3086,9257.3,4,0
2025-03-15T00:00:00,6,1,0,3087,4631.6,8,0
2025-03-15T01:00:00,6,6,6,3087,18523.9,2,0
2025-03-15T02:00:00,6,2,0,3089,18532.8,2,0
2025-03-15T03:00:00,6,0,0,3089,9265.3,4,0
2025-03-15T04:00:00,6,6,1,3094,18564.1,2,0
2025-03-15T05:00:00,6,5,2,3097,18582.3,2,0
2025-03-15T06:00:00,6,7,8,3096,6192.3,6,0
2025-03-15T07:00:00,6,4,0,3100,7438.8,5,0
2025-03-15T08:00:00,6,2,3,3099,18592.7,2,0
2025-03-15T09:00:00,6,15,11,3103,12413.0,3,0
2025-03-15T10:00:00,6,19,18,3104,18623.9,2,0
2025-03-15T11:00:00,6,17,10,3111,9332.4,4,0
2025-03-15T12:00:00,6,15,11,3115,9344.2,4,0
2025-03-15T13:00:00,6,16,14,3117,4674.0,8,0
2025-03-15T14:00:00,6,14,12,3119,7483.8,5,0
2025-03-15T15:00:00,6,11,8,3122,7491.0,5,0
2025-03-15T16:00:00,6,13,10,3125,12498.9,3,0
2025-03-15T17:00:00,6,0,0,3125,9374.4,4,0
2025-03-15T18:00:00,6,1,4,3122,6242.7,6,0
2025-03-15T19:00:00,6,5,5,3122,7491.5,5,0
2025-03-15T20:00:00,6,5,4,3123,9368.8,4,0
2025-03-15T21:00:00,6,0,0,3123,5352.3,7,0
2025-03-15T22:00:00,6,4,3,3124,12497.0,3,0
2025-03-15T23:00:00,6,0,0,3124,12496.7,3,0
2025-03-16T00:00:00,6,5,3,3126,18756.7,2,0
2025-03-16T01:00:00,6,2,1,3127,9379.9,4,0
2025-03-16T02:00:00,6,2,0,3129,9386.1,4,0
2025-03-16T03:00:00,6,2,1,3130,12519.0,3,0
2025-03-16T04:00:00,6,4,0,3134,7520.9,5,0
2025-03-16T05:00:00,6,6,5,3135,9406.6,4,0
2025-03-16T06:00:00,6,7,3,3139,9418.5,4,0
2025-03-16T07:00:00,6,7,8,3138,12552.6,3,0
2025-03-16T08:00:00,6,2,5,3135,12538.6,3,0
2025-03-16T09:00:00,6,15,14,3136,4702.1,8,0
2025-03-16T10:00:00,6,15,10,3141,12564.1,3,0
2025-03-16T11:00:00,6,12,10,3143,4713.3,8,0
2025-03-16T12:00:00,6,11,9,3145,6289.7,6,0
2025-03-16T13:00:00,6,15,9,3151,6302.7,6,0
2025-03-16T14:00:00,6,13,8,3156,5411.5,7,0
2025-03-16T15:00:00,6,17,14,3159,12634.1,3,0
2025-03-16T16:00:00,6,18,13,3164,4746.6,8,0
2025-03-16T17:00:00,6,1,0,3165,7594.5,5,0
2025-03-16T18:00:00,6,5,3,3167,6334.8,6,0
2025-03-16T19:00:00,6,5,4,3168,4752.4,8,0
2025-03-16T20:00:00,6,5,5,3168,12671.1,3,0
2025-03-16T21:00:00,6,0,2,3166,18995.9,2,0
2025-03-16T22:00:00,6,5,1,3170,6340.0,6,0
2025-03-16T23:00:00,6,1,0,3171,12685.3,3,0
2025-03-17T00:00:00,6,8,6,3173,19039.8,2,0
2025-03-17T01:00:00,6,2,5,3170,19019.6,2,0
2025-03-17T02:00:00,6,3,6,3167,7599.8,5,0
2025-03-17T03:00:00,6,2,1,3168,5431.8,7,0
2025-03-17T04:00:00,6,2,5,3165,6329.4,6,0
2025-03-17T05:00:00,6,2,1,3166,18996.9,2,0
2025-03-17T06:00:00,6,0,0,3166,6330.4,6,0
2025-03-17T07:00:00,6,0,0,3166,9496.4,4,0
2025-03-17T08:00:00,6,2,2,3166,4749.5,8,0
2025-03-17T09:00:00,6,16,13,3169,4751.7,8,0
2025-03-17T10:00:00,6,11,8,3172,6343.5,6,0
2025-03-17T11:00:00,6,14,10,3176,6350.8,6,0
2025-03-17T12:00:00,6,8,3,3181,12723.9,3,0
2025-03-17T13:00:00,6,20,18,3183,6367.7,6,0
2025-03-17T14:00:00,6,13,10,3186,9558.7,4,0
2025-03-17T15:00:00,6,17,12,3191,9573.5,4,0
2025-03-17T16:00:00,6,13,8,3196,4795.8,8,0
2025-03-17T17:00:00,6,3,0,3199,12794.1,3,0
2025-03-17T18:00:00,6,1,0,3200,7681.1,5,0
2025-03-17T19:00:00,6,5,3,3202,9604.0,4,0
2025-03-17T20:00:00,6,1,0,3203,19216.3,2,0
2025-03-17T21:00:00,6,5,3,3205,5494.7,7,0
2025-03-17T22:00:00,6,4,2,3207,5497.6,7,0
2025-03-17T23:00:00,6,1,0,3208,9624.6,4,0
2025-03-18T00:00:00,6,5,5,3208,5498.2,7,0
2025-03-18T01:00:00,6,0,0,3208,4813.2,8,0
2025-03-18T02:00:00,6,3,4,3207,5496.1,7,0
2025-03-18T03:00:00,6,4,4,3207,4811.2,8,0
2025-03-18T04:00:00,6,7,2,3212,4816.3,8,0
2025-03-18T05:00:00,6,3,3,3212,19271.3,2,0
2025-03-18T06:00:00,6,2,4,3210,12839.6,3,0
2025-03-18T07:00:00,6,4,4,3210,4815.9,8,0
2025-03-18T08:00:00,6,6,3,3213,6425.4,6,0
2025-03-18T09:00:00,6,15,10,3218,6434.0,6,0
2025-03-18T10:00:00,6,12,11,3219,7727.3,5,0
2025-03-18T11:00:00,6,20,15,3224,5526.0,7,0
2025-03-18T12:00:00,6,14,9,3229,12917.4,3,0
2025-03-18T13:00:00,6,11,8,3232,6466.0,6,0
2025-03-18T14:00:00,6,18,10,3240,5555.3,7,0
2025-03-18T15:00:00,6,12,8,3244,19463.3,2,0
2025-03-18T16:00:00,6,9,9,3244,6488.8,6,0
2025-03-18T17:00:00,6,0,0,3244,19463.2,2,0
2025-03-18T18:00:00,6,0,0,3244,6488.2,6,0
2025-03-18T19:00:00,6,1,0,3245,6490.0,6,0
2025-03-18T20:00:00,6,5,4,3246,19475.0,2,0
2025-03-18T21:00:00,6,0,1,3245,9735.2,4,0
2025-03-18T22:00:00,6,0,0,3245,7788.6,5,0
2025-03-18T23:00:00,6,2,0,3247,12988.4,3,0
2025-03-19T00:00:00,6,9,6,3250,13001.7,3,0
2025-03-19T01:00:00,6,5,2,3253,9757.8,4,0
2025-03-19T02:00:00,6,6,3,3256,9767.8,4,0
2025-03-19T03:00:00,6,5,6,3255,6508.5,6,0
2025-03-19T04:00:00,6,3,2,3256,5581.7,7,0
2025-03-19T05:00:00,6,3,2,3257,19540.8,2,0
2025-03-19T06:00:00,6,6,7,3256,19535.2,2,0
2025-03-19T07:00:00,6,4,4,3256,19534.5,2,0
2025-03-19T08:00:00,6,4,2,3258,5585.8,7,0
2025-03-19T09:00:00,6,14,12,3260,6521.5,6,0
2025-03-19T10:00:00,6,8,5,3263,6526.1,6,0
2025-03-19T11:00:00,6,9,6,3266,9798.6,4,0
2025-03-19T12:00:00,6,13,15,3264,5596.3,7,0
2025-03-19T13:00:00,6,12,8,3268,4903.5,8,0
2025-03-19T14:00:00,6,19,12,3275,9826.3,4,0
2025-03-19T15:00:00,6,13,11,3277,6554.4,6,0
2025-03-19T16:00:00,6,12,12,3277,13108.5,3,0
2025-03-19T17:00:00,6,7,3,3281,9843.3,4,0
2025-03-19T18:00:00,6,5,7,3279,19672.5,2,0
2025-03-19T19:00:00,6,0,0,3279,19674.8,2,0
2025-03-19T20:00:00,6,2,0,3281,13122.4,3,0
2025-03-19T21:00:00,6,0,1,3280,4921.5,8,0
2025-03-19T22:00:00,6,6,4,3282,7878.7,5,0
2025-03-19T23:00:00,6,5,2,3285,7883.1,5,0
2025-03-20T00:00:00,6,5,6,3284,7881.9,5,0
2025-03-20T01:00:00,6,12,9,3287,4929.3,8,0
2025-03-20T02:00:00,6,5,0,3292,5642.5,7,0
2025-03-20T03:00:00,6,1,1,3292,4936.4,8,0
2025-03-20T04:00:00,6,4,3,3293,4941.2,8,0
2025-03-20T05:00:00,6,4,2,3295,13178.6,3,0
2025-03-20T06:00:00,6,5,5,3295,7909.0,5,0
2025-03-20T07:00:00,6,4,1,3298,6597.7,6,0
2025-03-20T08:00:00,6,6,7,3297,19781.9,2,0
2025-03-20T09:00:00,6,10,5,3302,7925.1,5,0
2025-03-20T10:00:00,6,15,14,3303,7927.7,5,0
2025-03-20T11:00:00,6,18,16,3305,4959.4,8,0
2025-03-20T12:00:00,6,17,13,3309,19852.0,2,0
2025-03-20T13:00:00,6,10,8,3311,9933.7,4,0
2025-03-20T14:00:00,6,18,17,3312,19871.2,2,0
2025-03-20T15:00:00,6,17,12,3317,7962.8,5,0
2025-03-20T16:00:00,6,20,17,3320,4980.4,8,0
2025-03-20T17:00:00,6,9,6,3323,4984.7,8,0
2025-03-20T18:00:00,6,2,2,3323,13293.2,3,0
2025-03-20T19:00:00,6,7,4,3326,7980.6,5,0
2025-03-20T20:00:00,6,4,0,3330,13320.4,3,0
2025-03-20T21:00:00,6,4,4,3330,19981.6,2,0
2025-03-20T22:00:00,6,6,7,3329,19972.6,2,0
2025-03-20T23:00:00,6,2,0,3331,4996.9,8,0
2025-03-21T00:00:00,6,1,1,3331,4995.0,8,0
2025-03-21T01:00:00,6,0,2,3329,9985.8,4,0
2025-03-21T02:00:00,6,4,5,3328,5707.1,7,0
2025-03-21T03:00:00,6,5,6,3327,13306.7,3,0
2025-03-21T04:00:00,6,1,1,3327,7982.8,5,0
2025-03-21T05:00:00,6,2,1,3328,13311.3,3,0
2025-03-21T06:00:00,6,4,1,3331,7992.9,5,0
2025-03-21T07:00:00,6,4,2,3333,5001.2,8,0
2025-03-21T08:00:00,6,5,0,3338,13353.2,3,0
2025-03-21T09:00:00,6,11,11,3338,6674.9,6,0
2025-03-21T10:00:00,6,14,13,3339,5010.3,8,0
2025-03-21T11:00:00,6,13,11,3341,10024.2,4,0
2025-03-21T12:00:00,6,18,12,3347,8034.6,5,0
2025-03-21T13:00:00,6,17,13,3351,13402.3,3,0
2025-03-21T14:00:00,6,13,11,3353,10059.0,4,0
2025-03-21T15:00:00,6,12,9,3356,13425.4,3,0
2025-03-21T16:00:00,6,11,7,3360,8065.0,5,0
2025-03-21T17:00:00,6,0,4,3356,13424.0,3,0
2025-03-21T18:00:00,6,1,0,3357,10071.1,4,0
2025-03-21T19:00:00,6,3,2,3358,8060.8,5,0
2025-03-21T20:00:00,6,2,2,3358,6716.6,6,0
2025-03-21T21:00:00,6,3,2,3359,10077.5,4,0
2025-03-21T22:00:00,6,0,2,3357,13427.4,3,0
2025-03-21T23:00:00,6,3,0,3360,5041.8,8,0
2025-03-22T00:00:00,6,0,0,3360,5759.4,7,0
2025-03-22T01:00:00,6,0,0,3360,20159.2,2,0
2025-03-22T02:00:00,6,8,5,3363,5044.4,8,0
2025-03-22T03:00:00,6,3,1,3365,5768.2,7,0
2025-03-22T04:00:00,6,2,0,3367,13469.3,3,0
2025-03-22T05:00:00,6,6,0,3373,5058.9,8,0
2025-03-22T06:00:00,6,2,1,3374,5059.6,8,0
2025-03-22T07:00:00,6,4,3,3375,10126.7,4,0
2025-03-22T08:00:00,6,2,0,3377,20263.5,2,0
2025-03-22T09:00:00,6,14,11,3380,8110.9,5,0
2025-03-22T10:00:00,6,16,11,3385,5802.3,7,0
2025-03-22T11:00:00,6,8,10,3383,20297.9,2,0
2025-03-22T12:00:00,6,14,11,3386,5805.3,7,0
2025-03-22T13:00:00,6,12,10,3388,6777.8,6,0
2025-03-22T14:00:00,6,16,12,3392,10174.8,4,0
2025-03-22T15:00:00,6,15,12,3395,20370.5,2,0
2025-03-22T16:00:00,6,20,18,3397,6793.7,6,0
2025-03-22T17:00:00,6,1,2,3396,8148.5,5,0
2025-03-22T18:00:00,6,2,5,3393,8143.0,5,0
2025-03-22T19:00:00,6,4,0,3397,6792.1,6,0
2025-03-22T20:00:00,6,6,6,3397,20383.8,2,0
2025-03-22T21:00:00,6,4,3,3398,5823.9,7,0
2025-03-22T22:00:00,6,4,6,3396,6792.2,6,0
2025-03-22T23:00:00,6,4,1,3399,5097.0,8,0
2025-03-23T00:00:00,6,0,4,3395,10186.2,4,0
2025-03-23T01:00:00,6,2,1,3396,6792.0,6,0
2025-03-23T02:00:00,6,4,3,3397,20382.9,2,0
2025-03-23T03:00:00,6,3,4,3396,10186.3,4,0
2025-03-23T04:00:00,6,5,4,3397,20382.9,2,0
2025-03-23T05:00:00,6,4,4,3397,5096.2,8,0
2025-03-23T06:00:00,6,5,5,3397,6793.3,6,0
2025-03-23T07:00:00,6,9,5,3401,20404.6,2,0
2025-03-23T08:00:00,6,5,2,3404,5107.0,8,0
2025-03-23T09:00:00,6,12,10,3406,10217.7,4,0
2025-03-23T10:00:00,6,19,14,3411,6820.8,6,0
2025-03-23T11:00:00,6,13,8,3416,10246.2,4,0
2025-03-23T12:00:00,6,15,11,3420,20519.5,2,0
2025-03-23T13:00:00,6,12,7,3425,10276.4,4,0
2025-03-23T14:00:00,6,13,13,3425,20549.0,2,0
2025-03-23T15:00:00,6,13,11,3427,13707.4,3,0
2025-03-23T16:00:00,6,13,12,3428,8225.7,5,0
2025-03-23T17:00:00,6,1,0,3429,8227.7,5,0
2025-03-23T18:00:00,6,5,5,3429,13714.3,3,0
2025-03-23T19:00:00,6,8,6,3431,5146.6,8,0
2025-03-23T20:00:00,6,5,7,3429,13714.8,3,0
2025-03-23T21:00:00,6,2,4,3427,13707.6,3,0
2025-03-23T22:00:00,6,6,9,3424,10272.6,4,0
2025-03-23T23:00:00,6,5,4,3425,20548.5,2,0
2025-03-24T00:00:00,6,1,1,3425,20550.0,2,0
2025-03-24T01:00:00,6,3,3,3425,6850.7,6,0
2025-03-24T02:00:00,6,7,3,3429,8228.8,5,0
2025-03-24T03:00:00,6,0,0,3429,5144.6,8,0
2025-03-24T04:00:00,6,5,5,3429,6857.3,6,0
2025-03-24T05:00:00,6,4,3,3430,8233.9,5,0
2025-03-24T06:00:00,6,2,1,3431,8233.7,5,0
2025-03-24T07:00:00,6,4,6,3429,5143.8,8,0
2025-03-24T08:00:00,6,5,5,3429,10287.2,4,0
2025-03-24T09:00:00,6,18,13,3434,8241.8,5,0
2025-03-24T10:00:00,6,23,15,3442,20651.3,2,0
2025-03-24T11:00:00,6,12,10,3444,5167.9,8,0
2025-03-24T12:00:00,6,14,14,3444,8264.0,5,0
2025-03-24T13:00:00,6,16,12,3448,6897.1,6,0
2025-03-24T14:00:00,6,15,8,3455,8290.0,5,0
2025-03-24T15:00:00,6,11,2,3464,10391.9,4,0
2025-03-24T16:00:00,6,20,17,3467,5942.2,7,0
2025-03-24T17:00:00,6,6,0,3473,5208.4,8,0
2025-03-24T18:00:00,6,8,2,3479,5218.1,8,0
2025-03-24T19:00:00,6,1,1,3479,8348.3,5,0
2025-03-24T20:00:00,6,2,3,3478,13910.4,3,0
2025-03-24T21:00:00,6,2,0,3480,5220.9,8,0
2025-03-24T22:00:00,6,2,4,3478,6957.9,6,0
2025-03-24T23:00:00,6,5,0,3483,5223.9,8,0
2025-03-25T00:00:00,6,4,1,3486,5977.9,7,0
2025-03-25T01:00:00,6,3,3,3486,13944.2,3,0
2025-03-25T02:00:00,6,2,0,3488,10462.6,4,0
2025-03-25T03:00:00,6,4,5,3487,5975.8,7,0
2025-03-25T04:00:00,6,4,5,3486,5977.3,7,0
2025-03-25T05:00:00,6,3,1,3488,8369.8,5,0
2025-03-25T06:00:00,6,1,0,3489,5234.5,8,0
2025-03-25T07:00:00,6,0,0,3489,10467.4,4,0
